[
   {
      "id": "6285864459374@s.whatsapp.net",
      "key": "HARGA PANEL",
      "response": "PANEL PROMO •\n\n🌐2 GB / 50% CPU\nRp 5.000.00/1 Bulan\n\n🌐4 GB / 70% CPU\nRp 10.000.00/1 Bulan\n\n🌐6 GB / 90% CPU\nRp 15.000.00/1 Bulan\n\n🌐 Panel Unlimited Ram/Cpu\nRp 20.000.00/1 Bulan",
      "isImage": false,
      "image_url": "-"
   },
   {
      "id": "6285864459374@s.whatsapp.net",
      "key": "NOKOS (WHATSAPP)",
      "response": "Berikut List Harga Nomor Otp\n(WhatsApp)\n\n• 👤 INDO : 5.000/NOMOR\n• 👤 USA : 6.000/NOMOR\n• 👤 KENYA : 4.000/NOMOR\n• DLL.. JIKA STOCK HABIS BISA TANYA KEPADA GUA APA YG MASIH ADA NANTI GUA JAWAB!\n\n©DyyStore",
      "isImage": false,
      "image_url": "-"
   },
   {
      "id": "6285864459374@s.whatsapp.net",
      "key": "SC BOT (MD)",
      "response": " FITUR BANYAK\n\nDOWNLOADER\nNSFW\nIMAGE\nANIME\nDLL....\n\nAPI KEY NO LIMIT\nFITUR ADA 400+\n\nTAMPILAN KECE ABIS\nMINAT? CHAT OWNER KU",
      "isImage": false,
      "image_url": "-"
   },
   {
      "id": "120363051271963876@g.us",
      "key": "HARGA PANEL",
      "response": "PANEL PROMO •\n\n🌐2 GB / 50% CPU\nRp 5.000.00/1 Bulan\n\n🌐4 GB / 70% CPU\nRp 10.000.00/1 Bulan\n\n🌐6 GB / 90% CPU\nRp 15.000.00/1 Bulan\n\n🌐 Panel Unlimited Ram/Cpu\nRp 20.000.00/1 Bulan",
      "isImage": false,
      "image_url": "-"
   },
   {
      "id": "120363051271963876@g.us",
      "key": "BUY OTP (WHATSAPP)",
      "response": "Berikut List Harga Nomor Otp\n(WhatsApp)\n\n• 👤 INDO : 5.000/NOMOR\n• 👤 USA : 7.000/NOMOR\n• 👤 KENYA : 4.000/NOMOR\n• DLL.. JIKA STOCK HABIS BISA TANYA KEPADA GUA APA YG MASIH ADA NANTI GUA JAWAB!\n\n©DyyStore",
      "isImage": false,
      "image_url": "-"
   },
   {
      "id": "120363051271963876@g.us",
      "key": "BUY SC BOT",
      "response": "BERIKUT LIST SC BOT YANG OWNER PUNYA\n\n- SC BOT MD FITUR 400+\n- SC STORE\n- SC CREATE PANEL\n\nMINAT? BISA PM OWNER!",
      "isImage": false,
      "image_url": "-"
   }
]