{"version":20,"hash":{"type":"Buffer","data":"vfy5qhX2Vn82iGoC+31yGXlB9RyzcrdZ+H8cK19ai5C6I2Y8ipVx6Ue4IFQaffobHZCS9upSKorvXTlnZe9GMDPHoFF//KsMUJrmnGymlY6XRpFDQrJZNoOqPB6b/rMYICvO98SJPw01/nBavG8vCz47jDmezqF2hm5J7pZjbfM="},"indexValueMap":{"ZTfl8iiemkzd3oZUwzoszDn+YYlmDCOezEs0e01pcBo=":{"valueMac":{"type":"Buffer","data":"G3Hrr/WRcGpffQ9qS7L+391LyPAVmO7GMOiqceXoHi8="}},"407Qh0X0Hr2behYxmz3dM0sKZDyxSg6ZlPKY9SEy0IY=":{"valueMac":{"type":"Buffer","data":"RR6Rv+nHvkunvzgxaxfAmSbBMqVSLj4istNL4olEv6s="}},"HKbagCYJIq9d76naKekkaQ1gmGhuVETmAHSrKX6gL3M=":{"valueMac":{"type":"Buffer","data":"/FLR8AF3mArOKMVf4unanCFhHYXPfVn4/BWby1PGlek="}},"rNZoOLu5YwzfW3WdmKW2nmPu26CGeFAf/8tB8a9jxjA=":{"valueMac":{"type":"Buffer","data":"F+n9cTcfnzsbKm4eldqt9CR2wKF2M82ZbcUvp+XaBd4="}},"2OwWlMlTkQIWbgZHOvsWLAzMItZoXoqhFqnctNPawtI=":{"valueMac":{"type":"Buffer","data":"PRBWzKFyub6Tg1WqvdZ/2229UmmafEMUPnsgwPNot8E="}},"aGJJKJI2YKBtBvyrr6AAKmy4LeZa12e7qKx0yexfIZ8=":{"valueMac":{"type":"Buffer","data":"U35TfhropP8lOSgR4QbK9kdTIf+CxywojIarifVUTOM="}},"lcjSlCSR/bzwMiyqGYVJQjM0cZl1u0wvDr1rwc++3hw=":{"valueMac":{"type":"Buffer","data":"CwiDW3zUYZUfTFmlM0QxillBstVMtyGx/yUv6AYbg7g="}},"QaZSQeGVBl2uhpLB0EKnsHZF6rjs15CbcMuLUKmdvws=":{"valueMac":{"type":"Buffer","data":"Ek6uVoHcWeOlURCqysUVEnGI7TH3EGxVfsgEYcEyR1w="}},"d+5YgQrxF06ArhdxMNYU1WZzjqj6smacRzQ/pwyePk8=":{"valueMac":{"type":"Buffer","data":"uByRAXPVCrFJXdAuAQ8xqZ12ZuwSk/QwSp1xNLTacBI="}},"SFwVCeHreYBo/sMkE+bikbCTQ6jJ83OhT5N2lo1WIPQ=":{"valueMac":{"type":"Buffer","data":"ULcvkg56L5hq2t323FKTcO1dccUSqNGp0Z0ux16w9KM="}},"Gl1dseU+khW2nrBw5xgS2ItN7Oru0QyTQkykyA1dDRY=":{"valueMac":{"type":"Buffer","data":"KKblHweHcQFDb51v4AMd6YdU05+b//ukY2B3fEYvaw4="}},"mOE31N45OKjVgsaCGrqAvAYahUspyTQiY3afDeQx2hE=":{"valueMac":{"type":"Buffer","data":"2kJ5GrUogFgZHgmxyvbTexLJwnFCOqPror+cJekdkgw="}},"ZoqMF2OW+fNoXjhZLo5jaNQMObVtArW/jaJ4CWkJglM=":{"valueMac":{"type":"Buffer","data":"eT1f8DzGFau+4IfLg4dy5XIengpYx1kfXfUmcOJYBgQ="}},"AsMNYco4ABRJgz2CllGik3lJ3pXEQnricrC972s9mUQ=":{"valueMac":{"type":"Buffer","data":"xuLQ7yZ/D4qoL9qkKTwn8uENgUiSG9SWKsl0apGcQ60="}},"eU1OFXxZ3Mkg71/ltXICkmi/AtUCdFb+utHrVLXngCM=":{"valueMac":{"type":"Buffer","data":"xvITGB2bOg3tkNiEh7TZh6p7/Clj0bQzogDlgJCmGDo="}},"9IWb+mqeMn1a3+iTNvWHD8od7TKb+vmgxQPdNCuUa3o=":{"valueMac":{"type":"Buffer","data":"Gu6Gy1UiWYUps/HzHG0yg9P7N3cfCIQgYm6sSp9p6lk="}},"HMtaq/Lb2mC5BbmzLEJ6Rs/N9UcnOqvC4zinqcX1Is4=":{"valueMac":{"type":"Buffer","data":"msDED3+VMPqK6zksnBeveh3jj8+3BgcKE8jQqw+2SSM="}},"oerxd7niLjxxQa48KJY1Ok49Tn8fBW6ywqTDNHejMic=":{"valueMac":{"type":"Buffer","data":"sO0vJbQoNJ2wF7Hy4QsoRLqHDnftMamwIVurRyL5H+o="}},"uEtP+gqS7Xeb0NRiJ8ZLBQUj2cLEeiVfPDaFOUq5cj4=":{"valueMac":{"type":"Buffer","data":"FalhmVbVUSnUgP0UD+myUCShrQoI4E9dt1aBLin8/40="}},"GdaTtps+pXG4QUYPp7fE1kySuQHZ71iT1tdKpRmgiRw=":{"valueMac":{"type":"Buffer","data":"Z0rAcUc3VDkytm6V3o9ANW3QQq1UOFf96i5MYQkYj4k="}}}}