{"version":2,"hash":{"type":"Buffer","data":"mTliKhi6YGjT+BZOAsv+SXj2RTHKgMBf2AqL6HMxFW74BgCA07jttT5Z2BGrRRZk/Csxk+Vg+XYtfBV8OTuYuEtZliM/X36FDU8a5abSExG2+CaxXkULpSUd8ZiSyj2wvYdsRdeV1bfH0uBzCdtpbeIdjB5/PGoAYgk9QbHVbM4="},"indexValueMap":{"OMIK9ssmXNLsbBLzQwMwjLbxWveJmbzQF+MRGJ+BzBs=":{"valueMac":{"type":"Buffer","data":"joV192hcdZTdXK55tpGXkx8OBhOfPGnmFc+drhQPqfY="}},"b03z5CvLMvZlwdLuON1Ua9hPmR4Y9saKN054f7H4LYQ=":{"valueMac":{"type":"Buffer","data":"DUHXPrNwxNNrZml4J/Hi1bIbrqNGsc7vgRWDvZgQ7tM="}},"hOMuZoisEQ8Q5LxEI5vF7xsFXIcgbWiwxeO2i/o/wqI=":{"valueMac":{"type":"Buffer","data":"a28hcKtR7VeXauVvHSAYWnoLKDTEwUUrI+3N1tdT1MY="}},"k5XdCpzFYEP9wVjxWHEaG5Rfz9lWmhaExBDthrnY8CU=":{"valueMac":{"type":"Buffer","data":"6Z9Um63cx+Qb9qW85O1uEBOOm94hJvfrfB+Usr5hO04="}},"ovoEkw7MJbNrJR/gFh3+QcR1pE3/1Y7FC9k5WmLGl0w=":{"valueMac":{"type":"Buffer","data":"Du8HienECgBMNROsH6YN3kl0BmINPm8zYhj1CKfsYZc="}}}}