{"noiseKey":{"private":{"type":"Buffer","data":"+GX7KCeRY22wHMkdLg7VnssRr573+2BIii/OU/qdZlY="},"public":{"type":"Buffer","data":"ZLvl2hVvhKeMhSgCM26S/I8OsfjQ2opiTgeFZJ1vViA="}},"signedIdentityKey":{"private":{"type":"Buffer","data":"8MoIT/N3O+m256NWfqL1Ej9P7n2eikPjDquElapJjWU="},"public":{"type":"Buffer","data":"jUjr8uPSOP7X4LzQ3wmRprjsoHBP/QKFCON/4Ebs/h4="}},"signedPreKey":{"keyPair":{"private":{"type":"Buffer","data":"0EfzHqiZ7G1JEfK8l90egf4YboQDnLTspRI3ET4yBWg="},"public":{"type":"Buffer","data":"xwJPrr+lQ4j6W6kfZ9I//dF4X8YAPKxT4G3TzNRdEUI="}},"signature":{"type":"Buffer","data":"UajSPQ50+KSf9axf93V/isP4pNJxMfjY07MGYDAne9IHDQUG99gGqAIKv2rTKf1mruNbBeM2GGx0+U5p4vu3gg=="},"keyId":1},"registrationId":87,"advSecretKey":"Kq+ydp7HvVX1bmlmmocu9ywrMvgLtjdQbjfF9khjoMY=","processedHistoryMessages":[{"key":{"remoteJid":"6285864459374@s.whatsapp.net","fromMe":true,"id":"251566A0F28A511E6F9322214448F8FC"},"messageTimestamp":1676741019},{"key":{"remoteJid":"6285864459374@s.whatsapp.net","fromMe":true,"id":"AC7DB2298A50DD6B38F79E2D58BB9874"},"messageTimestamp":1676741021},{"key":{"remoteJid":"6285864459374@s.whatsapp.net","fromMe":true,"id":"828957E3680E0ED3F3CD4E9984E0470E"},"messageTimestamp":1676741034},{"key":{"remoteJid":"6285864459374@s.whatsapp.net","fromMe":true,"id":"519A374BA0C5247FD9876AD321A2C2BD"},"messageTimestamp":1676741046}],"nextPreKeyId":36,"firstUnuploadedPreKeyId":36,"accountSyncCounter":1,"accountSettings":{"unarchiveChats":false},"account":{"details":"CL/inakBEJGTxJ8GGAM=","accountSignatureKey":"reN148FiJ6S+AuiWLvKvLTuYvuPT4wUJYDBTH6RvPWc=","accountSignature":"K+aIygroVkxso7HFIBZWnrbumD6LE17GTr2rPklG22jD1oD7OOBow260Lsq78ZBpT5YbSznMSBAFyKvVEekMBw==","deviceSignature":"f9r5SiDlbj6PaFYehuMEvfWwtv2nuyUKtO+xR/NF+wxH+fMaW+86ncnNsUljd0sMCzScSg78uguLa6fzzEokhw=="},"me":{"id":"6285864459374:5@s.whatsapp.net","name":"DyyBot"},"signalIdentities":[{"identifier":{"name":"6285864459374:5@s.whatsapp.net","deviceId":0},"identifierKey":{"type":"Buffer","data":"Ba3jdePBYiekvgLoli7yry07mL7j0+MFCWAwUx+kbz1n"}}],"platform":"android","lastAccountSyncTimestamp":1676741526,"myAppStateKeyId":"AAAAAGUq"}