[{"senderKeyId":1841620300,"senderChainKey":{"iteration":80,"seed":"zl5+xSpmm9gau0YokRjeG9ORVkp4wwbaX4B0WwwwO6E="},"senderSigningKey":{"public":"BQSkdwOuuQWHe290kti2HQJFGYNJaVi+v+nwK/Q5n4kf"},"senderMessageKeys":[]},{"senderKeyId":1841620300,"senderChainKey":{"iteration":70,"seed":"Q8FrpZB4fUXDCtZ+zgYcrBFxZWsmulbyXzNpF7KCdIE="},"senderSigningKey":{"public":"BQSkdwOuuQWHe290kti2HQJFGYNJaVi+v+nwK/Q5n4kf"},"senderMessageKeys":[]},{"senderKeyId":1841620300,"senderChainKey":{"iteration":71,"seed":"YqSzz3r3VVf1pwK+ndjUHTdcTcnnorK9m4f4HhlpugU="},"senderSigningKey":{"public":"BQSkdwOuuQWHe290kti2HQJFGYNJaVi+v+nwK/Q5n4kf"},"senderMessageKeys":[]},{"senderKeyId":1841620300,"senderChainKey":{"iteration":72,"seed":"1HQ4fNZGbJmB0sl0eF3pOS1zXX0LHkYIjBBNI/Nz6iQ="},"senderSigningKey":{"public":"BQSkdwOuuQWHe290kti2HQJFGYNJaVi+v+nwK/Q5n4kf"},"senderMessageKeys":[]},{"senderKeyId":1841620300,"senderChainKey":{"iteration":73,"seed":"GVUdiVL3oylyz/67HnqGPYXRVl5h50ZGphmm7fX/bbo="},"senderSigningKey":{"public":"BQSkdwOuuQWHe290kti2HQJFGYNJaVi+v+nwK/Q5n4kf"},"senderMessageKeys":[]}]