[{"senderKeyId":1355634402,"senderChainKey":{"iteration":8,"seed":"U92HKvZKVqI/8KYKFRqfw2uh3/YU4KfZCSAaQoI8rws="},"senderSigningKey":{"public":"BVFmafY38GE6xLpJTH7IpbSF+IaXDZPEf4c7t3Nco8od"},"senderMessageKeys":[]},{"senderKeyId":692972548,"senderChainKey":{"iteration":3,"seed":"Ue6wJOvRaDu+Z4DTm4UrbFmCVGiA28zdUHhey3eDchY="},"senderSigningKey":{"public":"BYHpj49ew1ACrdRFFem3oKwhLjb9tlvCnRNRVCiFkPQl"},"senderMessageKeys":[{}]},{"senderKeyId":1372197933,"senderChainKey":{"iteration":0,"seed":"3M5/XDo7dY1LZVwAXHgkMzhXZRnl4GMQMuJw/tYoFj4="},"senderSigningKey":{"public":"BQostGSXcodg5gtbgWZlnd43jNm4QMAvEecBocpEBwAA"},"senderMessageKeys":[]},{"senderKeyId":1757505802,"senderChainKey":{"iteration":0,"seed":"Gh87O7nEN2SBFqoYTRpD5KZcGlTyFm4YAEk3ngmnPY0="},"senderSigningKey":{"public":"BQkElwENLtMhMrWoE6uFKJRZn5xko7RUkMExuBYO/U92"}}]