[{"senderKeyId":247787058,"senderChainKey":{"iteration":0,"seed":"8JHNJ6Oubj2BAK8/4G7Uz9ueXXgkUGuY1ob5tLPOnvw="},"senderSigningKey":{"public":"BQ/JIm1WL9JNZ2Ua4lN/vbMKQ8ymYcySh7WG4vCmrRln"},"senderMessageKeys":[]},{"senderKeyId":237220215,"senderChainKey":{"iteration":1,"seed":"UC6nvNgtQJRoq7YgOACikYqj4hLM3PaNGkL1UL/RRXU="},"senderSigningKey":{"public":"BY4OOUcCUEQsxJMHgWq228++dKf6SlqbYH6COgBPSGBq"},"senderMessageKeys":[]},{"senderKeyId":1438027604,"senderChainKey":{"iteration":2,"seed":"/rQSVOEwET4+5n/oguNm7aa2w3zoDbw6o4Wya7kr1EQ="},"senderSigningKey":{"public":"BTwnU47sVEaGcwh2/M2C3hI6XcfzeIepKrPzDsvHz696"},"senderMessageKeys":[{}]}]