{"_sessions":{"Be98uS/AyOsZaJ2SLxyKFl1jH+XkF3hTvS+ku/Hq7c9R":{"registrationId":741358428,"currentRatchet":{"ephemeralKeyPair":{"pubKey":"BQcKdWW3NgJ/IB9o3FFaWsWznWbPakSNf6gbcZXWjaNF","privKey":"gKqq3xT/6xHXnP0QMqvHv9xNppFfSb3bcEvwXgm+/WY="},"lastRemoteEphemeralKey":"BYHOb3ORHnXIHLM6BInfdTt+xNzj1X82VtfB/jbbQUA1","previousCounter":0,"rootKey":"KO8jfLGdKq5EmKSbMbSukBP9KxAoG3VJkqOciIvJOqY="},"indexInfo":{"baseKey":"Be98uS/AyOsZaJ2SLxyKFl1jH+XkF3hTvS+ku/Hq7c9R","baseKeyType":1,"closed":-1,"used":1676784469587,"created":1676784469587,"remoteIdentityKey":"BdI9ls+amzjl1QJP3FZDMw52VMjbVVqnOEFaEQl2OFAJ"},"_chains":{"BQcKdWW3NgJ/IB9o3FFaWsWznWbPakSNf6gbcZXWjaNF":{"chainKey":{"counter":0,"key":"O4hCu6IplSUqiVebhupnpP/P3JkiuNgB3le4FJPKbok="},"chainType":1,"messageKeys":{}}},"pendingPreKey":{"signedKeyId":10,"baseKey":"Be98uS/AyOsZaJ2SLxyKFl1jH+XkF3hTvS+ku/Hq7c9R","preKeyId":6046444}}},"version":"v1"}