{"_sessions":{"BZ2HocoZKaPRX7o0M2X9BfajLnbG8UDNdF+cTWY8BZMJ":{"registrationId":32471512,"currentRatchet":{"ephemeralKeyPair":{"pubKey":"Bby7jJIQegr8fT++YwC+UrUlV+u2l2llv9lTdPF2KXBs","privKey":"mHGegtTVni7x4+yzU27CPRg56TAPyCiqvDHUeHTtkWU="},"lastRemoteEphemeralKey":"BeBAQlDFp0wRB729YgVDQLW5/mnaF4Egmtm+IQ4sqO5r","previousCounter":0,"rootKey":"88c2wV/doyPyMdKVjT/h5tcL+sSN9b5iixiihqtwmEM="},"indexInfo":{"baseKey":"BZ2HocoZKaPRX7o0M2X9BfajLnbG8UDNdF+cTWY8BZMJ","baseKeyType":1,"closed":-1,"used":1676784470126,"created":1676784470126,"remoteIdentityKey":"Ba+fU0SMKlld+k3Qfa8DroDXaRI1z/25WcmjiJkSVskD"},"_chains":{"Bby7jJIQegr8fT++YwC+UrUlV+u2l2llv9lTdPF2KXBs":{"chainKey":{"counter":0,"key":"qSwjbT26bHK9nK4LX/HBRQAnhMFywQUFhQRT5+BAKR8="},"chainType":1,"messageKeys":{}}},"pendingPreKey":{"signedKeyId":0,"baseKey":"BZ2HocoZKaPRX7o0M2X9BfajLnbG8UDNdF+cTWY8BZMJ","preKeyId":12023936}}},"version":"v1"}