{"_sessions":{"Ba2qD5TfA6G5EM0C/A9w4iqXzcEWPb2wE/OT6Tgay/Y8":{"registrationId":80,"currentRatchet":{"ephemeralKeyPair":{"pubKey":"BaalePPsX2yNMWQVxmWnj2GWVvdfAH2u6SXykIDcSM9s","privKey":"IEwIkDtC4+53ACec7TktS69aV3VUIpmsD0kYna9WjnA="},"lastRemoteEphemeralKey":"Bb1JTQ1CkbMzpD9oHl0ekxeExGkfYEteH9enQVbG37I9","previousCounter":0,"rootKey":"P60tuU+HxEGRqDk/CEA68hStEwqCSA253uOolrG4sPo="},"indexInfo":{"baseKey":"Ba2qD5TfA6G5EM0C/A9w4iqXzcEWPb2wE/OT6Tgay/Y8","baseKeyType":1,"closed":-1,"used":1676784468271,"created":1676784468271,"remoteIdentityKey":"BYncgrZkgbEd15EgCwVZgXzxqfOFY3fkgl29c4fLeaxV"},"_chains":{"BaalePPsX2yNMWQVxmWnj2GWVvdfAH2u6SXykIDcSM9s":{"chainKey":{"counter":0,"key":"FKnuOBs9k0+e3LN4hrFSZ6p+zYcejVU6POsP+U+lzco="},"chainType":1,"messageKeys":{}}},"pendingPreKey":{"signedKeyId":1,"baseKey":"Ba2qD5TfA6G5EM0C/A9w4iqXzcEWPb2wE/OT6Tgay/Y8"}}},"version":"v1"}