{"_sessions":{"Bd4OrOPs/TxettsAAaHMuGToWYG3FVDKyatS57fKLa1Y":{"registrationId":1473670388,"currentRatchet":{"ephemeralKeyPair":{"pubKey":"BTvbLzbNqNmGT9ZQt9zXAvJj3nB5bRf9B02BQ0GK0b1F","privKey":"uIs647HhAFD1RehnO6gq4Ehdfjj7+YWA0/E1oIdIxHk="},"lastRemoteEphemeralKey":"BVXoKDU3myu6+uUnnfYJPM5uGTcp4dBWkI4IAf14Jw1L","previousCounter":0,"rootKey":"3DBp6LIzE1a4cGaHgVWlF6+bxmtztqH+QrDazmjECso="},"indexInfo":{"baseKey":"Bd4OrOPs/TxettsAAaHMuGToWYG3FVDKyatS57fKLa1Y","baseKeyType":1,"closed":-1,"used":1676784469032,"created":1676784469032,"remoteIdentityKey":"BVCuL0gYa+Hvzidz0y+bNoMafwT0ppOmDfRJXOHAxApM"},"_chains":{"BTvbLzbNqNmGT9ZQt9zXAvJj3nB5bRf9B02BQ0GK0b1F":{"chainKey":{"counter":0,"key":"x8EIk6hEkREzACPLWtLL/flW16Is8pWzF6pYKfzYuCs="},"chainType":1,"messageKeys":{}}},"pendingPreKey":{"signedKeyId":0,"baseKey":"Bd4OrOPs/TxettsAAaHMuGToWYG3FVDKyatS57fKLa1Y","preKeyId":15406925}}},"version":"v1"}