{"_sessions":{"BdsJ7tfwVSvWp1Au/+HSoPfxyYva6kM8lP7bGtaK1kQY":{"registrationId":1718347142,"currentRatchet":{"ephemeralKeyPair":{"pubKey":"BUfaCb1G/lDzpSbNnAlMEREmh8C4aoxBXBF6xE107v8D","privKey":"aOjWuODk/QO5m+FLXtZsBBJe7VrmXUoMvSjcago/XHE="},"lastRemoteEphemeralKey":"BYYzklODdl7t5T5NJqMm67PzSldW1IaqhEd0QTylRs1e","previousCounter":0,"rootKey":"7dYmsF+1u4DhuexTSTbWoEK65WX89GKF8888aWqEGR4="},"indexInfo":{"baseKey":"BdsJ7tfwVSvWp1Au/+HSoPfxyYva6kM8lP7bGtaK1kQY","baseKeyType":1,"closed":-1,"used":1676784468751,"created":1676784468751,"remoteIdentityKey":"Bbwg4yCQEQHVh0vGnFm76HFaz0dI9DTrFOIqhaKsdrUM"},"_chains":{"BUfaCb1G/lDzpSbNnAlMEREmh8C4aoxBXBF6xE107v8D":{"chainKey":{"counter":0,"key":"01wXV5AdNO3nGuxE4hCrOQIGjTaFU79Q5vMVCppXK3Q="},"chainType":1,"messageKeys":{}}},"pendingPreKey":{"signedKeyId":0,"baseKey":"BdsJ7tfwVSvWp1Au/+HSoPfxyYva6kM8lP7bGtaK1kQY","preKeyId":4090817}}},"version":"v1"}