{"_sessions":{"BXlzfCOPmRcy6mTclllec27XhFn5IVzcHitYHnM7ml52":{"registrationId":1013550576,"currentRatchet":{"ephemeralKeyPair":{"pubKey":"BS7nYtP8cmS6vp3vvirOkp5Gc87w3QlRx76Lfje5f75x","privKey":"aEwC0MH5NGezrAqAFDr9dZAj17w/eKa28PAGZtiU1nw="},"lastRemoteEphemeralKey":"BeizDzzXIk9Lc/6o164OwmifCJFmpX3BvQkHA8qoZ6cf","previousCounter":2,"rootKey":"UOjtDozmi/Vht6lQ4GntHN6I9t7YA9faQeCyPsI171o="},"indexInfo":{"baseKey":"BXlzfCOPmRcy6mTclllec27XhFn5IVzcHitYHnM7ml52","baseKeyType":1,"closed":-1,"used":1676789960240,"created":1676742410370,"remoteIdentityKey":"BX6DB9Ht8lJEd0nLd/XWr1oyQHI/Dn7SKgujIScEhUdt"},"_chains":{"BeizDzzXIk9Lc/6o164OwmifCJFmpX3BvQkHA8qoZ6cf":{"chainKey":{"counter":0,"key":"AG70v9mDycvR5VcS0W5V5C4L66MYrUh+MzWjG1bWhR8="},"chainType":2,"messageKeys":{}},"BS7nYtP8cmS6vp3vvirOkp5Gc87w3QlRx76Lfje5f75x":{"chainKey":{"counter":-1,"key":"+qJG8YVk/9itUS3W27oogVwA6ACMVrDQI3NdsbR+2XU="},"chainType":1,"messageKeys":{}}}}},"version":"v1"}