{"_sessions":{"BZp+HZWKAig9mNsfWaW6DPKbl4UV9VCQ82xUKdTZUUMG":{"registrationId":1991264532,"currentRatchet":{"ephemeralKeyPair":{"pubKey":"BZ2olMrTco5V86XDMnVPrbxpbyxMQUUfpS7oTdlKlpEV","privKey":"MMocLvr/jL4ZGp082NBaO4E5zYiXdWo0QjGfvKhz8WM="},"lastRemoteEphemeralKey":"Baqb696G6zaOcdbHDe0XXaXTyjud2xY57e4DrnYe91Qy","previousCounter":0,"rootKey":"Ybp4tUC61qdDYfF4qTWQerehTi0/mxcDCt8aiQLHX5M="},"indexInfo":{"baseKey":"BZp+HZWKAig9mNsfWaW6DPKbl4UV9VCQ82xUKdTZUUMG","baseKeyType":1,"closed":-1,"used":1676784470120,"created":1676784470120,"remoteIdentityKey":"BaMMRwdsr6uKjvWNStgDGJiqR4uO6MjTGrCaiT+crXQb"},"_chains":{"BZ2olMrTco5V86XDMnVPrbxpbyxMQUUfpS7oTdlKlpEV":{"chainKey":{"counter":0,"key":"d5ga1DN6PpZXpr4sePgVb78Ux/zHtt68BLkBFXjxYTk="},"chainType":1,"messageKeys":{}}},"pendingPreKey":{"signedKeyId":0,"baseKey":"BZp+HZWKAig9mNsfWaW6DPKbl4UV9VCQ82xUKdTZUUMG"}}},"version":"v1"}