{"_sessions":{"BX9nCYws6A5WaLvOsMdxFMxPR/l9hEnW781IEHeW07QT":{"registrationId":1157085268,"currentRatchet":{"ephemeralKeyPair":{"pubKey":"BT4efDwCXXpIqHTo9mYXN/v+NN83KYOZOqSk0zHfCZhm","privKey":"eN0No31ly6ZtomahIlnaM579m6BBKu1RQMhHDPKqwmA="},"lastRemoteEphemeralKey":"Be77jpQLzewDeV8CkPMNgs/OwAzsQJFfAIFmI+hJ+pgc","previousCounter":0,"rootKey":"HQaLNBR55LCM51xgxw4AcJyLmTsu9RnL0F9JSjKjOiA="},"indexInfo":{"baseKey":"BX9nCYws6A5WaLvOsMdxFMxPR/l9hEnW781IEHeW07QT","baseKeyType":1,"closed":-1,"used":1676784470393,"created":1676784470393,"remoteIdentityKey":"BQLYqRw9j3Dg+Z1qk/sntCqpY7j9XRGlKpEP0229Yuwn"},"_chains":{"BT4efDwCXXpIqHTo9mYXN/v+NN83KYOZOqSk0zHfCZhm":{"chainKey":{"counter":0,"key":"1CEbejBA8q6GCBLV9B0UYLxrEJ+0UJjnJC9p07eiw68="},"chainType":1,"messageKeys":{}}},"pendingPreKey":{"signedKeyId":0,"baseKey":"BX9nCYws6A5WaLvOsMdxFMxPR/l9hEnW781IEHeW07QT","preKeyId":10029903}}},"version":"v1"}