{"_sessions":{"BQ/eK6Xo3kLXtlq/w2mVKZznOU72G3L+MrKV2c1o+ykf":{"registrationId":2006802835,"currentRatchet":{"ephemeralKeyPair":{"pubKey":"BWm8cvQXttntr9Im3ylFQv9o7aOhyR+nwp9vWx2xBtNP","privKey":"oL/evzn82dOI2QU2UUUM7QIBGfOeAXrcDELzNLG8GkA="},"lastRemoteEphemeralKey":"BRJVMYPrb96zCkCn5AUmTf6P0lFYr6Uik/8UAo8JV7Nl","previousCounter":0,"rootKey":"qBkdX5tHrnSAIKtWugbMz3O+vzjRjhIq0JELzWnc1Cw="},"indexInfo":{"baseKey":"BQ/eK6Xo3kLXtlq/w2mVKZznOU72G3L+MrKV2c1o+ykf","baseKeyType":1,"closed":-1,"used":1676784468583,"created":1676784468583,"remoteIdentityKey":"BQSxY9DX9jW2vkTDS/0YLLcgn/6jKZid1UphWiegN0gt"},"_chains":{"BWm8cvQXttntr9Im3ylFQv9o7aOhyR+nwp9vWx2xBtNP":{"chainKey":{"counter":0,"key":"QC5lrDlvPe/st17F89nRG7fbPxj59mqjPKgHAtQ1dG0="},"chainType":1,"messageKeys":{}}},"pendingPreKey":{"signedKeyId":0,"baseKey":"BQ/eK6Xo3kLXtlq/w2mVKZznOU72G3L+MrKV2c1o+ykf","preKeyId":5872374}}},"version":"v1"}