{"_sessions":{"BXauhOhd1ggIgkaSsoIi0GgeqlxuWKjiC8FWfzRyeWMA":{"registrationId":453226522,"currentRatchet":{"ephemeralKeyPair":{"pubKey":"BRNsbXdEzcPLr66+7ajzqj3LGQSXH6URHLF1lWJ1YdM1","privKey":"MPknuvHcWr6FKQi0VWy+EuwSKKATfOCwO0Fr5t5hCmM="},"lastRemoteEphemeralKey":"BRY7P6/jK3OXgLd3EAwy3RcxR+LMmA8AKG3uah4Lc10X","previousCounter":0,"rootKey":"Cq6xc2hC7H9lEMs+jCxLjzgDmgZa2qoEOnbaotvgWFA="},"indexInfo":{"baseKey":"BXauhOhd1ggIgkaSsoIi0GgeqlxuWKjiC8FWfzRyeWMA","baseKeyType":1,"closed":-1,"used":1676784469383,"created":1676784469383,"remoteIdentityKey":"BRhIupdNuhnWmkpUbBYpNEGfpSNYP34fRC+knBrF8ekv"},"_chains":{"BRNsbXdEzcPLr66+7ajzqj3LGQSXH6URHLF1lWJ1YdM1":{"chainKey":{"counter":0,"key":"zNRIEZSKBfiFLXjLS5V2hhb09HqK9WLydfEIGtNQs5I="},"chainType":1,"messageKeys":{}}},"pendingPreKey":{"signedKeyId":1,"baseKey":"BXauhOhd1ggIgkaSsoIi0GgeqlxuWKjiC8FWfzRyeWMA","preKeyId":1011345}}},"version":"v1"}