{"_sessions":{"BX7GfWTh4HxLVWPUZvN7PRUT7GoZB/dtzNhXCsimxIcM":{"registrationId":580487442,"currentRatchet":{"ephemeralKeyPair":{"pubKey":"BVBtR+IMKZLiLeoBMmQyJouSfvVhaq+BSA9YRTBvY0QU","privKey":"8D2T9EqNZJnkOdnMzmZ2Xf39csS5t3A6Tc0WBr40HWg="},"lastRemoteEphemeralKey":"Bd/Zwe/Y6+mUHOw48U/mQDCVIN+Zi0ANZUNkZDHep1EE","previousCounter":0,"rootKey":"tjfyFnOtLLNH0fRh9qdILp+CuAYAWAlR1880MuPo0Mo="},"indexInfo":{"baseKey":"BX7GfWTh4HxLVWPUZvN7PRUT7GoZB/dtzNhXCsimxIcM","baseKeyType":1,"closed":-1,"used":1676784468465,"created":1676784468465,"remoteIdentityKey":"BdmseyhuMUuLP+Y7Mc8y37mM3aVOIMWE+MWtoeA+nfcn"},"_chains":{"BVBtR+IMKZLiLeoBMmQyJouSfvVhaq+BSA9YRTBvY0QU":{"chainKey":{"counter":0,"key":"qSos8cvt7qN4CF7ozayTCTRyK8nXb90tQ/WN4iMz/7g="},"chainType":1,"messageKeys":{}}},"pendingPreKey":{"signedKeyId":1,"baseKey":"BX7GfWTh4HxLVWPUZvN7PRUT7GoZB/dtzNhXCsimxIcM","preKeyId":10799479}}},"version":"v1"}