{"_sessions":{"BSYSwNUyS0nnjnwXXNYsiS9vxhQmLEzFaW9vheXH90Nk":{"registrationId":153,"currentRatchet":{"ephemeralKeyPair":{"pubKey":"BVHAlACAZBS8RMjojgpkHBUD0HHqEwRUkLOA9WwIrSoz","privKey":"EILDxvjGzAAH0JeR0zV/rYJc/B7WojIHefkxxV0QYFM="},"lastRemoteEphemeralKey":"BUhyPWpzzC1raNBlKt/eRLIosQ6mqj2MX5Zs0didSJVz","previousCounter":0,"rootKey":"MHkbu4FLuS9zAX51RC1LlwpyQfOA1IvsloNVFEay8FQ="},"indexInfo":{"baseKey":"BSYSwNUyS0nnjnwXXNYsiS9vxhQmLEzFaW9vheXH90Nk","baseKeyType":1,"closed":-1,"used":1676784468175,"created":1676784468175,"remoteIdentityKey":"BdRPXakGYRp/uKuK2oApm5Bar2jHOPUp75SjWpI0cv8N"},"_chains":{"BVHAlACAZBS8RMjojgpkHBUD0HHqEwRUkLOA9WwIrSoz":{"chainKey":{"counter":0,"key":"mh1dirRSCD3Wrkp2N9EYO5Pi1gDoeX5GRPncb6/tsE8="},"chainType":1,"messageKeys":{}}},"pendingPreKey":{"signedKeyId":1,"baseKey":"BSYSwNUyS0nnjnwXXNYsiS9vxhQmLEzFaW9vheXH90Nk"}}},"version":"v1"}