{"_sessions":{"BdJD8/ZC/GYpjiOi0/fwvUFyhHSabqgX3Z9+tTSThURs":{"registrationId":434396941,"currentRatchet":{"ephemeralKeyPair":{"pubKey":"BSPNaL0Y1GDM4v4txDn/C0AqMuCoeR702z0nTr4eqIAJ","privKey":"mM7wiaKs2YwdUgBtmiXUJ+k8NTARoHSqoNC3VyFDAko="},"lastRemoteEphemeralKey":"BUaE+ZK+U6ZJvgJbzgvSI6asRET4prkmwprLmCkOgG1+","previousCounter":0,"rootKey":"hOgOIrJnMsQMoS2xC7ZnYYUvJDnyuBAphs3IiLyVmL8="},"indexInfo":{"baseKey":"BdJD8/ZC/GYpjiOi0/fwvUFyhHSabqgX3Z9+tTSThURs","baseKeyType":1,"closed":-1,"used":1676784469527,"created":1676784469527,"remoteIdentityKey":"BRRiSUGQ6mWOXVXncWXZ8RqByKEPg8S7IP2lpuLjbnsV"},"_chains":{"BSPNaL0Y1GDM4v4txDn/C0AqMuCoeR702z0nTr4eqIAJ":{"chainKey":{"counter":0,"key":"8zuUdnD8pVmK1gQ7jNfHidM78lm2Bs//G8Nmlt8iDhY="},"chainType":1,"messageKeys":{}}},"pendingPreKey":{"signedKeyId":0,"baseKey":"BdJD8/ZC/GYpjiOi0/fwvUFyhHSabqgX3Z9+tTSThURs","preKeyId":13850010}}},"version":"v1"}