{"_sessions":{"BYD6bxhQHTjrjifl0YRG5XxhN1woyVId4yN3P3rVtZAN":{"registrationId":1735296010,"currentRatchet":{"ephemeralKeyPair":{"pubKey":"BVqt/H3SbQd3HF9VZl3cdL1POH8Fdhr4U66dR6nTXrJ9","privKey":"SAzW9L12/gjsk99HaRUoXebmxYWZwsNhPyca23Bh93o="},"lastRemoteEphemeralKey":"BSaLlfkVPyGPGJwuVttfVFH2Cr4hRVP/8+8xkqpRLM5o","previousCounter":0,"rootKey":"u6CyaMbduJ5lYnR4+qTszqYTvrNnf42vFZjjA/tQaBg="},"indexInfo":{"baseKey":"BYD6bxhQHTjrjifl0YRG5XxhN1woyVId4yN3P3rVtZAN","baseKeyType":1,"closed":-1,"used":1676784469934,"created":1676784469934,"remoteIdentityKey":"BQ7maGtlSUB9esv4ov2F/LS8iCKubaP7JW9/obRgE592"},"_chains":{"BVqt/H3SbQd3HF9VZl3cdL1POH8Fdhr4U66dR6nTXrJ9":{"chainKey":{"counter":0,"key":"ovcI2Rxqw7A1dZSkKNhSRYkZvPq8Uxf/Z5qkhDUBL7g="},"chainType":1,"messageKeys":{}}},"pendingPreKey":{"signedKeyId":1,"baseKey":"BYD6bxhQHTjrjifl0YRG5XxhN1woyVId4yN3P3rVtZAN","preKeyId":9634467}}},"version":"v1"}