{"_sessions":{"BQUxBegSSYufgHMZU9ZnK9kk7vfnuvv/mr1I4eutlksk":{"registrationId":35,"currentRatchet":{"ephemeralKeyPair":{"pubKey":"BX/Z6RYWKJ1DS4ko4/G7blAaBlwFYRIg2N2qbVwvG6w7","privKey":"uGNVrspLh3t1dbvgoEnPlTRg+BkBR5Du1FnhS0VM0Gw="},"lastRemoteEphemeralKey":"BXGigCALAOf45ukeyNxw+NafNjjfKp616IymfryBiOk0","previousCounter":0,"rootKey":"EqFs0HI/EHmdrUCw5xBWA1/kxPTsCa1PE73Lve7s4xk="},"indexInfo":{"baseKey":"BQUxBegSSYufgHMZU9ZnK9kk7vfnuvv/mr1I4eutlksk","baseKeyType":1,"closed":-1,"used":1676784468002,"created":1676784468002,"remoteIdentityKey":"BdOf2qisuWqo02oSrGzn6CQhH9YxlKvTx0GO2CEjhpcy"},"_chains":{"BX/Z6RYWKJ1DS4ko4/G7blAaBlwFYRIg2N2qbVwvG6w7":{"chainKey":{"counter":0,"key":"4CEcECTGJKGiVeVxbO6+19wS+xeeXGxMhRu8BUM7Abs="},"chainType":1,"messageKeys":{}}},"pendingPreKey":{"signedKeyId":1,"baseKey":"BQUxBegSSYufgHMZU9ZnK9kk7vfnuvv/mr1I4eutlksk"}}},"version":"v1"}