{"_sessions":{"BWZAM7AR0r+hL1wv4DIeF7TuoMrg8eCJmrQxi2NQvrld":{"registrationId":249,"currentRatchet":{"ephemeralKeyPair":{"pubKey":"BVyVV/ylf3FUuOYO9Ln4BgITd0zWFdCcj33VZtPbUoBK","privKey":"SAuHiY5+XTE50zUbhebvgSgtt5MOCblc4VLLhIbV6mA="},"lastRemoteEphemeralKey":"BZ9OXo0x7E4XmwikZYpZ2G4nmh2VyG1UoEg+gnSYUR4d","previousCounter":0,"rootKey":"nUqSYbS6lTnUPhGwk6VffXF1vklE7SbLdhDCuq+cKro="},"indexInfo":{"baseKey":"BWZAM7AR0r+hL1wv4DIeF7TuoMrg8eCJmrQxi2NQvrld","baseKeyType":2,"closed":-1,"used":1676784390212,"created":1676784390212,"remoteIdentityKey":"BdXxRog3lX4fgidg0mQARNuFltwM7BlXeW1Q8qiYZbEE"},"_chains":{"BZ9OXo0x7E4XmwikZYpZ2G4nmh2VyG1UoEg+gnSYUR4d":{"chainKey":{"counter":0,"key":"XzvNjfATP0uBoyakRJTXcLJAc+lDzXpLPdYc1QD/PTg="},"chainType":2,"messageKeys":{}},"BVyVV/ylf3FUuOYO9Ln4BgITd0zWFdCcj33VZtPbUoBK":{"chainKey":{"counter":0,"key":"IRevzj0a66EHw6Fcl7qoS64XkrcWxpVwte7mMaSVFR0="},"chainType":1,"messageKeys":{}}}}},"version":"v1"}