{"_sessions":{"BcSJrYehHD8gi915c0xEO/3Kug/kqaYJTkKEZUsAfigo":{"registrationId":11018,"currentRatchet":{"ephemeralKeyPair":{"pubKey":"BXDKiAr6Tc4C7PzrV8dTep4sAQAulGCZ+54/8c+ft3hf","privKey":"gE9LrPY5Lce0GQSOgp+VK88GSLGrxjM4GYuUKu40LVw="},"lastRemoteEphemeralKey":"BdHk57OEkemLxez0AIAO4YksoqWmpSCUaaXJbdYkO8tr","previousCounter":0,"rootKey":"Hqc1fK7vESLa7L2dwMBptF+0XJnlh5k+5knd/o8oOek="},"indexInfo":{"baseKey":"BcSJrYehHD8gi915c0xEO/3Kug/kqaYJTkKEZUsAfigo","baseKeyType":1,"closed":-1,"used":1676784468198,"created":1676784468198,"remoteIdentityKey":"BVN9coWbr6jf4IE9zDP6tff8y+LV/2212rwzONWD9Nlx"},"_chains":{"BXDKiAr6Tc4C7PzrV8dTep4sAQAulGCZ+54/8c+ft3hf":{"chainKey":{"counter":0,"key":"npoJNemXEeh5nGC8JdUn3NA3ZBpPe8d7Xnuw1RTUSoM="},"chainType":1,"messageKeys":{}}},"pendingPreKey":{"signedKeyId":1,"baseKey":"BcSJrYehHD8gi915c0xEO/3Kug/kqaYJTkKEZUsAfigo","preKeyId":1724}}},"version":"v1"}