{"_sessions":{"BSoa3M5Ui1KJ3USM4opyTDe7T84+JAeL1s1M2pG2DTNf":{"registrationId":2115737434,"currentRatchet":{"ephemeralKeyPair":{"pubKey":"BatSv8g+W5Qwzy/lsjE/5oOKeOAqp2NcddDMv+FgRs0X","privKey":"+OZdSd7kpxN5W2nwInDJEjgK20LI2e/Q6Z1GKFR7WFA="},"lastRemoteEphemeralKey":"BXCjonePguUsaNOSOBEr9WclbiYyVGNZoX6ofVPXHuY/","previousCounter":0,"rootKey":"3iFjbpBdBu8C+lalp+SkqKU8gCFvjbDtZtMlNzVvxQI="},"indexInfo":{"baseKey":"BSoa3M5Ui1KJ3USM4opyTDe7T84+JAeL1s1M2pG2DTNf","baseKeyType":1,"closed":-1,"used":1676784470513,"created":1676784470513,"remoteIdentityKey":"BdlHLQdeUl2GVC+F25MU3V7cpNuQiR0H/Sr+M/501T8Q"},"_chains":{"BatSv8g+W5Qwzy/lsjE/5oOKeOAqp2NcddDMv+FgRs0X":{"chainKey":{"counter":0,"key":"8G7BkebiVHPSVlraoxgzDEze7k+oPGAowXnL7oCo3s4="},"chainType":1,"messageKeys":{}}},"pendingPreKey":{"signedKeyId":0,"baseKey":"BSoa3M5Ui1KJ3USM4opyTDe7T84+JAeL1s1M2pG2DTNf","preKeyId":7285436}}},"version":"v1"}