{"_sessions":{"BSRdVaxvIDpCJK8UkA4mYzdMN3jaDU0fcBcZ3Dh7v5cE":{"registrationId":53441153,"currentRatchet":{"ephemeralKeyPair":{"pubKey":"BSa1IIFLJr++byZ1vXy1Twj85yeTSm/3paqn2ivV6NYT","privKey":"wOK/elcIFl4wqRsC8+DHX00YMQd+8DOZHmzXsACwJ3E="},"lastRemoteEphemeralKey":"BWjuAJ+cYVdV9pUd1ip3UfZOBFN13qb5CJxVBVT1I6o/","previousCounter":0,"rootKey":"AZ69i5MQZEuJjmziZuZCnNNaE1RCJCrmNv69VbyGvyA="},"indexInfo":{"baseKey":"BSRdVaxvIDpCJK8UkA4mYzdMN3jaDU0fcBcZ3Dh7v5cE","baseKeyType":1,"closed":-1,"used":1676784469720,"created":1676784469720,"remoteIdentityKey":"BVG3VhIvnWX89K9sEPJTm7XCkND2S26hGuXFrXNyTZ8E"},"_chains":{"BSa1IIFLJr++byZ1vXy1Twj85yeTSm/3paqn2ivV6NYT":{"chainKey":{"counter":0,"key":"GeK2czFvhbKHMWHD114DU4tHTol9MyVOhYLGfnCtxLM="},"chainType":1,"messageKeys":{}}},"pendingPreKey":{"signedKeyId":0,"baseKey":"BSRdVaxvIDpCJK8UkA4mYzdMN3jaDU0fcBcZ3Dh7v5cE"}}},"version":"v1"}