{"_sessions":{"BVejcrPWoDdbudmto5jGWTBSsAxsVDpjNsBSh6Feh34k":{"registrationId":571192867,"currentRatchet":{"ephemeralKeyPair":{"pubKey":"BbZIB3IKFuDBgv5bZ1fNoUfG/Y5EeidAKuDLLVwhFr99","privKey":"KPjq/ArSC36eSj2q8MinXe9SLOqO3TXTOgT5o2TSKlY="},"lastRemoteEphemeralKey":"BXUrBlsoPDCcoyGtZqTTyANATBpiMXip+u2j6LK9W5El","previousCounter":0,"rootKey":"OgqhvhkEc951HABfytPXFcAP9RNlkDt+IfDF39Y1Zqc="},"indexInfo":{"baseKey":"BVejcrPWoDdbudmto5jGWTBSsAxsVDpjNsBSh6Feh34k","baseKeyType":1,"closed":-1,"used":1676784470478,"created":1676784470478,"remoteIdentityKey":"BcSzuAwC4KlwmtFlanzfFhd2uycuDFX9Hk8Ib2kQaL8o"},"_chains":{"BbZIB3IKFuDBgv5bZ1fNoUfG/Y5EeidAKuDLLVwhFr99":{"chainKey":{"counter":0,"key":"YHPETcYc3mnQQSW7L+o5zje/Tq9ALJMUrLyGm75mjS8="},"chainType":1,"messageKeys":{}}},"pendingPreKey":{"signedKeyId":0,"baseKey":"BVejcrPWoDdbudmto5jGWTBSsAxsVDpjNsBSh6Feh34k","preKeyId":4603892}}},"version":"v1"}