{"_sessions":{"BbdPUlVE35Yk+fxWYckPq0TAJTyuuZeEEY7Xr0ex6xZh":{"registrationId":245583055,"currentRatchet":{"ephemeralKeyPair":{"pubKey":"BS6FuOV24GltiC7XBiSDAwGg5fd3kczBZ6OzLloDTrVc","privKey":"SB/RKHYK0EK/CFJzHycdUhIiyOwgT74mPX8Bdx8VQmU="},"lastRemoteEphemeralKey":"BeIUk6d5Mz39IGH+xgTt8a5nXAs2LT3Z7LU2NxZgx7kK","previousCounter":0,"rootKey":"POOLJ7zNtZhfKhg+hRI8A0bC8/Eu3SYUnZqeBGOzYX8="},"indexInfo":{"baseKey":"BbdPUlVE35Yk+fxWYckPq0TAJTyuuZeEEY7Xr0ex6xZh","baseKeyType":1,"closed":-1,"used":1676784469161,"created":1676784469161,"remoteIdentityKey":"Bdf8iYnxH+n48tdQ0H5GRD3sGZD1qVc3dwfadKZrnqwx"},"_chains":{"BS6FuOV24GltiC7XBiSDAwGg5fd3kczBZ6OzLloDTrVc":{"chainKey":{"counter":0,"key":"GlLJ5gGVQlwlbbuq3uA3/hNimfsRLbi5GRgV8/NNtt4="},"chainType":1,"messageKeys":{}}},"pendingPreKey":{"signedKeyId":1,"baseKey":"BbdPUlVE35Yk+fxWYckPq0TAJTyuuZeEEY7Xr0ex6xZh","preKeyId":9471558}}},"version":"v1"}