{"_sessions":{"BUj5sEx3RX7XsgOAE5iq6+zZ3192XJhWJ18Bq8HqzY0s":{"registrationId":1211875605,"currentRatchet":{"ephemeralKeyPair":{"pubKey":"BQNZEW0SVSNY1XQWJOX9jE50GBuVl6AwcGIFgrJ6o6UR","privKey":"QMnUzef1stsL/hvk+K8j4MRyGos7Tm3C/eekrI9kT3Y="},"lastRemoteEphemeralKey":"Be82XDvB/9ggSllzEG3DRjNhJV+MxGEEoBEGU5BJzOpp","previousCounter":0,"rootKey":"1Jg8x2L/qIV0YYCanNJlEB373QlL8st8BjvC3UD3Sks="},"indexInfo":{"baseKey":"BUj5sEx3RX7XsgOAE5iq6+zZ3192XJhWJ18Bq8HqzY0s","baseKeyType":1,"closed":-1,"used":1676784470569,"created":1676784470569,"remoteIdentityKey":"BS2uDeHTnDqpZLOnuPz39sTbDeXPSDc1LIDQPx6rY1Z7"},"_chains":{"BQNZEW0SVSNY1XQWJOX9jE50GBuVl6AwcGIFgrJ6o6UR":{"chainKey":{"counter":0,"key":"D4ToYD1EPqE+y7lOL/qc1MlW7JYl71l8IZ8pB6C6eFg="},"chainType":1,"messageKeys":{}}},"pendingPreKey":{"signedKeyId":1,"baseKey":"BUj5sEx3RX7XsgOAE5iq6+zZ3192XJhWJ18Bq8HqzY0s","preKeyId":16669412}}},"version":"v1"}