{"_sessions":{"BSRVODiBHHUERDGMZFoSgdI6PhmCZ3i0smmiVWuPcdhW":{"registrationId":30125333,"currentRatchet":{"ephemeralKeyPair":{"pubKey":"Be8MROLoEr+cmv67WvX5ILnCg3qNXPCpwRC1n0KJ+ac6","privKey":"aFLdzLHyO+AYkaGfHs2MHJdCuiqiSJGsa40t9UHwDFg="},"lastRemoteEphemeralKey":"BUk9NNsMN+nC6kRctPIZpjIkisrsR9TySzR0s5pMMUlQ","previousCounter":0,"rootKey":"N7n54wbqTFwu4YrOP1AGBmxl9coKZ7ZYXBZcjUtjyoE="},"indexInfo":{"baseKey":"BSRVODiBHHUERDGMZFoSgdI6PhmCZ3i0smmiVWuPcdhW","baseKeyType":2,"closed":-1,"used":1676759335570,"created":1676759335570,"remoteIdentityKey":"BXpgHBWFbJ8AeEg+kH/onHd5FQ+iWFmfTH0yilMf7xhI"},"_chains":{"BUk9NNsMN+nC6kRctPIZpjIkisrsR9TySzR0s5pMMUlQ":{"chainKey":{"counter":5,"key":"32QDY291250fZN/ALZz45yj7QlrPRCImaHYhLuRDESE="},"chainType":2,"messageKeys":{"0":"x5xt604W5bf//i5Rr43jlc+zwH96VX/pDN6Kdgg7TKY=","2":"4wZyO94Od/8+UupfawuUaB9t0qrbcuq/z+uYPkqogJM="}},"Be8MROLoEr+cmv67WvX5ILnCg3qNXPCpwRC1n0KJ+ac6":{"chainKey":{"counter":-1,"key":"XT2i9XHAjtaUpl+eCFkqPfUtAXMyvYxMaKBJvjlK2vU="},"chainType":1,"messageKeys":{}}}}},"version":"v1"}