{"_sessions":{"BS94/dk5l6IjIa8SMdQwNOOUoEAT0K74MDZnrBwEsHZV":{"registrationId":10250,"currentRatchet":{"ephemeralKeyPair":{"pubKey":"BU1fS38YXh0JiuyvSImDpOQ4ML3hHSe8JMwgQ6oGgA1d","privKey":"kGPXeiVEGV25s/5dIu2ZFO+Ln/4EG2w35CZvE/7wlHw="},"lastRemoteEphemeralKey":"BUxfJ56jtpBjNRkhVEl7jkkaO7c+rvtTP/yv75+pGAoG","previousCounter":0,"rootKey":"7AXdxt8fY6CXpnqe8ujv9SeL9IsCkwAk2henNVm2a5g="},"indexInfo":{"baseKey":"BS94/dk5l6IjIa8SMdQwNOOUoEAT0K74MDZnrBwEsHZV","baseKeyType":1,"closed":-1,"used":1676784468381,"created":1676784468381,"remoteIdentityKey":"BUU+q4BbUaeEQ5g3RO1eELCnR/EYhmUFCG1kycKexJEa"},"_chains":{"BU1fS38YXh0JiuyvSImDpOQ4ML3hHSe8JMwgQ6oGgA1d":{"chainKey":{"counter":0,"key":"wd/Aax2/DJCFKXQJeYEpXrfYd6Q3MkqxPTXbpnSy7Rc="},"chainType":1,"messageKeys":{}}},"pendingPreKey":{"signedKeyId":1,"baseKey":"BS94/dk5l6IjIa8SMdQwNOOUoEAT0K74MDZnrBwEsHZV","preKeyId":1500}}},"version":"v1"}