{"_sessions":{"BV7iOWu4CqJl8mLf5pW/EmBxBgFCV2Z1zGfLfa5WaXtX":{"registrationId":1456950834,"currentRatchet":{"ephemeralKeyPair":{"pubKey":"BTVXFf8Y20vkGHbWIIJidIeGXW0BmFLv3UrHMn3FaI8n","privKey":"WLuxGUou/+VpI4QSopYjgNW9gaIF4yD3BykcqwG/dkI="},"lastRemoteEphemeralKey":"BYME4csxnmUxOPFV2i3r5JiZ4ngc6JQW9lq83nx7QplS","previousCounter":0,"rootKey":"U95fg175xRtrququUaFrb+xU3dYvqx5e69j+1UZX8Ik="},"indexInfo":{"baseKey":"BV7iOWu4CqJl8mLf5pW/EmBxBgFCV2Z1zGfLfa5WaXtX","baseKeyType":1,"closed":-1,"used":1676784470358,"created":1676784470358,"remoteIdentityKey":"BSc1SQNnBLpse+eTPpGFVnKNftgK7/yZ9+XsZCUjOQ0s"},"_chains":{"BTVXFf8Y20vkGHbWIIJidIeGXW0BmFLv3UrHMn3FaI8n":{"chainKey":{"counter":0,"key":"je2Dtdsh6in1GhLYAEhiTeCYWz0jti/zez3sOJ7/YtM="},"chainType":1,"messageKeys":{}}},"pendingPreKey":{"signedKeyId":0,"baseKey":"BV7iOWu4CqJl8mLf5pW/EmBxBgFCV2Z1zGfLfa5WaXtX","preKeyId":9758789}}},"version":"v1"}