{"_sessions":{"BaKQnlwTGvoOVocABpXLh89fCmKjJdGIQAiDLkchlLJa":{"registrationId":188,"currentRatchet":{"ephemeralKeyPair":{"pubKey":"BbXKbD8QoDnV9/LAD5tcPV87OZxcMc9xyGZqb5hFU2Uf","privKey":"EL5Xt24+hW3F2VmeMH49legyGWDnAj3rs02jSCi5lnI="},"lastRemoteEphemeralKey":"BVbc+iqB3HURhmsmtOYh/1vN1tKhx3XEdt+LeqALFzET","previousCounter":0,"rootKey":"d9tltZGDoMr38eO2SstCchlCrJsmyQcH/s31QpOQ0rU="},"indexInfo":{"baseKey":"BaKQnlwTGvoOVocABpXLh89fCmKjJdGIQAiDLkchlLJa","baseKeyType":1,"closed":-1,"used":1676784468166,"created":1676784468166,"remoteIdentityKey":"BWdiBjwsouUaqngg3hyfpTSuUZSvPj/EB7ZQxfSKKzRr"},"_chains":{"BbXKbD8QoDnV9/LAD5tcPV87OZxcMc9xyGZqb5hFU2Uf":{"chainKey":{"counter":0,"key":"5nWPu4pFCUtdwV1qDuUFNqLCUgxMr3zmJ8GOp+l2imY="},"chainType":1,"messageKeys":{}}},"pendingPreKey":{"signedKeyId":1,"baseKey":"BaKQnlwTGvoOVocABpXLh89fCmKjJdGIQAiDLkchlLJa"}}},"version":"v1"}