{"_sessions":{"BVA6l4DEHb6O4R0px+5C7XgY2Lh9v41UIfP1cb8+E55N":{"registrationId":2851315,"currentRatchet":{"ephemeralKeyPair":{"pubKey":"BcZuXAEaFTlN8On/qti0/8/27mRjgfBEPjX4qUyc2yQ5","privKey":"yKYIWPmQrh+xq1BJJVEeGvkzi0T2A7sxEK9GCZTNtFo="},"lastRemoteEphemeralKey":"Ba/hG2lOABsGHbCPLUjUBCm4+x1lsAQSFS8bp6q8GKVh","previousCounter":0,"rootKey":"TeMM+yQ4J3SNORx5MWo7OPTfJQ04wo84fCMBMVWqLpA="},"indexInfo":{"baseKey":"BVA6l4DEHb6O4R0px+5C7XgY2Lh9v41UIfP1cb8+E55N","baseKeyType":1,"closed":-1,"used":1676784468605,"created":1676784468605,"remoteIdentityKey":"BQCWr0C/32Yt8I3Z0aXylQxihP+FoDL3EWCx8XkIErt9"},"_chains":{"BcZuXAEaFTlN8On/qti0/8/27mRjgfBEPjX4qUyc2yQ5":{"chainKey":{"counter":0,"key":"SnpU4Bv9lCAVl+8ooc6q7GuZZVws64VfoCICg5s2YPM="},"chainType":1,"messageKeys":{}}},"pendingPreKey":{"signedKeyId":0,"baseKey":"BVA6l4DEHb6O4R0px+5C7XgY2Lh9v41UIfP1cb8+E55N","preKeyId":10007794}}},"version":"v1"}