{"_sessions":{"BfNprepr/E9qRYBVLOVaUtBOJqdSO28uo3XHQQzNTwFK":{"registrationId":111,"currentRatchet":{"ephemeralKeyPair":{"pubKey":"BaVLlKCllj6NdzegIZcdRMCk1kqbR6RR6uYWlQPucbEr","privKey":"gF7EIWuwsrAbGCtb4lqnLzL43vRwVrZaFOAgicc4GGc="},"lastRemoteEphemeralKey":"BX9GPiIgvY/Kvqm8otSgMtIjLl8H8rv3Wb0ARL5mMMlS","previousCounter":0,"rootKey":"o3z48corSwWDJZzWy1MXddQ2zK6+f10gYLCVaT+8DHs="},"indexInfo":{"baseKey":"BfNprepr/E9qRYBVLOVaUtBOJqdSO28uo3XHQQzNTwFK","baseKeyType":1,"closed":1676784472026,"used":1676784468110,"created":1676784468110,"remoteIdentityKey":"BdPIit+lv67V4zmAnZMdsaut497+MzcsY5r+FcM89NUz"},"_chains":{"BaVLlKCllj6NdzegIZcdRMCk1kqbR6RR6uYWlQPucbEr":{"chainKey":{"counter":0,"key":"TAEGyUHnuZUuLufGSENPKD6cH0PcHzPrRzQb3AFYAbg="},"chainType":1,"messageKeys":{}}},"pendingPreKey":{"signedKeyId":1,"baseKey":"BfNprepr/E9qRYBVLOVaUtBOJqdSO28uo3XHQQzNTwFK"}},"BXSpu0Sd8ANeL1xrzO8RSXSMtFRoZLMec4a4okl4VFJr":{"registrationId":111,"currentRatchet":{"ephemeralKeyPair":{"pubKey":"BXfCX5fl13IOMu9ewthFDGtSnQBSGE2jdsW+fbhrxmUX","privKey":"aAZ3XMFiVIXechvB4B+1H7GfHGrx0T/zZI13GNwhL3c="},"lastRemoteEphemeralKey":"BSM8duFo2QRAuEBdaSJzWXEK69wSq6YNmfBswhFixyxQ","previousCounter":0,"rootKey":"aTjRJ/YUc/Mj+sleU7GMjCzvT7+f0m4E86FEB+BWMDA="},"indexInfo":{"baseKey":"BXSpu0Sd8ANeL1xrzO8RSXSMtFRoZLMec4a4okl4VFJr","baseKeyType":2,"closed":-1,"used":1676784472034,"created":1676784472034,"remoteIdentityKey":"BdPIit+lv67V4zmAnZMdsaut497+MzcsY5r+FcM89NUz"},"_chains":{"BSM8duFo2QRAuEBdaSJzWXEK69wSq6YNmfBswhFixyxQ":{"chainKey":{"counter":0,"key":"fWEvnA9a/uLACr+hxW7+SwneGvrF0M2fS0lp79QsjPg="},"chainType":2,"messageKeys":{}},"BXfCX5fl13IOMu9ewthFDGtSnQBSGE2jdsW+fbhrxmUX":{"chainKey":{"counter":-1,"key":"WjyAl3Fd/fGorBzLgWZOr1X/+mj4B4ZggmdPFQHoLIQ="},"chainType":1,"messageKeys":{}}}}},"version":"v1"}