{"_sessions":{"BdXD23C6py04qdxZoBQG2bAiWEGAj8FXzZxLpTOpr641":{"registrationId":620781483,"currentRatchet":{"ephemeralKeyPair":{"pubKey":"BZ2xxivpFPFFgAjCLxjC8MnaMGgsyE7BICOlyhBAkpoB","privKey":"6OSXG0Vm6brHkf2ruVI8EH5H0H+OeKhr3X4W9Lzgg1I="},"lastRemoteEphemeralKey":"BQH2RcTpBmObogNcRuctrV5oC74lLTGxVKZRJFX8N2Ez","previousCounter":0,"rootKey":"NFZoSWmnITtEriTeQvrVQumGRNjDZQnl1QAaJDjaqxA="},"indexInfo":{"baseKey":"BdXD23C6py04qdxZoBQG2bAiWEGAj8FXzZxLpTOpr641","baseKeyType":1,"closed":-1,"used":1676784470297,"created":1676784470297,"remoteIdentityKey":"BQE5kZIT5/hvRQjig5GaNQpL72UofIwtTqXbX/LJHBwB"},"_chains":{"BZ2xxivpFPFFgAjCLxjC8MnaMGgsyE7BICOlyhBAkpoB":{"chainKey":{"counter":0,"key":"B4JT6F57A5+hbS3KCzi7aXjxnUTNh2quH2SX2uqYKNo="},"chainType":1,"messageKeys":{}}},"pendingPreKey":{"signedKeyId":2,"baseKey":"BdXD23C6py04qdxZoBQG2bAiWEGAj8FXzZxLpTOpr641"}}},"version":"v1"}