{"_sessions":{"BXIsdjeSPnVxzsY5IAYJQiTs2q9CMJ1KZf719FCEGTdZ":{"registrationId":1926692685,"currentRatchet":{"ephemeralKeyPair":{"pubKey":"BQpV4qC3xstIQSb8fQaFs9rt0Ihuol4f6gBWSFQQUfUH","privKey":"8HWkMzvSYyqyFbfwklb8x1oL09wNQ6SuaniW9F4+V2I="},"lastRemoteEphemeralKey":"BSOMgvB5634ORfeqedu18hK6X0IfN6JlMy/LRvDIJwJE","previousCounter":0,"rootKey":"WrrCBklAbeSWX92zvXG/WjZ25EEJWnnUGLIvtAl0Syc="},"indexInfo":{"baseKey":"BXIsdjeSPnVxzsY5IAYJQiTs2q9CMJ1KZf719FCEGTdZ","baseKeyType":1,"closed":-1,"used":1676784470109,"created":1676784470109,"remoteIdentityKey":"BdEBdDcI13PYuQeLsGOhAB2uIjIZWYw7DuSKwjB2V+AF"},"_chains":{"BQpV4qC3xstIQSb8fQaFs9rt0Ihuol4f6gBWSFQQUfUH":{"chainKey":{"counter":0,"key":"GyZ7FeityGZcnNYf5I/Zr/7aVQaNfO8IDUwMcu04lNA="},"chainType":1,"messageKeys":{}}},"pendingPreKey":{"signedKeyId":1,"baseKey":"BXIsdjeSPnVxzsY5IAYJQiTs2q9CMJ1KZf719FCEGTdZ","preKeyId":9519779}}},"version":"v1"}