{"_sessions":{"BYHuszV6MWvA0DjXrqUx5MOjwHI7LDkayQqAYVyVOKBr":{"registrationId":708366886,"currentRatchet":{"ephemeralKeyPair":{"pubKey":"BcS7K0OZ8NhXv/KiTDGM1dkttS57hpG33n2CfHYFlC4J","privKey":"uPlV3wh9UW0fFlxFBUwUXD24ySKtEkK0U4BinkqS72E="},"lastRemoteEphemeralKey":"BWD7qyz9pJjwmLNJ3P5S3TLwVnKYaVG92CdxuMFZXNpE","previousCounter":0,"rootKey":"7S6dRDXT8zh7c1Rvhsj5nZldBxSVxy6dZ6+8wqpTHyk="},"indexInfo":{"baseKey":"BYHuszV6MWvA0DjXrqUx5MOjwHI7LDkayQqAYVyVOKBr","baseKeyType":1,"closed":-1,"used":1676784469428,"created":1676784469428,"remoteIdentityKey":"Ba3O7+ge+Fm5WvSBsMDOjLcKi6zDlQ0m8yrSuJV9s9Mh"},"_chains":{"BcS7K0OZ8NhXv/KiTDGM1dkttS57hpG33n2CfHYFlC4J":{"chainKey":{"counter":0,"key":"AzG/JDSNAzx0FQOsC7quIqF9PdX4JGLilNlueGsPQRU="},"chainType":1,"messageKeys":{}}},"pendingPreKey":{"signedKeyId":1,"baseKey":"BYHuszV6MWvA0DjXrqUx5MOjwHI7LDkayQqAYVyVOKBr","preKeyId":6691539}}},"version":"v1"}