{"_sessions":{"BX85KqME0nbOVfqp5OipvP3poF5KPFgaSUNE0LMxgWtF":{"registrationId":1279384506,"currentRatchet":{"ephemeralKeyPair":{"pubKey":"BXw/V4xrn4aNqo2bHhVr2GH4k9Q0UrdxrHGupYDAz3ko","privKey":"6KVVWoojygIyqsnIbtETyfDvML8Ertjo92jlgI3IeGo="},"lastRemoteEphemeralKey":"BbaUVmjjjYyBdFe1wtiW2KR5ugR2kACabFLE1klLF+tt","previousCounter":0,"rootKey":"pgTFi59HcjzCE+mtKk62/GCwRK/2x+9IkDi0cRw1Z+8="},"indexInfo":{"baseKey":"BX85KqME0nbOVfqp5OipvP3poF5KPFgaSUNE0LMxgWtF","baseKeyType":1,"closed":-1,"used":1676784469376,"created":1676784469376,"remoteIdentityKey":"BRz0GxciAz2LdOuqvxHTQwLkqpP3lMUE3WzWrDRTEuZb"},"_chains":{"BXw/V4xrn4aNqo2bHhVr2GH4k9Q0UrdxrHGupYDAz3ko":{"chainKey":{"counter":0,"key":"/dylIGTfp/WL2Nud2w0YrHJ1j2ysO6HbmjZAk6fiDcs="},"chainType":1,"messageKeys":{}}},"pendingPreKey":{"signedKeyId":1,"baseKey":"BX85KqME0nbOVfqp5OipvP3poF5KPFgaSUNE0LMxgWtF","preKeyId":15828140}}},"version":"v1"}