{"_sessions":{"Baq1xuOOeEmJfLESqe9sylQbv6wTkK8RNDbXONUYfJsO":{"registrationId":197195144,"currentRatchet":{"ephemeralKeyPair":{"pubKey":"BSQuLrea9wcFj93B6WHfRCJwttUHybAvQMTE5LF/Rdhu","privKey":"sKbyCbNxTZtDVQm1buPt88kw9/gQq9Wlk2ubJ5HkCnQ="},"lastRemoteEphemeralKey":"BbgKyc7EBK4t5/jrlSmnj8Gvyg7AkKm3HyLnPIdrV54k","previousCounter":0,"rootKey":"QxX6ReR2ET3EAygpcWQnmOOneNS8/Yh9jO0yk72aCF4="},"indexInfo":{"baseKey":"Baq1xuOOeEmJfLESqe9sylQbv6wTkK8RNDbXONUYfJsO","baseKeyType":1,"closed":-1,"used":1676784469069,"created":1676784469069,"remoteIdentityKey":"BR/jnkNHYZCW4waO/mzoQu65t8WQbqq3EYzFcVAi/XxE"},"_chains":{"BSQuLrea9wcFj93B6WHfRCJwttUHybAvQMTE5LF/Rdhu":{"chainKey":{"counter":0,"key":"k3VUYuY10+94Els1/Fj97KVdF7XTDWYigHdThkpJ+YM="},"chainType":1,"messageKeys":{}}},"pendingPreKey":{"signedKeyId":0,"baseKey":"Baq1xuOOeEmJfLESqe9sylQbv6wTkK8RNDbXONUYfJsO"}}},"version":"v1"}