{"_sessions":{"BSCh7DYyT2YWnJU2S2svl2jh0qRALYxlL0hLO16S7wEB":{"registrationId":2001644274,"currentRatchet":{"ephemeralKeyPair":{"pubKey":"BVMoYnETtp2Upr90jTj5IhG2MltA/e3OjpSW6veGD2se","privKey":"wEvQ73bRTIY8MduROEaX4kAbSerqGwqIJRcbkpM5XnI="},"lastRemoteEphemeralKey":"BYtSsArviaKa49XskFOCImxgs6qw8Az6hpP161mFvqxq","previousCounter":0,"rootKey":"NsCCzsKzTOFwP+flU2zmYQKv2RysePeOs9D13XBk0mI="},"indexInfo":{"baseKey":"BSCh7DYyT2YWnJU2S2svl2jh0qRALYxlL0hLO16S7wEB","baseKeyType":1,"closed":-1,"used":1676784469776,"created":1676784469776,"remoteIdentityKey":"BR5Tv6/xJ71yuJXX/iBfyqdwwsqUe234lwQXaKeDrrwP"},"_chains":{"BVMoYnETtp2Upr90jTj5IhG2MltA/e3OjpSW6veGD2se":{"chainKey":{"counter":0,"key":"nzQXs6p8SmwenwphPQfMEMSIJyfpEVsoOUlurNCsZ9U="},"chainType":1,"messageKeys":{}}},"pendingPreKey":{"signedKeyId":1,"baseKey":"BSCh7DYyT2YWnJU2S2svl2jh0qRALYxlL0hLO16S7wEB","preKeyId":154258}}},"version":"v1"}