{"_sessions":{"BXJPaEE/As7wyNq/57JfHBmX1x/2tArhi3RvxGXQ0dcI":{"registrationId":1460500224,"currentRatchet":{"ephemeralKeyPair":{"pubKey":"BetlUHbnThSVQSJdX5Mpa9pRpdjFWHkwd6YjmxeKUNcq","privKey":"KDFCljieVTfRWOvQl0ud39PvNFthaeyWhft08bAb4mE="},"lastRemoteEphemeralKey":"BfW+95BN4EmxUdUMlBN4tW8rdqVIvuaoulKgFNuh5ykX","previousCounter":0,"rootKey":"AqFZuOp1BKhNzAMZTjC545fRFMT8SLIW3JCj9KNxfx8="},"indexInfo":{"baseKey":"BXJPaEE/As7wyNq/57JfHBmX1x/2tArhi3RvxGXQ0dcI","baseKeyType":1,"closed":-1,"used":1676784469941,"created":1676784469941,"remoteIdentityKey":"BaVITnOrldZoGFm49Jtq1RSTx6z1cvzWqX3SIJ9O94se"},"_chains":{"BetlUHbnThSVQSJdX5Mpa9pRpdjFWHkwd6YjmxeKUNcq":{"chainKey":{"counter":0,"key":"PNuRrkusf1MXZAyrDX+tDlpRf0irIl/Yxdsg+I3eBH0="},"chainType":1,"messageKeys":{}}},"pendingPreKey":{"signedKeyId":0,"baseKey":"BXJPaEE/As7wyNq/57JfHBmX1x/2tArhi3RvxGXQ0dcI","preKeyId":6921981}}},"version":"v1"}