{"_sessions":{"BU1iXX96FEGHnBTHnsf98jyTurQ8CG6xFI6OGodw/XYJ":{"registrationId":39434533,"currentRatchet":{"ephemeralKeyPair":{"pubKey":"BUKt9sdEmE7aekvOdyVSCh+ZTKM1ZYpVay1UupkEskFN","privKey":"GHwskFjpeI9kvshh2kyFevtP+rtqlhCsOyHmQcN59Uo="},"lastRemoteEphemeralKey":"BWoGhkPkIrkCoHXItAyEe7wL0pzdxPizziIqkrh1tUkU","previousCounter":0,"rootKey":"lWWau/lUCbPl/4fBzNxXN0JY1eSVGIess2l3TilmtSg="},"indexInfo":{"baseKey":"BU1iXX96FEGHnBTHnsf98jyTurQ8CG6xFI6OGodw/XYJ","baseKeyType":1,"closed":-1,"used":1676784469919,"created":1676784469919,"remoteIdentityKey":"BQHn7PSzd6QBrflttq8lq9kQ/wEuFUnRwWG64YaSExBD"},"_chains":{"BUKt9sdEmE7aekvOdyVSCh+ZTKM1ZYpVay1UupkEskFN":{"chainKey":{"counter":0,"key":"u+UkWbkHZgxNLORz+Ji3j8rBMPWNLzl5Sa706ZgvQ7w="},"chainType":1,"messageKeys":{}}},"pendingPreKey":{"signedKeyId":1,"baseKey":"BU1iXX96FEGHnBTHnsf98jyTurQ8CG6xFI6OGodw/XYJ","preKeyId":2130266}}},"version":"v1"}