{"_sessions":{"Bcp9acN1S9n7LnXkZe+rbEmUbM/KekKQe6+omwinWWgc":{"registrationId":1611321494,"currentRatchet":{"ephemeralKeyPair":{"pubKey":"BTaEWhT/lbdOgUQoyK884Uc+3I/hO4TuOPvwqi3yjutH","privKey":"6D7LwoRkIOrEAVKvtogLfM2Qjb2cm3H/RUJoNxvnAnI="},"lastRemoteEphemeralKey":"BXRnTKra390IxRjlWNDAKGTGH5Peh5IbGLeNXfOa0HkE","previousCounter":0,"rootKey":"6LohHok20U9m0Q1OAb5AK42wZhNoF+MYivjXGzsMe2g="},"indexInfo":{"baseKey":"Bcp9acN1S9n7LnXkZe+rbEmUbM/KekKQe6+omwinWWgc","baseKeyType":1,"closed":-1,"used":1676784470238,"created":1676784470238,"remoteIdentityKey":"BblLYIfrx1j6m2Oc5kIZhRe6Dsv1q12iMfsNrQB1DmB2"},"_chains":{"BTaEWhT/lbdOgUQoyK884Uc+3I/hO4TuOPvwqi3yjutH":{"chainKey":{"counter":0,"key":"Usz3Pt7iSEE1L9mflQLg8eRsiSnlcOk8KIKfDrX/Z2w="},"chainType":1,"messageKeys":{}}},"pendingPreKey":{"signedKeyId":0,"baseKey":"Bcp9acN1S9n7LnXkZe+rbEmUbM/KekKQe6+omwinWWgc"}}},"version":"v1"}