{"_sessions":{"BQdmBMq9uzqqisSs8czHC+DajLOkUYpBCy8iL2m0fUpM":{"registrationId":879271361,"currentRatchet":{"ephemeralKeyPair":{"pubKey":"Ba1mPWNR5aDBhv94L/ryhnOTnvIa7S7z02ozDTgKu256","privKey":"OGv7pEKsPJNoscK3YdjMZMqP87zIpy/m2G7WvDjcPEc="},"lastRemoteEphemeralKey":"BaJRJffj0sFWPxlxoPu/r8AVc6ggjl9cWOSEYMqsoed8","previousCounter":0,"rootKey":"Anq2j24rfqNouh1nc+ATPirS+fEvScWG+s3uyIkFKPc="},"indexInfo":{"baseKey":"BQdmBMq9uzqqisSs8czHC+DajLOkUYpBCy8iL2m0fUpM","baseKeyType":1,"closed":-1,"used":1676784470371,"created":1676784470371,"remoteIdentityKey":"BY2y/YKO5EaC7sABxktCnfKwnkqjdhpDkyPb0CmpB3Ev"},"_chains":{"Ba1mPWNR5aDBhv94L/ryhnOTnvIa7S7z02ozDTgKu256":{"chainKey":{"counter":0,"key":"Fxt1YdQ8LsUoeVU2STjDN7zY5myY1DnSK2b6hfSKAN8="},"chainType":1,"messageKeys":{}}},"pendingPreKey":{"signedKeyId":1,"baseKey":"BQdmBMq9uzqqisSs8czHC+DajLOkUYpBCy8iL2m0fUpM","preKeyId":15911409}}},"version":"v1"}