{"_sessions":{"BWPWgmmrJ1tqd2MGplnvll84P8vKt2yp8SzpfAWQpUwm":{"registrationId":1717775846,"currentRatchet":{"ephemeralKeyPair":{"pubKey":"BeT6CkM/2Ey6yHGUSk1a9hLj+AEPNcZ2zYubqSkiOsZc","privKey":"uP4bFazx8K9Hctr49+uEj1/DBlrY1HUrW4b864fFCFA="},"lastRemoteEphemeralKey":"BYS9RorfFPu0yX/dONRa7litwDlePFIqd3hruALaRBQG","previousCounter":0,"rootKey":"JSqKHAb2qJVnnv40Exuvihr7U2KDvBRKYtuOfl1ANWU="},"indexInfo":{"baseKey":"BWPWgmmrJ1tqd2MGplnvll84P8vKt2yp8SzpfAWQpUwm","baseKeyType":1,"closed":-1,"used":1676784470419,"created":1676784470419,"remoteIdentityKey":"Be8057PRHvB1Feyc/9TfyTFfQgohxegPCjo0ZVj8MKlP"},"_chains":{"BeT6CkM/2Ey6yHGUSk1a9hLj+AEPNcZ2zYubqSkiOsZc":{"chainKey":{"counter":0,"key":"UTQ0JqrfvmD+bzMY8/Cdv0XTj85ahaJLeVpbVXQl6cU="},"chainType":1,"messageKeys":{}}},"pendingPreKey":{"signedKeyId":1,"baseKey":"BWPWgmmrJ1tqd2MGplnvll84P8vKt2yp8SzpfAWQpUwm","preKeyId":224080}}},"version":"v1"}