{"_sessions":{"BWNcHvN3nQRGGUu6VAlZh8hSHbrLrvhKmCvkqW2Uzthk":{"registrationId":841142848,"currentRatchet":{"ephemeralKeyPair":{"pubKey":"BbAVbFdycx1HDTR6ruq8GHK3gEI9phwYVs9Ad8O1Edho","privKey":"qCwadJkq8YW07onrL5nmKyouRZZlWujXR3zMVVENkUA="},"lastRemoteEphemeralKey":"BbIYgOqBygS5TON9QPBVd6sVjGwADYlu4Z8uW6yatJxs","previousCounter":0,"rootKey":"v567vHO5MSUW/yvn53OI25y91HmvTjARv7WsjNPCvwM="},"indexInfo":{"baseKey":"BWNcHvN3nQRGGUu6VAlZh8hSHbrLrvhKmCvkqW2Uzthk","baseKeyType":1,"closed":-1,"used":1676784470447,"created":1676784470447,"remoteIdentityKey":"Bdtlmoc70+PwN9wxtb+vMMmamEnPngYfrOrnWIPj3UB+"},"_chains":{"BbAVbFdycx1HDTR6ruq8GHK3gEI9phwYVs9Ad8O1Edho":{"chainKey":{"counter":0,"key":"Rfh4QsKKgoKdOXLKOMHX66MJbaUKR07E3ndDrGWhu/s="},"chainType":1,"messageKeys":{}}},"pendingPreKey":{"signedKeyId":5,"baseKey":"BWNcHvN3nQRGGUu6VAlZh8hSHbrLrvhKmCvkqW2Uzthk","preKeyId":6792655}}},"version":"v1"}