{"_sessions":{"BWX/PqDZdKYOeh66wPxE6j0YDsBuXBxr7yXsC98uawg1":{"registrationId":472418877,"currentRatchet":{"ephemeralKeyPair":{"pubKey":"BV4JPFJoVQblp4Cq1BKYu/2joEm3XI+OCiy+QYNbsp5k","privKey":"YLbqwSv5/VeBJJyfHQn3rDQtXfFkvyEyLTs/hWTwMW0="},"lastRemoteEphemeralKey":"BWMztjG0l71WKdD1+FBLIeSbl5PE60U1OeN7nR9a3EcT","previousCounter":0,"rootKey":"TZRW7gLJSm5e+0iZquNmWGPktGEejMw9lFYATpAjLx8="},"indexInfo":{"baseKey":"BWX/PqDZdKYOeh66wPxE6j0YDsBuXBxr7yXsC98uawg1","baseKeyType":1,"closed":-1,"used":1676784469576,"created":1676784469576,"remoteIdentityKey":"BRxQNLTok5ullMpH1f7ni0ds4oowKx7DeON254MleYod"},"_chains":{"BV4JPFJoVQblp4Cq1BKYu/2joEm3XI+OCiy+QYNbsp5k":{"chainKey":{"counter":0,"key":"mNYhvMwjRma2B2HdVjrqwkreTUvF7aX40ZDxKU9Rlvw="},"chainType":1,"messageKeys":{}}},"pendingPreKey":{"signedKeyId":0,"baseKey":"BWX/PqDZdKYOeh66wPxE6j0YDsBuXBxr7yXsC98uawg1","preKeyId":6322594}}},"version":"v1"}