{"_sessions":{"BW/8IUkRAIn90ng+vLqLDRkp8VLHIITM8B36WXzAUj5i":{"registrationId":1686169077,"currentRatchet":{"ephemeralKeyPair":{"pubKey":"BdiJ4n5XQEYe+heRajqcmiTYKb73CphylNKQdfg4Ea8K","privKey":"0KL2mkmN3Cld/FDPg+pVpdnwmmn06AlqxYMlBNe96lQ="},"lastRemoteEphemeralKey":"BYORxgZnCtJoMgSHdZ1Iyfo8bnWMwuGR2fIA/sa4OmYV","previousCounter":0,"rootKey":"7tmxm5rvZB+MzBr42y6Ec8QkerDP9PpaTBrAKtAF7Wg="},"indexInfo":{"baseKey":"BW/8IUkRAIn90ng+vLqLDRkp8VLHIITM8B36WXzAUj5i","baseKeyType":1,"closed":-1,"used":1676784469598,"created":1676784469598,"remoteIdentityKey":"Bc++P4Wf2eNBZyeraaDJx8ngr3whxdPUVqRQ5WiRyuZd"},"_chains":{"BdiJ4n5XQEYe+heRajqcmiTYKb73CphylNKQdfg4Ea8K":{"chainKey":{"counter":0,"key":"UvQQogjjkJz8tJNVoavcXpx0w/oLQ03w8WVQ9UEBLJk="},"chainType":1,"messageKeys":{}}},"pendingPreKey":{"signedKeyId":1,"baseKey":"BW/8IUkRAIn90ng+vLqLDRkp8VLHIITM8B36WXzAUj5i"}}},"version":"v1"}