{"_sessions":{"BdasWb3MbMTWJR6J9Cwfovyfv3PGL/t2B6CwMmIMa+F1":{"registrationId":154227472,"currentRatchet":{"ephemeralKeyPair":{"pubKey":"BZ41/fOmBPu+Z75Wm7Zo4WZQ9Ekt87DMCQuuEw+KAm09","privKey":"QGT1NPiUE9VI0MzQByZotBLwUuTfuy8idoYfzUkYyWg="},"lastRemoteEphemeralKey":"BRuxXgbU0Qm3estD/YTB3m8lpNYfXBSwYdTCByZSpUEZ","previousCounter":0,"rootKey":"z3xWveCTvWWahT4CCups3jtXKE0+YPPaaDeKfWfjbCs="},"indexInfo":{"baseKey":"BdasWb3MbMTWJR6J9Cwfovyfv3PGL/t2B6CwMmIMa+F1","baseKeyType":1,"closed":-1,"used":1676784469137,"created":1676784469137,"remoteIdentityKey":"BZDZzCqfP3sBgavNsZ3UMuuVCzO8hSoPlXtLMG1ebkVz"},"_chains":{"BZ41/fOmBPu+Z75Wm7Zo4WZQ9Ekt87DMCQuuEw+KAm09":{"chainKey":{"counter":0,"key":"L83Cs7lTo5+dXYbzg0BTwSnkttFTK6ipvUh0Rx5GKcY="},"chainType":1,"messageKeys":{}}},"pendingPreKey":{"signedKeyId":0,"baseKey":"BdasWb3MbMTWJR6J9Cwfovyfv3PGL/t2B6CwMmIMa+F1","preKeyId":14358445}}},"version":"v1"}