{"_sessions":{"BcXwDHY9TCvv4qBnfhtiU9wHcFiAozZow+9uAAUfziNx":{"registrationId":6,"currentRatchet":{"ephemeralKeyPair":{"pubKey":"BcnkowVyRG3jdiX4/sGkn45D1g4uDDP1X/RC92gJvl4H","privKey":"YCJEXDTQAsShDrzqUUmC2myDy9Euu5Le4pZcQmZgVl8="},"lastRemoteEphemeralKey":"BbxcVBvOUaXq2AE3QIYgNvuY0HssBHVDJd/FGN9fdqVX","previousCounter":0,"rootKey":"W8CxbANx3aCVjsQzvi4ykX99hLbZNGnSjq+ilpfiDLs="},"indexInfo":{"baseKey":"BcXwDHY9TCvv4qBnfhtiU9wHcFiAozZow+9uAAUfziNx","baseKeyType":1,"closed":-1,"used":1676776034769,"created":1676776034769,"remoteIdentityKey":"Bc/1/fCp9L8i8Tc8xQLiRJTC9XiHzPjXbo7pNPZth6xx"},"_chains":{"BcnkowVyRG3jdiX4/sGkn45D1g4uDDP1X/RC92gJvl4H":{"chainKey":{"counter":0,"key":"qWDwD5gMdWZ0T34wqXLyIbddKkumKJD6SnlFw4OaLnw="},"chainType":1,"messageKeys":{}}},"pendingPreKey":{"signedKeyId":1,"baseKey":"BcXwDHY9TCvv4qBnfhtiU9wHcFiAozZow+9uAAUfziNx","preKeyId":9}}},"version":"v1"}