{"_sessions":{"BZxecmIJTeHiE63i3fFM/eByZ5cPpixmEsIut/xLLkpX":{"registrationId":1862343334,"currentRatchet":{"ephemeralKeyPair":{"pubKey":"BZAjMFSrRMvic604OykdeUcqdlmG5F0zTZ7wnEVlS7U2","privKey":"SIq33ZkpJLFSRSEXR85veloJH9jsqkNV1L6RYPLH9ks="},"lastRemoteEphemeralKey":"BUSxzYnIeR8PtflXgmXO46Uab7YsrSOyF6dHSMHf0QVS","previousCounter":0,"rootKey":"B6SIfOR2PIkArYtDY2wZFjSqzkmUS9XHLp4QqVWQWx8="},"indexInfo":{"baseKey":"BZxecmIJTeHiE63i3fFM/eByZ5cPpixmEsIut/xLLkpX","baseKeyType":1,"closed":-1,"used":1676784468514,"created":1676784468514,"remoteIdentityKey":"BaSz8f/cPulFn7TwHgrjw4kTKAu0awvW9CJBkdZq/hg7"},"_chains":{"BZAjMFSrRMvic604OykdeUcqdlmG5F0zTZ7wnEVlS7U2":{"chainKey":{"counter":0,"key":"yC56uaBuBXtPRvYp1KIHfiiwgFq3JFfSJ+zblydiWq0="},"chainType":1,"messageKeys":{}}},"pendingPreKey":{"signedKeyId":1,"baseKey":"BZxecmIJTeHiE63i3fFM/eByZ5cPpixmEsIut/xLLkpX","preKeyId":12021681}}},"version":"v1"}