{"_sessions":{"BfGvTID2fcZe15se8/kBu5ENgbGaG2W6RziAQwQ0HZQU":{"registrationId":182,"currentRatchet":{"ephemeralKeyPair":{"pubKey":"BYfU3nYUzkAdA0M/aL/my38ZtGwxn9nmVn700hPZC88r","privKey":"oDV6YLNGofxCcEOv4OzPTPvrvPgyYdr/UrfZAK9A2nE="},"lastRemoteEphemeralKey":"BSuB4DP5C9HhAkIn0B+PrVF30rK9kgoN/tn8Ger7ypwB","previousCounter":0,"rootKey":"9g2Eg3LvF33gw/RJFqI3xvCtxPz4A8fX6/6dnw4iT5A="},"indexInfo":{"baseKey":"BfGvTID2fcZe15se8/kBu5ENgbGaG2W6RziAQwQ0HZQU","baseKeyType":1,"closed":-1,"used":1676784467927,"created":1676784467927,"remoteIdentityKey":"BRBKxG0dJ6VbSQV7rYYVhPJdwiXZQTKWNw30V71wc2wy"},"_chains":{"BYfU3nYUzkAdA0M/aL/my38ZtGwxn9nmVn700hPZC88r":{"chainKey":{"counter":0,"key":"Wub6bHg47xdwwptxxgYdc9Gf/4MnUs1FaLzirSCM1LY="},"chainType":1,"messageKeys":{}}},"pendingPreKey":{"signedKeyId":1,"baseKey":"BfGvTID2fcZe15se8/kBu5ENgbGaG2W6RziAQwQ0HZQU"}}},"version":"v1"}