{"_sessions":{"BVj65358qp141qVv4zdqAY3vbHGtmr8bRpL2q2+BtQ0S":{"registrationId":1394865775,"currentRatchet":{"ephemeralKeyPair":{"pubKey":"BeU4cnkWcqacGHnoeOijdYogq8LkwCJpmbK0NRIDHztt","privKey":"uJVbnIQTx/hDrP6qkypqX902u6k9gZCy94doygsJzHI="},"lastRemoteEphemeralKey":"BeJnCfmeFJ51JCYhWcsnPj1fWWCBlXG6nNJBs3GcUeE6","previousCounter":0,"rootKey":"qqjYuPiIlshX1IvFu4rDiNVCIPVVCV9ohpHDAPhvpz8="},"indexInfo":{"baseKey":"BVj65358qp141qVv4zdqAY3vbHGtmr8bRpL2q2+BtQ0S","baseKeyType":2,"closed":-1,"used":1676748627427,"created":1676748627427,"remoteIdentityKey":"BerLYHyYa0vBUAsBI2BpkuvqGsDQqv/xE6cBPLwTLSY+"},"_chains":{"BeJnCfmeFJ51JCYhWcsnPj1fWWCBlXG6nNJBs3GcUeE6":{"chainKey":{"counter":0,"key":"4aIcDyR3MOh1mmMRhmgyuwa5id/syw60yY/4sHYnh74="},"chainType":2,"messageKeys":{}},"BeU4cnkWcqacGHnoeOijdYogq8LkwCJpmbK0NRIDHztt":{"chainKey":{"counter":-1,"key":"bvH4nzgdJR7mfmwmFw4tuLMT7Gym/bAeqb8bEurSLqI="},"chainType":1,"messageKeys":{}}}}},"version":"v1"}