{"_sessions":{"BWTYibfqGQ5F9dbnbXyOTpVAS4HSfITQCBaFYMO34iFv":{"registrationId":1347396926,"currentRatchet":{"ephemeralKeyPair":{"pubKey":"Ba09FJXoIyS1cObf+xGd4FGinO6sxvqv1tB88HMxs3M6","privKey":"4H7O9Bobk/xXRa1+HyrRePOiAZ9Dwt8h3LoSPEFejVE="},"lastRemoteEphemeralKey":"BYYXr3nD696ZQfVEbMwUce+bKVCRV3GeDWJjMSNcitIu","previousCounter":0,"rootKey":"G+hm2C5ikFaMo1aVaJocfTgZKeo3vB+0yapPuyrJqHo="},"indexInfo":{"baseKey":"BWTYibfqGQ5F9dbnbXyOTpVAS4HSfITQCBaFYMO34iFv","baseKeyType":1,"closed":-1,"used":1676784469447,"created":1676784469447,"remoteIdentityKey":"BTQbSrqeIPlVv5FZQ70kU58qLNQVYPjaQDMA9fSM6ltG"},"_chains":{"Ba09FJXoIyS1cObf+xGd4FGinO6sxvqv1tB88HMxs3M6":{"chainKey":{"counter":0,"key":"3l2FYZXEDrdsqXladkIzS9AxBJkTEFx+BFdUn94NCFk="},"chainType":1,"messageKeys":{}}},"pendingPreKey":{"signedKeyId":1,"baseKey":"BWTYibfqGQ5F9dbnbXyOTpVAS4HSfITQCBaFYMO34iFv"}}},"version":"v1"}