{"_sessions":{"BcURO12MyYqK+Yq6Q7V8eQ4nIHcvuFqDXMJqcc2FIRND":{"registrationId":524761225,"currentRatchet":{"ephemeralKeyPair":{"pubKey":"Baa2/dYwDdp6CglYk0guYz+og3e6tPj9OlRZLIpaGlle","privKey":"+CpnvUfgwbqGR4byaf+UmSKz07cXrFGqaCNKPpy/R0o="},"lastRemoteEphemeralKey":"BbMnxq8p1TGd7Lr701CKXw56/UlrkVqaJi1KkFZo5bZf","previousCounter":0,"rootKey":"91uSHyJvwb8bH/Ij/av/xv3FSR7ujR12HUNZul6M7PU="},"indexInfo":{"baseKey":"BcURO12MyYqK+Yq6Q7V8eQ4nIHcvuFqDXMJqcc2FIRND","baseKeyType":1,"closed":-1,"used":1676784468477,"created":1676784468477,"remoteIdentityKey":"BfnUr7r10HGwI+KqKo6O1RYNGtDlc1wC+RzSXbO7gSgS"},"_chains":{"Baa2/dYwDdp6CglYk0guYz+og3e6tPj9OlRZLIpaGlle":{"chainKey":{"counter":0,"key":"EtzdqV7vMSaM3Tfqb73Rv9zAhmY+Aamtu+VXrb3x8Hc="},"chainType":1,"messageKeys":{}}},"pendingPreKey":{"signedKeyId":0,"baseKey":"BcURO12MyYqK+Yq6Q7V8eQ4nIHcvuFqDXMJqcc2FIRND"}}},"version":"v1"}