{"_sessions":{"BSKDpRDR6rYOTf7DX5iHJZUD8EmSFWBG3AkqV17bowJg":{"registrationId":1471570125,"currentRatchet":{"ephemeralKeyPair":{"pubKey":"BbvjhQIRwAg4OvUqc5pGZfZ0+2XbuVMkOx7VMbIenFsm","privKey":"gHU0xLBYEJ+utYNZLW8cXhgCLIUK9N2ZPqDzJDZyLVk="},"lastRemoteEphemeralKey":"BXVBbLobzCYL87HyUrGs+Vu2ehbn0z/0SsKOl+026lFl","previousCounter":0,"rootKey":"HVnaqbcmsEvpdXVf9Sp5Bv0wv7lICTAvcBGl+ZoteW8="},"indexInfo":{"baseKey":"BSKDpRDR6rYOTf7DX5iHJZUD8EmSFWBG3AkqV17bowJg","baseKeyType":1,"closed":-1,"used":1676784468446,"created":1676784468446,"remoteIdentityKey":"Bei1v3hh62O5ounXgmwixoVQNDl4tOAhr2W2hIGLyqhE"},"_chains":{"BbvjhQIRwAg4OvUqc5pGZfZ0+2XbuVMkOx7VMbIenFsm":{"chainKey":{"counter":0,"key":"BRmkQnNqK0u5yr3pGN2BymjkKVe0hbc+yI3TpwlWkqs="},"chainType":1,"messageKeys":{}}},"pendingPreKey":{"signedKeyId":0,"baseKey":"BSKDpRDR6rYOTf7DX5iHJZUD8EmSFWBG3AkqV17bowJg"}}},"version":"v1"}