{"_sessions":{"BUy7gXnVEBrHC7qh0/UrC8jdNaO4sBirX2mF/nRyL8xz":{"registrationId":201,"currentRatchet":{"ephemeralKeyPair":{"pubKey":"BWttmlx/Gpuo2IUuxjOA0+9ijecguss2/Un2g57rK8N+","privKey":"4FsJEtq2nBdlBIVH6bj1A9tqqlDljeu8Czm3PmIguEw="},"lastRemoteEphemeralKey":"BR1beFIgl+J6Kjmq9r07tsIMrPB4fuBQayKEl0MyyY1X","previousCounter":0,"rootKey":"ph4AxJh2fylUIhLW6q0feONrUUx1y5UmKeilfC+CM58="},"indexInfo":{"baseKey":"BUy7gXnVEBrHC7qh0/UrC8jdNaO4sBirX2mF/nRyL8xz","baseKeyType":1,"closed":-1,"used":1676784468302,"created":1676784468302,"remoteIdentityKey":"BR72re29R6GRaZSe4IkGLPCKvmJ9+7mmxwT/gY5s2Gwb"},"_chains":{"BWttmlx/Gpuo2IUuxjOA0+9ijecguss2/Un2g57rK8N+":{"chainKey":{"counter":0,"key":"6kF6X0UUu+B2STxWzfaXz6aPcjne6ncgnLUPBGitdUk="},"chainType":1,"messageKeys":{}}},"pendingPreKey":{"signedKeyId":1,"baseKey":"BUy7gXnVEBrHC7qh0/UrC8jdNaO4sBirX2mF/nRyL8xz"}}},"version":"v1"}