{"_sessions":{"BRlI05SBA3ZLwEb2wpAgkIbjP8YscQ2NQJ7fc4/c7Qd3":{"registrationId":2108069325,"currentRatchet":{"ephemeralKeyPair":{"pubKey":"BTxFb/+p2vQQJjaHUQJAEbPNAylr72wnFvuGj8xf3ckH","privKey":"MDXnUFqNzPtbnAvTzDfQGocq+fBMPjnodT2eHU1HYkU="},"lastRemoteEphemeralKey":"BU54ezK+PIyqtruePfMp1/WriD9bnk83pTYLCL8MEulB","previousCounter":0,"rootKey":"xQGAZa43pEUZ7iaUF7wy6KH7xu6lM+MRezmJS+0AOts="},"indexInfo":{"baseKey":"BRlI05SBA3ZLwEb2wpAgkIbjP8YscQ2NQJ7fc4/c7Qd3","baseKeyType":1,"closed":-1,"used":1676784469186,"created":1676784469186,"remoteIdentityKey":"BZn+s1crlXTUIRxQhjMKYq/B8NzPLXE2dm3TQk+R1S0I"},"_chains":{"BTxFb/+p2vQQJjaHUQJAEbPNAylr72wnFvuGj8xf3ckH":{"chainKey":{"counter":0,"key":"FzH0ZOWOVPr8ypCwrMvh21iLfdtevy0qvde+N/ftkUs="},"chainType":1,"messageKeys":{}}},"pendingPreKey":{"signedKeyId":1,"baseKey":"BRlI05SBA3ZLwEb2wpAgkIbjP8YscQ2NQJ7fc4/c7Qd3","preKeyId":5462751}}},"version":"v1"}