{"_sessions":{"Bar9RxfddNcSBrQL09m340b8lhUOmvsOnR3S2FTgWwF/":{"registrationId":411854969,"currentRatchet":{"ephemeralKeyPair":{"pubKey":"BSaHj5cPlB//0SrgYL+ggMVz6IR93tD9Wl/caZUnXNwI","privKey":"cBGB7tPsgbIXNkw4lxHCiQOvPbeXTKigmxJtUDd36E0="},"lastRemoteEphemeralKey":"BRAY96O9knaB2Ki5UC2VDGwIDkxlEiWAl8hkQ/vceuos","previousCounter":1,"rootKey":"sbtbxu51wZmTKkaG12OY2dbQkjrDv9dhcaX2CM3XDvs="},"indexInfo":{"baseKey":"Bar9RxfddNcSBrQL09m340b8lhUOmvsOnR3S2FTgWwF/","baseKeyType":2,"closed":-1,"used":1676788966218,"created":1676788785769,"remoteIdentityKey":"Bdrmooc8BzJqg7mgYDk3G6KqHPI626Yok9q+b+7839Zh"},"_chains":{"BZNj9qW1cWvhZwKrZXjEOQwgH7+4neFXEXh4YCqQD0ZA":{"chainKey":{"counter":0},"chainType":2,"messageKeys":{}},"BZfOGKLvEk587QRvMI24Jcauuo+ht7q4Kp53o1TcvbdK":{"chainKey":{"counter":0},"chainType":2,"messageKeys":{}},"BRPlg2Y9AExtDjskgxCVr90ESHVoB/1mbe8d6PhPWTRz":{"chainKey":{"counter":0},"chainType":2,"messageKeys":{}},"Bd1aw0cddPrljWYfFQDplwOewIgqmEYFqrdY2Ci7ijZz":{"chainKey":{"counter":0},"chainType":2,"messageKeys":{}},"BRAY96O9knaB2Ki5UC2VDGwIDkxlEiWAl8hkQ/vceuos":{"chainKey":{"counter":0,"key":"SgHUEhZEAZ9TIxby59pJqfNnEcnEco531+1Koavl1X8="},"chainType":2,"messageKeys":{}},"BSaHj5cPlB//0SrgYL+ggMVz6IR93tD9Wl/caZUnXNwI":{"chainKey":{"counter":-1,"key":"DZOf3mis6XHaUAMtY0zbyzrLNwsEm5Gz+sE9FbKTkJc="},"chainType":1,"messageKeys":{}}}}},"version":"v1"}