{"_sessions":{"BeVLzG4RWv56WKla52n2uqNIXzFEe0Ix9qHIQeUHmYp0":{"registrationId":474144359,"currentRatchet":{"ephemeralKeyPair":{"pubKey":"Be3LuXnWlxedU3Ypbhq4x5TJEGUcyZokCH+qH9WisCF5","privKey":"8P9IPZ1BKcYPW8T1+Os4DlodHcrdwESSlUxudNaYI24="},"lastRemoteEphemeralKey":"BcSyjKI5W8+2Arup2qrJ8lNn0jEdQKoQfxJUdOQhDesF","previousCounter":12,"rootKey":"d4+ySV4q7mNtcHqJTPl/3Wh9gJB6V9vIlcZV/CkOgKI="},"indexInfo":{"baseKey":"BeVLzG4RWv56WKla52n2uqNIXzFEe0Ix9qHIQeUHmYp0","baseKeyType":2,"closed":1676744572426,"used":1676741995578,"created":1676741013967,"remoteIdentityKey":"Ba3jdePBYiekvgLoli7yry07mL7j0+MFCWAwUx+kbz1n"},"_chains":{"BY5gmxKxVYbJWOaQVURmOLsfruLDeUC2A5p36PajFWcL":{"chainKey":{"counter":1},"chainType":2,"messageKeys":{}},"BXc6dwJDA1/2JrmfcyvyjHi8TkxdZ7j8yNJOMiDBbS5n":{"chainKey":{"counter":6},"chainType":2,"messageKeys":{}},"Be8Sw69QOUgfGPIMQ5dl1kNZkGN/E5R6EnwE/lyLBM5M":{"chainKey":{"counter":0},"chainType":2,"messageKeys":{}},"BcSyjKI5W8+2Arup2qrJ8lNn0jEdQKoQfxJUdOQhDesF":{"chainKey":{"counter":0,"key":"rgpUjjUBtlntymNlR0Pu9OpHy+6TJbNPvutWJia4/18="},"chainType":2,"messageKeys":{}},"Be3LuXnWlxedU3Ypbhq4x5TJEGUcyZokCH+qH9WisCF5":{"chainKey":{"counter":15,"key":"4xLSkzNDKH+9yOISl5amp9xFY/vcZXpbDmvw/Dl8pqw="},"chainType":1,"messageKeys":{}}}},"BZqkUhk7q71jykdTK4JzYI+U/+BI/KVe2PFvxZaf0S92":{"registrationId":474144359,"currentRatchet":{"ephemeralKeyPair":{"pubKey":"BYRsS1LpKXAYQg0myDuoevuaClHzMbfEK5OChJxwHmpt","privKey":"qMRtdvTnZIWeCYm2qkCfXx62NwHeMNHyrvTHnUsOgn8="},"lastRemoteEphemeralKey":"Bdu5+D+RBirOlaF+oGqgISAyK8OJIk+oI7WAYz2DvEU2","previousCounter":0,"rootKey":"N48NaS8RKxAy4XYCohBgoK6hOAgy1+0Wp7nup/FTlbI="},"indexInfo":{"baseKey":"BZqkUhk7q71jykdTK4JzYI+U/+BI/KVe2PFvxZaf0S92","baseKeyType":1,"closed":1676744573170,"used":1676744572424,"created":1676744572424,"remoteIdentityKey":"Ba3jdePBYiekvgLoli7yry07mL7j0+MFCWAwUx+kbz1n"},"_chains":{"BYRsS1LpKXAYQg0myDuoevuaClHzMbfEK5OChJxwHmpt":{"chainKey":{"counter":-1,"key":"7pGFCjAaG3X/kFefmgNXuIzhw2E5YVpwnWhbWb9CoGQ="},"chainType":1,"messageKeys":{}}},"pendingPreKey":{"signedKeyId":0,"baseKey":"BZqkUhk7q71jykdTK4JzYI+U/+BI/KVe2PFvxZaf0S92","preKeyId":2771527}},"BYDASC7an6i+pPGfba/yG5YEvcxetelRedMtrQX1TaUC":{"registrationId":474144359,"currentRatchet":{"ephemeralKeyPair":{"pubKey":"BVC/zzAZqco3GlqIlxQ1/qAHU/K83xeg8TdkuUnmbZ4L","privKey":"MLgoCYPJBUU8FDGhLDXKShsqQTLitwPNCaaq1N5e7Wo="},"lastRemoteEphemeralKey":"Bdu5+D+RBirOlaF+oGqgISAyK8OJIk+oI7WAYz2DvEU2","previousCounter":0,"rootKey":"mDYdS8XIlI5fH+yiXkwEn5DuWoVj77d9pnFRLDGbubs="},"indexInfo":{"baseKey":"BYDASC7an6i+pPGfba/yG5YEvcxetelRedMtrQX1TaUC","baseKeyType":1,"closed":1676744574037,"used":1676744573167,"created":1676744573167,"remoteIdentityKey":"Ba3jdePBYiekvgLoli7yry07mL7j0+MFCWAwUx+kbz1n"},"_chains":{"BVC/zzAZqco3GlqIlxQ1/qAHU/K83xeg8TdkuUnmbZ4L":{"chainKey":{"counter":-1,"key":"efInbCWnjatpl10Tn8XXCuh3sCnk8kVhgTu9wvflIkU="},"chainType":1,"messageKeys":{}}},"pendingPreKey":{"signedKeyId":0,"baseKey":"BYDASC7an6i+pPGfba/yG5YEvcxetelRedMtrQX1TaUC","preKeyId":2770867}},"BdKgb3oVhC5u3O0mZo1FY7ByL0l7MXyYmCC86XVKn+11":{"registrationId":474144359,"currentRatchet":{"ephemeralKeyPair":{"pubKey":"BT0QRovDLfGuDQdr16b1P8z6oJ2IO2mOQuH3wjiqOfhR","privKey":"eIgjpYl41bLx3ONnzGBiqElUcIBCSbJgE+3LIrO3/Hs="},"lastRemoteEphemeralKey":"Bdu5+D+RBirOlaF+oGqgISAyK8OJIk+oI7WAYz2DvEU2","previousCounter":0,"rootKey":"DdXgMvLMxv16aLDPxNXLjN+KtEq971EQ0OPEPq9X1po="},"indexInfo":{"baseKey":"BdKgb3oVhC5u3O0mZo1FY7ByL0l7MXyYmCC86XVKn+11","baseKeyType":1,"closed":1676744574679,"used":1676744574034,"created":1676744574034,"remoteIdentityKey":"Ba3jdePBYiekvgLoli7yry07mL7j0+MFCWAwUx+kbz1n"},"_chains":{"BT0QRovDLfGuDQdr16b1P8z6oJ2IO2mOQuH3wjiqOfhR":{"chainKey":{"counter":-1,"key":"afWGtmZ8Nea1WWX+xv04Boz2Zk3tSlvpGZaJo0Oe4JA="},"chainType":1,"messageKeys":{}}},"pendingPreKey":{"signedKeyId":0,"baseKey":"BdKgb3oVhC5u3O0mZo1FY7ByL0l7MXyYmCC86XVKn+11","preKeyId":2770779}},"BQOl32rtvEY5R/ANToikTtdp18An5xr2RiHa/1yRNnk8":{"registrationId":474144359,"currentRatchet":{"ephemeralKeyPair":{"pubKey":"BXFXih8vryozqrt0Ur/ZkBeNWy5xk6BpV031dr55JVQ1","privKey":"2L+XjzM9dlKMuI3LaLVBD8gr3Dx74HBrK0BLRs/ynUs="},"lastRemoteEphemeralKey":"BZc4sg8stp2igq3KIcyn6rMwjU2iJzyKpZUnGzuzOMMH","previousCounter":63,"rootKey":"ifaOdZi3KWaXCvP6PRUfBwUKD4zbc5mDe9/IGPlLbkA="},"indexInfo":{"baseKey":"BQOl32rtvEY5R/ANToikTtdp18An5xr2RiHa/1yRNnk8","baseKeyType":1,"closed":-1,"used":1676784363209,"created":1676744574676,"remoteIdentityKey":"Ba3jdePBYiekvgLoli7yry07mL7j0+MFCWAwUx+kbz1n"},"_chains":{"BZc4sg8stp2igq3KIcyn6rMwjU2iJzyKpZUnGzuzOMMH":{"chainKey":{"counter":0,"key":"EqvxRGbUQfAk863stpkrmIs4RJbOQfexQk5z6AuQtLM="},"chainType":2,"messageKeys":{}},"BXFXih8vryozqrt0Ur/ZkBeNWy5xk6BpV031dr55JVQ1":{"chainKey":{"counter":16,"key":"OcdgydV2uus8ougKOB48tSmYxtkdy1RZfssEnczRLaE="},"chainType":1,"messageKeys":{}}}}},"version":"v1"}