{"_sessions":{"Ba9S/U13jDIL+EpMdi1WhYllG+5RuvtuIrWOXU36EuEM":{"registrationId":290797963,"currentRatchet":{"ephemeralKeyPair":{"pubKey":"BZ2Y+xoj7qnYs1Rg9xjW3OOuLjnvAdGFFrItr3rspq0G","privKey":"ABrGET2q15vwD+FDuZguXzk06PqnkmH2o5153Bm6+Ho="},"lastRemoteEphemeralKey":"BXZuVPgzSlnXeHNjzKjJ1mE/w8kRWlr7ZNk70aP+qw8V","previousCounter":0,"rootKey":"+CHuOKaOUWl6PFq22ELPeD5k7UapfV22jUqLxsWzCp4="},"indexInfo":{"baseKey":"Ba9S/U13jDIL+EpMdi1WhYllG+5RuvtuIrWOXU36EuEM","baseKeyType":1,"closed":-1,"used":1676784469835,"created":1676784469835,"remoteIdentityKey":"BT+FrMMC2FGcZOyfCw+9Mi8eElBi+AhLtyQitEFlWEhU"},"_chains":{"BZ2Y+xoj7qnYs1Rg9xjW3OOuLjnvAdGFFrItr3rspq0G":{"chainKey":{"counter":0,"key":"n112nVIalDn9ISq8lbSV88fG3+J8Ot+HEHxAU1pjCYk="},"chainType":1,"messageKeys":{}}},"pendingPreKey":{"signedKeyId":1,"baseKey":"Ba9S/U13jDIL+EpMdi1WhYllG+5RuvtuIrWOXU36EuEM","preKeyId":6047562}}},"version":"v1"}