{"_sessions":{"BTSK6gEiKrbZ2z9RZRVDhxKocQkTVF6Bsy0WA7FKqadG":{"registrationId":889680185,"currentRatchet":{"ephemeralKeyPair":{"pubKey":"Bc09eq+WUPbi59dTx3XViTweoxnqd88BnNUYDFIomgYi","privKey":"mHlyxzz2yL9qHY0Ex1xKPyeZAQ2qZXFkY3w0WdVoG3E="},"lastRemoteEphemeralKey":"BceJn1fqcwNlpolCvIlMxKDF5j2PpdrVJp4QH8s+Wk46","previousCounter":0,"rootKey":"zV9mKLLUQioGItme0vs4sAZOmfH9sVr7/fNtwkRoJL8="},"indexInfo":{"baseKey":"BTSK6gEiKrbZ2z9RZRVDhxKocQkTVF6Bsy0WA7FKqadG","baseKeyType":1,"closed":-1,"used":1676784470288,"created":1676784470288,"remoteIdentityKey":"BRi83LG9QH3S6Np7wby3ROkDA4E9cIdkficgk/d6ANpY"},"_chains":{"Bc09eq+WUPbi59dTx3XViTweoxnqd88BnNUYDFIomgYi":{"chainKey":{"counter":0,"key":"tMkrycUYWztv598bH0kmharVncBBHDRJFeO9HP2gsWQ="},"chainType":1,"messageKeys":{}}},"pendingPreKey":{"signedKeyId":0,"baseKey":"BTSK6gEiKrbZ2z9RZRVDhxKocQkTVF6Bsy0WA7FKqadG","preKeyId":5226765}}},"version":"v1"}