{"_sessions":{"BXEtW9zswFB+QHon11l61lTf6UkqmRGU8O9lwoebFTkz":{"registrationId":18,"currentRatchet":{"ephemeralKeyPair":{"pubKey":"BVRbAg1mwGOQ1bQknrDUn2Xqp72tzc+Rmk82gGH7yOR4","privKey":"UDp4FlH78rRvObrBt7jTRj7IVlaft2B5pj8888tNb3c="},"lastRemoteEphemeralKey":"BfeGTuRrVERPsKQIO7R8hnXYyJK/hfVj8/oGcXIMHS9D","previousCounter":0,"rootKey":"tBPcU4UZ+fLxGt1YmE/Z7tN1av/yRTNP4AzpR9nN2m8="},"indexInfo":{"baseKey":"BXEtW9zswFB+QHon11l61lTf6UkqmRGU8O9lwoebFTkz","baseKeyType":1,"closed":-1,"used":1676784468158,"created":1676784468158,"remoteIdentityKey":"BdTyZ0nDJnIdHW1qfnLKiBWGxhKwcly9/Bad0Dl/5Ihd"},"_chains":{"BVRbAg1mwGOQ1bQknrDUn2Xqp72tzc+Rmk82gGH7yOR4":{"chainKey":{"counter":0,"key":"tWHKUDY4bvSehRMdpVqilGmlFrGq+gle5AVvj8Eg3oo="},"chainType":1,"messageKeys":{}}},"pendingPreKey":{"signedKeyId":1,"baseKey":"BXEtW9zswFB+QHon11l61lTf6UkqmRGU8O9lwoebFTkz"}}},"version":"v1"}