{"_sessions":{"BUW79UaxP7WC7vxeqteKz/GaPUHDduQ1KHdBobFdZ6xP":{"registrationId":518,"currentRatchet":{"ephemeralKeyPair":{"pubKey":"BcmpJhrqc+qVXj3nozXybmzLSgZZ4sYyYQmPMNJipK0E","privKey":"yDnwzbL/L123DhGt+pdH27rCkS2qAW20pJY6JAo46GY="},"lastRemoteEphemeralKey":"BRflm3uWt88xKOU4dv6vKBLSLpAJ0qCWdKmYmDdELRR6","previousCounter":0,"rootKey":"HKWGpgm9qEhQNzPsUNH6zYiEM9wfbUblt/7wSvgeiyA="},"indexInfo":{"baseKey":"BUW79UaxP7WC7vxeqteKz/GaPUHDduQ1KHdBobFdZ6xP","baseKeyType":1,"closed":-1,"used":1676784468365,"created":1676784468365,"remoteIdentityKey":"BRWvmHOb45ZUhI9NugSv0JTha4WfP0Vus3eIf/Ps9+ZZ"},"_chains":{"BcmpJhrqc+qVXj3nozXybmzLSgZZ4sYyYQmPMNJipK0E":{"chainKey":{"counter":0,"key":"e5f2VT/hMruT99GYaAdPKLwaS3I/ztRFJmoMmRqm38M="},"chainType":1,"messageKeys":{}}},"pendingPreKey":{"signedKeyId":1,"baseKey":"BUW79UaxP7WC7vxeqteKz/GaPUHDduQ1KHdBobFdZ6xP"}}},"version":"v1"}