{"_sessions":{"BQajG0t5slxTW4gfpUAAG3S0vcEgTMXdUKE9E354/q94":{"registrationId":303109279,"currentRatchet":{"ephemeralKeyPair":{"pubKey":"BdwKVfbr4e2wgS7TjuyhRSU84QhVjImajGbDTKJSpTxJ","privKey":"QKQrAejLeolkj+NCNXI6/hyGJTtjiPrn0YVnqtdHM30="},"lastRemoteEphemeralKey":"Bcvi6Ogs2K4TFeYiVwzWbpFqdX2zuuZ4y+YvllesaCdk","previousCounter":0,"rootKey":"A4YJzfKcdGR4I0dYqA5+wjn85FMMyOlTkyG3+fmqkTY="},"indexInfo":{"baseKey":"BQajG0t5slxTW4gfpUAAG3S0vcEgTMXdUKE9E354/q94","baseKeyType":1,"closed":-1,"used":1676784469275,"created":1676784469275,"remoteIdentityKey":"BWBr3u+VLCF9Gm1MFxp3i6CQPCurSLNG8Yk7t2dD4+Qs"},"_chains":{"BdwKVfbr4e2wgS7TjuyhRSU84QhVjImajGbDTKJSpTxJ":{"chainKey":{"counter":0,"key":"LZ0LFL06fDGczvE0IjPAFoMKYFxh75lubBzVNGQNwvw="},"chainType":1,"messageKeys":{}}},"pendingPreKey":{"signedKeyId":0,"baseKey":"BQajG0t5slxTW4gfpUAAG3S0vcEgTMXdUKE9E354/q94","preKeyId":2818658}}},"version":"v1"}