{"_sessions":{"BRW26rMtKmmrZl7TXJHVX7j5oHC5ogTpNJeSzUUtdxVn":{"registrationId":1769682851,"currentRatchet":{"ephemeralKeyPair":{"pubKey":"BXgY2xi7GghMTxUA/hKZasfffGNj4teJaGZzL9qO6gMe","privKey":"aGvuH74bNcFgqqMXUcAVWoAZfr7ERv41J+Fg62tEflE="},"lastRemoteEphemeralKey":"BeiQXusY46y6DegECsy3pwUakGwKDUFQW5IRPM783StN","previousCounter":0,"rootKey":"Zs0TpIrF+R4nu/1TPYMaCd9Xv8Qr6u8N2oEj+m6mntw="},"indexInfo":{"baseKey":"BRW26rMtKmmrZl7TXJHVX7j5oHC5ogTpNJeSzUUtdxVn","baseKeyType":1,"closed":-1,"used":1676784468825,"created":1676784468825,"remoteIdentityKey":"BX/WfTQlRPT3QASzpY4W+NKrlTo0iL4Nc8/XqvUjdbAK"},"_chains":{"BXgY2xi7GghMTxUA/hKZasfffGNj4teJaGZzL9qO6gMe":{"chainKey":{"counter":0,"key":"H6433PWo4H3cicvhGTio5yIJMutaKoxoSEEvq0lzqis="},"chainType":1,"messageKeys":{}}},"pendingPreKey":{"signedKeyId":1,"baseKey":"BRW26rMtKmmrZl7TXJHVX7j5oHC5ogTpNJeSzUUtdxVn","preKeyId":3449505}}},"version":"v1"}