{"_sessions":{"BQX6voKpJLvzEhl3XX/C6qO2AteCrJt+whssVSADHBAY":{"registrationId":1384246937,"currentRatchet":{"ephemeralKeyPair":{"pubKey":"BS4DnK+hhkNlQMfajb94q/DnARF0o4B9WJ2LHMOYs9M0","privKey":"UIgjt/3y4ry6XL7WFhrhR497hixjnj5admDEAj2wGXA="},"lastRemoteEphemeralKey":"BWW8ag0+nu72OZ4GcDc4sD9pc9zMSS133HtEVXtTOcEu","previousCounter":0,"rootKey":"vi+FObBd2N6RvZ5MowzzM9TotN+BYM/dJQsscAyHUMo="},"indexInfo":{"baseKey":"BQX6voKpJLvzEhl3XX/C6qO2AteCrJt+whssVSADHBAY","baseKeyType":2,"closed":1676774825214,"used":1676761404632,"created":1676761404632,"remoteIdentityKey":"BSNkF8NGKZ+tGUONp5zXi8WYBpcoU0Wx9MZE7LzAA3cS"},"_chains":{"BWW8ag0+nu72OZ4GcDc4sD9pc9zMSS133HtEVXtTOcEu":{"chainKey":{"counter":0,"key":"w5oCldG5tEiCFhoDvpJETGoSRbGilKtzlrkxRRuyKD8="},"chainType":2,"messageKeys":{}},"BS4DnK+hhkNlQMfajb94q/DnARF0o4B9WJ2LHMOYs9M0":{"chainKey":{"counter":-1,"key":"baSDO+8Vax2C8ljE4fgCLYKEAW9gcZfI/MT/f/1zvpQ="},"chainType":1,"messageKeys":{}}}},"BVpIIxy9Xf8XembSFqNCei8X+FnZP3cD4NZn5qDJbLAT":{"registrationId":1723755608,"currentRatchet":{"ephemeralKeyPair":{"pubKey":"BVXphoaBrLdCuyLTbndZwyf3B4VtGFloNbkTElIejIEW","privKey":"AENOKcPsLFsNDn+VQdnQvbREjzNbhD+UdYBPin+Us1Y="},"lastRemoteEphemeralKey":"BVrJ6uVreOUtOiNWkwBvdQvrrtNxw9ICXYUbpkkQyZoL","previousCounter":0,"rootKey":"ZER1jj5gEoCIzSORyVVQEgBYPOetbL//UAugwm2o5aI="},"indexInfo":{"baseKey":"BVpIIxy9Xf8XembSFqNCei8X+FnZP3cD4NZn5qDJbLAT","baseKeyType":2,"closed":-1,"used":1676774825244,"created":1676774825244,"remoteIdentityKey":"Bfv5fqlchuVMnIxHu0XVCK5LRWRPgKAlOho0QqT+GYIE"},"_chains":{"BVrJ6uVreOUtOiNWkwBvdQvrrtNxw9ICXYUbpkkQyZoL":{"chainKey":{"counter":3,"key":"CgDdf3/MLQcoiqRCNCD9fnHACqjXxOVP9cuBXiHB+iA="},"chainType":2,"messageKeys":{"0":"onkcmp9WlBGQZYpkWXD0MyfONlIkVtIDLvvzK2AQI8I="}},"BVXphoaBrLdCuyLTbndZwyf3B4VtGFloNbkTElIejIEW":{"chainKey":{"counter":-1,"key":"EyMbqEtPP1B7f3bOidl0sR+i4pRuFIbV8hNVKmg/GG8="},"chainType":1,"messageKeys":{}}}}},"version":"v1"}