{"_sessions":{"BSHSdv2ZAJ4tZb4sMWKIUHmkrtbDFA1pex2qv/lbsp8+":{"registrationId":246382857,"currentRatchet":{"ephemeralKeyPair":{"pubKey":"BWJYEi0loBItTOSyEkXvVpXgYVUKfAOEPMbTBJYd68gW","privKey":"GDfIG+cavupxxL5tNTGYmHt80L5KZ4IMSwMd0/QjC3I="},"lastRemoteEphemeralKey":"BctvvZeU2Q/rTLyy06X5Ki710WKKS7ebX3qIVbDoxTF/","previousCounter":0,"rootKey":"cc07r5kdtfujpBHjY0QI2rvySDQdZQekxv1B4oTtoFc="},"indexInfo":{"baseKey":"BSHSdv2ZAJ4tZb4sMWKIUHmkrtbDFA1pex2qv/lbsp8+","baseKeyType":1,"closed":-1,"used":1676784470381,"created":1676784470381,"remoteIdentityKey":"BUhEmbUBy5MrHZ27tRvsfwMkU/hq1U6n/2LPXYHPcZYg"},"_chains":{"BWJYEi0loBItTOSyEkXvVpXgYVUKfAOEPMbTBJYd68gW":{"chainKey":{"counter":0,"key":"vDdjhgTA1l08QuR4Rfeo6YlCg4to2tqnbobBNWBp2QU="},"chainType":1,"messageKeys":{}}},"pendingPreKey":{"signedKeyId":1,"baseKey":"BSHSdv2ZAJ4tZb4sMWKIUHmkrtbDFA1pex2qv/lbsp8+"}}},"version":"v1"}