{"_sessions":{"BbDroStyIfU60F2/E/pZPnytozwtsIWOdAMG15UPFOQ3":{"registrationId":2020229441,"currentRatchet":{"ephemeralKeyPair":{"pubKey":"BUOdG+AFTEtwZRDcnebJTREKjv2juFeKC7MxgO9rmsdo","privKey":"gKXoGyAq0IFFeZSmVw3Rn6x0fMx80Gub5NWzRgXM61w="},"lastRemoteEphemeralKey":"BXcNZX9PMLei5qB9g0IT0wSlLFtNmsfc/cyqNR3tM1Jw","previousCounter":0,"rootKey":"SYZHfoP6oxN6CxbP9fo/GGbRCFNMz1975QoXzVULMXk="},"indexInfo":{"baseKey":"BbDroStyIfU60F2/E/pZPnytozwtsIWOdAMG15UPFOQ3","baseKeyType":1,"closed":-1,"used":1676784469181,"created":1676784469181,"remoteIdentityKey":"BeUCvzcaW+hhCvyho+gbWOnr8gKWftawYri2lnLSEJVh"},"_chains":{"BUOdG+AFTEtwZRDcnebJTREKjv2juFeKC7MxgO9rmsdo":{"chainKey":{"counter":0,"key":"Tl0GIduQwPqC4uWy7n5HjdzuRikTIsdRZ7FoYkN/me8="},"chainType":1,"messageKeys":{}}},"pendingPreKey":{"signedKeyId":0,"baseKey":"BbDroStyIfU60F2/E/pZPnytozwtsIWOdAMG15UPFOQ3","preKeyId":12739956}}},"version":"v1"}