{"_sessions":{"BSmG2Q3IvNJqzACdkG/knKV6lzq+HeGgCjuZFyOjVGIf":{"registrationId":451132323,"currentRatchet":{"ephemeralKeyPair":{"pubKey":"BdSY/ec7qk78eefwnHxDrWvYf1iNp2j78CFEuMDrQ6Rz","privKey":"OJKqKtvhsK+vkUN1gbXoH0BEksaD1TDgj7w9XG5PRFo="},"lastRemoteEphemeralKey":"BRBSzyUqHrZax/ZqZOo1fgs8FaYar90LJzlLfMbII5AN","previousCounter":0,"rootKey":"eMD/fZuUfNV4XCPg74b3DugdjRfdqF80ESgThPFT6SU="},"indexInfo":{"baseKey":"BSmG2Q3IvNJqzACdkG/knKV6lzq+HeGgCjuZFyOjVGIf","baseKeyType":1,"closed":-1,"used":1676784468648,"created":1676784468648,"remoteIdentityKey":"Be3Hxfvt2ysKdjCqPf5hxDaJePJaSclSXtPgOX4bhEMw"},"_chains":{"BdSY/ec7qk78eefwnHxDrWvYf1iNp2j78CFEuMDrQ6Rz":{"chainKey":{"counter":0,"key":"eYRYmMq8rp6Py2CwGDDitIeyoL6GJaQzGLRMt3xei90="},"chainType":1,"messageKeys":{}}},"pendingPreKey":{"signedKeyId":0,"baseKey":"BSmG2Q3IvNJqzACdkG/knKV6lzq+HeGgCjuZFyOjVGIf","preKeyId":15392256}}},"version":"v1"}