{"_sessions":{"Bbc9nxShkEJOTkOGq+xBtLJ7S4e5JfqpzlF4LTdef/5m":{"registrationId":694327363,"currentRatchet":{"ephemeralKeyPair":{"pubKey":"BQ/s/CW0dcVy8nNOUtFkP5Na0K5tFhM3vil/biKg11MS","privKey":"WFggkMejg1wEHJirCrHm4HFCQ72lddL/A94KkjC9FXI="},"lastRemoteEphemeralKey":"BUXtXRwLDvDU7WIjTzi+wyQYlMcztr6zvcA+IqaZyqBo","previousCounter":0,"rootKey":"vmV4NHZbaTKg27685yfrbCfjwgHiuVzY7LEC4qKQZs8="},"indexInfo":{"baseKey":"Bbc9nxShkEJOTkOGq+xBtLJ7S4e5JfqpzlF4LTdef/5m","baseKeyType":1,"closed":-1,"used":1676784470252,"created":1676784470252,"remoteIdentityKey":"BQYPx5NnoA16llUnlloKKNhwORkJfCui/hX5UyNI12Yb"},"_chains":{"BQ/s/CW0dcVy8nNOUtFkP5Na0K5tFhM3vil/biKg11MS":{"chainKey":{"counter":0,"key":"Sb1DxJGYL8pXZ8lS0PQvH6hPydoW6x20M/hNbtc7r3c="},"chainType":1,"messageKeys":{}}},"pendingPreKey":{"signedKeyId":0,"baseKey":"Bbc9nxShkEJOTkOGq+xBtLJ7S4e5JfqpzlF4LTdef/5m","preKeyId":365198}}},"version":"v1"}