{"_sessions":{"BVcA/vTyuybBgdeRsIN3olMMnWTyhiwuIBEBVPyStV9C":{"registrationId":1157162329,"currentRatchet":{"ephemeralKeyPair":{"pubKey":"BSkM6JN3RKqdcTMJbhPkSbWjIMEzlo7sXwTkx2ChiL5h","privKey":"SPRYMlHGBcnnxO61iydLsLgrBQXg0c9K54N+mIbt7Fc="},"lastRemoteEphemeralKey":"BZUgBo0VVPwK6N5oaeWDADTAhfxFHiMG8g5CktiaiLZ1","previousCounter":0,"rootKey":"v9Eyg/36fIE+nK0GYm6inkNqWqretBkckZ16ZxQU55M="},"indexInfo":{"baseKey":"BVcA/vTyuybBgdeRsIN3olMMnWTyhiwuIBEBVPyStV9C","baseKeyType":1,"closed":-1,"used":1676784470364,"created":1676784470364,"remoteIdentityKey":"BRCAmtkW6hQVVMI0xwGiOqoo4YgvHgtuAMDj4vd3yLou"},"_chains":{"BSkM6JN3RKqdcTMJbhPkSbWjIMEzlo7sXwTkx2ChiL5h":{"chainKey":{"counter":0,"key":"JydftzImTela45WypNVx8s7dx8GcSbid9+1uPAWQdBE="},"chainType":1,"messageKeys":{}}},"pendingPreKey":{"signedKeyId":0,"baseKey":"BVcA/vTyuybBgdeRsIN3olMMnWTyhiwuIBEBVPyStV9C","preKeyId":15448184}}},"version":"v1"}