{"_sessions":{"BeHT4XpRzTISVOKQhFKnElKQR5KFOqv7PjNvYHFGnUIQ":{"registrationId":1434371139,"currentRatchet":{"ephemeralKeyPair":{"pubKey":"BYQbXlhsZD+QiTayviP3POyLaZtqOwoY8Z4ylBkv0Mwm","privKey":"0D4pUa8xHlU9CR6VDZgFFcKGnpV+2DuS6Z1rzCBsuHY="},"lastRemoteEphemeralKey":"BbBxuf1SNYyKSSE8DklXTTuvJLnaqkSvf44L75+AXdth","previousCounter":0,"rootKey":"+lzN/wH9Ca0ynAgsP+OvJ3+IxbyO266K6+nNVD4FIvM="},"indexInfo":{"baseKey":"BeHT4XpRzTISVOKQhFKnElKQR5KFOqv7PjNvYHFGnUIQ","baseKeyType":1,"closed":-1,"used":1676784469765,"created":1676784469765,"remoteIdentityKey":"BRHN8sNw2yfNWA6+7Japq8B1LCYxWC/a+l/Y8xvUdxlM"},"_chains":{"BYQbXlhsZD+QiTayviP3POyLaZtqOwoY8Z4ylBkv0Mwm":{"chainKey":{"counter":0,"key":"+7yJesL6L2EU71bSxDJVhnX7PoZ48a/3rV3ksPBbZBM="},"chainType":1,"messageKeys":{}}},"pendingPreKey":{"signedKeyId":0,"baseKey":"BeHT4XpRzTISVOKQhFKnElKQR5KFOqv7PjNvYHFGnUIQ"}}},"version":"v1"}