{"_sessions":{"BWHn11r0NKrR/Fm+GUChf0sfrNZX2UfUHhzQ2UXtkDlo":{"registrationId":173,"currentRatchet":{"ephemeralKeyPair":{"pubKey":"BVnKrfkiWcbMojiEoFjo5U2Cm9tDnt/3wA6u8AjkkyIC","privKey":"GECHjCsbHZ2/gwHCv/WK5xcQ01CQ7vKjshzOWcFV+Wg="},"lastRemoteEphemeralKey":"BUpXvfRWbqHcB8VyY8YY3oN/MPnFbgmSE72g+apzxbo9","previousCounter":0,"rootKey":"9UczQ0o42DIBcKiotu74cvQp6CbOL+CbzDL97b2qRfM="},"indexInfo":{"baseKey":"BWHn11r0NKrR/Fm+GUChf0sfrNZX2UfUHhzQ2UXtkDlo","baseKeyType":1,"closed":-1,"used":1676784467901,"created":1676784467901,"remoteIdentityKey":"BbfeHEdPSart0H2DwRJVjdR76IWwiyGEQ18JpTlNxTVP"},"_chains":{"BVnKrfkiWcbMojiEoFjo5U2Cm9tDnt/3wA6u8AjkkyIC":{"chainKey":{"counter":0,"key":"bO36ix19NbTMsa8mqUvPSCWLrNzp8sAX/oSrG/nJGqE="},"chainType":1,"messageKeys":{}}},"pendingPreKey":{"signedKeyId":1,"baseKey":"BWHn11r0NKrR/Fm+GUChf0sfrNZX2UfUHhzQ2UXtkDlo"}}},"version":"v1"}