{"_sessions":{"Bb3ykP3m5uIg2IBJcRBlJte45FLTjp6yTjl/Y5+VYPkW":{"registrationId":1629877522,"currentRatchet":{"ephemeralKeyPair":{"pubKey":"Bf3VNfzUBf2oMt9EjPKzURMm5Gqk3nbxMqTWFsRi7IdK","privKey":"SN3Rv5Nt2sfeb/P8Q6kHbA3vr4jC2PID1WHim6LiiH4="},"lastRemoteEphemeralKey":"BZlxAAvA1CqJNZgBH1MGrVQxJsa/Z1oluK9j/iV8rAkX","previousCounter":0,"rootKey":"tJf12W93BginAPDBKholnDmJ59ozhX7BXKuvTShYdAs="},"indexInfo":{"baseKey":"Bb3ykP3m5uIg2IBJcRBlJte45FLTjp6yTjl/Y5+VYPkW","baseKeyType":1,"closed":-1,"used":1676784470131,"created":1676784470131,"remoteIdentityKey":"BVOl62mt54pVT8Mn/BQVcz6gIxOiJAcE/+gnQq5vJJUu"},"_chains":{"Bf3VNfzUBf2oMt9EjPKzURMm5Gqk3nbxMqTWFsRi7IdK":{"chainKey":{"counter":0,"key":"2wVGiBzxso6Dr0UXMvsK6UGoRFkaxxbxeeMITqIsD1k="},"chainType":1,"messageKeys":{}}},"pendingPreKey":{"signedKeyId":1,"baseKey":"Bb3ykP3m5uIg2IBJcRBlJte45FLTjp6yTjl/Y5+VYPkW"}}},"version":"v1"}