{"_sessions":{"Bb6pki0CtUupR0v04fx/O4GkDxP+EUTKSSkNoGzBbDQy":{"registrationId":518442385,"currentRatchet":{"ephemeralKeyPair":{"pubKey":"BVi+9O4S21yKdcem8eMrNHlWq02Y547wzdmwHCUzBa97","privKey":"yJh4G6cG02pm7+rjDisR68C0aO7kLQjt/P/IUMG+Ckw="},"lastRemoteEphemeralKey":"BUS5UNpmqq4w394Yz7OIc7X42Q6ibNsRmH1TxlHUTIti","previousCounter":0,"rootKey":"8I01CDet+HlbaAISeqz77vMoUF8Sp+aX7iqno2xaGCI="},"indexInfo":{"baseKey":"Bb6pki0CtUupR0v04fx/O4GkDxP+EUTKSSkNoGzBbDQy","baseKeyType":1,"closed":-1,"used":1676784469485,"created":1676784469485,"remoteIdentityKey":"BaLnWKGpKsQrJ0gvso9TdIm4It7pF+c7mVb97mUkUHtj"},"_chains":{"BVi+9O4S21yKdcem8eMrNHlWq02Y547wzdmwHCUzBa97":{"chainKey":{"counter":0,"key":"omM+UmSdV45kIUY7qeNvpqdODB5OLE0zJK2OZuiKGgo="},"chainType":1,"messageKeys":{}}},"pendingPreKey":{"signedKeyId":0,"baseKey":"Bb6pki0CtUupR0v04fx/O4GkDxP+EUTKSSkNoGzBbDQy"}}},"version":"v1"}