{"_sessions":{"BQjFMx2qliOa0cqlFb6eT6Nq21Z0H6CbY+zRKleiYJ9x":{"registrationId":2015001443,"currentRatchet":{"ephemeralKeyPair":{"pubKey":"BVUrm4uL8kTkU3yxF6ZXXmpxIxfyrP9b9siqECYPMoEq","privKey":"kKeE/C9Fmq1Cj6qJxjBX4Gel7VkWHeouS2alb7I5wkM="},"lastRemoteEphemeralKey":"BQqKWQuVFfhneqyn9u0pN5b5aQ0d6RDT1GuXIE1S14xK","previousCounter":0,"rootKey":"bhR76wOBc97SMUwMresgMLeWSfd54KiLJnjMThrCX8E="},"indexInfo":{"baseKey":"BQjFMx2qliOa0cqlFb6eT6Nq21Z0H6CbY+zRKleiYJ9x","baseKeyType":1,"closed":-1,"used":1676784470553,"created":1676784470553,"remoteIdentityKey":"Bd8w8FYnMyNTcROFz410BL0RnWXhw1uEbzcUR1H8CAZu"},"_chains":{"BVUrm4uL8kTkU3yxF6ZXXmpxIxfyrP9b9siqECYPMoEq":{"chainKey":{"counter":0,"key":"muDcWWtYMPXRLE8zFCqB3GzHOIg+LxFgAjoQbpB5wgA="},"chainType":1,"messageKeys":{}}},"pendingPreKey":{"signedKeyId":9,"baseKey":"BQjFMx2qliOa0cqlFb6eT6Nq21Z0H6CbY+zRKleiYJ9x"}}},"version":"v1"}