{"_sessions":{"BZMUsl2w0AcT+6JWT+ax+Kea6oUZMyPseICOY1+dyzgT":{"registrationId":1770791602,"currentRatchet":{"ephemeralKeyPair":{"pubKey":"BUfptFiLrTzL5g1S/vnYWDpH5sFJ700WmyY1Uh8Uiaou","privKey":"ACrxZLLDSw4gtx/M9VZ1diAgHTPt0TO1vVJeXA96K1g="},"lastRemoteEphemeralKey":"BR9CTRiXDfxDTkPdfEKzS6HL9t0bK06kaC5DqB7aoitE","previousCounter":0,"rootKey":"mzvo62Low8KyF1W3IKj+lQ1Lhlc1NfKSN1+fy4SkiHg="},"indexInfo":{"baseKey":"BZMUsl2w0AcT+6JWT+ax+Kea6oUZMyPseICOY1+dyzgT","baseKeyType":1,"closed":-1,"used":1676784469593,"created":1676784469593,"remoteIdentityKey":"BV58YNO5pTS9BoNu3Xyx9/rXUEwmQEn/wjUWbg1Ri9NJ"},"_chains":{"BUfptFiLrTzL5g1S/vnYWDpH5sFJ700WmyY1Uh8Uiaou":{"chainKey":{"counter":0,"key":"30+7Yy5ohpWpnEKdg/1WSWBtI2jlFTVeeoqbuMe95c0="},"chainType":1,"messageKeys":{}}},"pendingPreKey":{"signedKeyId":2,"baseKey":"BZMUsl2w0AcT+6JWT+ax+Kea6oUZMyPseICOY1+dyzgT","preKeyId":15765824}}},"version":"v1"}