{"_sessions":{"BXWA5bevGourYa6xbv1ou/i9h8VY/necKc07SIfKHtx6":{"registrationId":1822530123,"currentRatchet":{"ephemeralKeyPair":{"pubKey":"BavM9mA58J47w1cXzhFfj+XdWSLvhzRGTpzeo5wSzgN7","privKey":"qAF0/FFBCX4ivtmiObusKUrERN2hHRXcPdKhAE4mHmU="},"lastRemoteEphemeralKey":"BaxKGzRTsJ2E+9U8e1/1GQm4gBa6+aH4TRCg31/LL4sR","previousCounter":0,"rootKey":"BLvf9xXAjeQnjfSD4JMG9/uX2RjrZ6gRqdQVEcRdpZQ="},"indexInfo":{"baseKey":"BXWA5bevGourYa6xbv1ou/i9h8VY/necKc07SIfKHtx6","baseKeyType":1,"closed":-1,"used":1676784468535,"created":1676784468535,"remoteIdentityKey":"BY30TxtjY2qYNeTdlG1lypvDV0c+n5tznFgd02Arw7ov"},"_chains":{"BavM9mA58J47w1cXzhFfj+XdWSLvhzRGTpzeo5wSzgN7":{"chainKey":{"counter":0,"key":"+t8KL7yIg9KODB9FBC2bTc3zIsu/FKpOkzQsrcWe/n0="},"chainType":1,"messageKeys":{}}},"pendingPreKey":{"signedKeyId":1,"baseKey":"BXWA5bevGourYa6xbv1ou/i9h8VY/necKc07SIfKHtx6","preKeyId":16327528}}},"version":"v1"}