{"_sessions":{"BWlaGLREUp8r8HC9QyFIU/YTjLVpVYq5zstbmzv6KUQz":{"registrationId":1701993757,"currentRatchet":{"ephemeralKeyPair":{"pubKey":"BUSelZcDkLvt4NqeJD8hb/yTkGrbDRMfn1XZ1yNjDMx/","privKey":"cGkCJM5GV9WqL+iQl/7G7L5KmUc/AlEDbs/0KcuiX0w="},"lastRemoteEphemeralKey":"BR3dwyBvu+nOhF7r0A5i8oCaAt8gmF4amLGPrMRCJohx","previousCounter":0,"rootKey":"1UVQoGqmyWDPdteVlOB3bONN4OfPALRB6cvm8E7ZJgU="},"indexInfo":{"baseKey":"BWlaGLREUp8r8HC9QyFIU/YTjLVpVYq5zstbmzv6KUQz","baseKeyType":1,"closed":-1,"used":1676784469063,"created":1676784469063,"remoteIdentityKey":"BUn4ArQQe3Wx8NqkaD/Z6sakmV1jaR77wWbecgJJv+gb"},"_chains":{"BUSelZcDkLvt4NqeJD8hb/yTkGrbDRMfn1XZ1yNjDMx/":{"chainKey":{"counter":0,"key":"wagS3oUjnmHY4g4qHwdBm4znRxQJqnjhlH+FZTU9qgU="},"chainType":1,"messageKeys":{}}},"pendingPreKey":{"signedKeyId":0,"baseKey":"BWlaGLREUp8r8HC9QyFIU/YTjLVpVYq5zstbmzv6KUQz","preKeyId":8574809}}},"version":"v1"}