{"_sessions":{"Bas5QyXhNdx13pD1PUoZhLusMDyfOZekWKFRewKdYos5":{"registrationId":2078297306,"currentRatchet":{"ephemeralKeyPair":{"pubKey":"BTpk6nkjxwytDXeEcGK07e5t9yJCfVHdzjWwb3JdWSlo","privKey":"YABSoyxabineIf9LllBQaEWVzgsHFohchI/yTXCWJ0Q="},"lastRemoteEphemeralKey":"BR3WvvB6LLG1NGhW1mL3FdrJ+9n/ZeH/gGEGbdTZheZw","previousCounter":0,"rootKey":"s+/FLllwxJqanMCKKKKLcPSOQAZyBy0Ymrw2VMzl3Cs="},"indexInfo":{"baseKey":"Bas5QyXhNdx13pD1PUoZhLusMDyfOZekWKFRewKdYos5","baseKeyType":1,"closed":-1,"used":1676784469656,"created":1676784469656,"remoteIdentityKey":"BeWLOqqYc2pZtMx150f0NLEbl5IoOyiH/AbxQpyvxWgX"},"_chains":{"BTpk6nkjxwytDXeEcGK07e5t9yJCfVHdzjWwb3JdWSlo":{"chainKey":{"counter":0,"key":"cOcxbUNqXCIZc0D62xakyTAwt9gyvoIHZr4OpARwC7Y="},"chainType":1,"messageKeys":{}}},"pendingPreKey":{"signedKeyId":14,"baseKey":"Bas5QyXhNdx13pD1PUoZhLusMDyfOZekWKFRewKdYos5","preKeyId":2566585}}},"version":"v1"}