{"_sessions":{"BVaBNrxqkBq7YcHVGag5HvyC4tFQOI6FWM51YrlN2SZ6":{"registrationId":1160301998,"currentRatchet":{"ephemeralKeyPair":{"pubKey":"BUOdjYYdduosBLbPCg5+SmrvhTBy2KgfW9yibAkOBCkd","privKey":"GEDhHjKFkJe+6jOwzsktmf48XfHWUNC2EQORk6rEokU="},"lastRemoteEphemeralKey":"BaDLymRgwYdQt78xVrTGZDllSxyTiBTX5+HiA3ZXkwBS","previousCounter":0,"rootKey":"tZfGt5LC+2Mm8Vf1GuE3dcjQT7Z2QaBZLlEm8jyePSs="},"indexInfo":{"baseKey":"BVaBNrxqkBq7YcHVGag5HvyC4tFQOI6FWM51YrlN2SZ6","baseKeyType":1,"closed":-1,"used":1676784469761,"created":1676784469761,"remoteIdentityKey":"Bb+jIRiF0+8bTXHfi2VfrZfuwQIUf3+5cwqcnL0ZHcAY"},"_chains":{"BUOdjYYdduosBLbPCg5+SmrvhTBy2KgfW9yibAkOBCkd":{"chainKey":{"counter":0,"key":"vA8bLgU/JVEc0K0MHoWuNM5Yso+jTZA10nMfuXmu9f0="},"chainType":1,"messageKeys":{}}},"pendingPreKey":{"signedKeyId":0,"baseKey":"BVaBNrxqkBq7YcHVGag5HvyC4tFQOI6FWM51YrlN2SZ6"}}},"version":"v1"}