{"_sessions":{"BcIJK9zt9BVT80tnxPQa79zAVXlYW7NqTeXy1UfXYSpx":{"registrationId":459524304,"currentRatchet":{"ephemeralKeyPair":{"pubKey":"BbUK5jXluBge4kgu8PlXmw9qJjphyGPP+jhzmvdyX0lm","privKey":"cN7KMcn6ZwajNqrWEMzsygseKqEv935YaLMLdEkuRVY="},"lastRemoteEphemeralKey":"BeywVA4f68EKABlPLcicX/4/GB0DPmd0mzUCkToL8cBL","previousCounter":0,"rootKey":"KZsVlA43SHQVu4dlLvmAgo+AD+WxAbDwFaSWiewYQ6k="},"indexInfo":{"baseKey":"BcIJK9zt9BVT80tnxPQa79zAVXlYW7NqTeXy1UfXYSpx","baseKeyType":1,"closed":-1,"used":1676784469537,"created":1676784469537,"remoteIdentityKey":"BVEituXWN5Q0jcvVNsG46wneCN8iBrw7snZweVzmMUNH"},"_chains":{"BbUK5jXluBge4kgu8PlXmw9qJjphyGPP+jhzmvdyX0lm":{"chainKey":{"counter":0,"key":"mJGwMY3sk46tT/PuUOtODuo0l3n4XMCbfIpO+RUDz5E="},"chainType":1,"messageKeys":{}}},"pendingPreKey":{"signedKeyId":1,"baseKey":"BcIJK9zt9BVT80tnxPQa79zAVXlYW7NqTeXy1UfXYSpx","preKeyId":5608248}}},"version":"v1"}