{"_sessions":{"BftlOfOJsy7vtChJysH+xQPZDBmAH8N2Gh1HKjJO/Wlo":{"registrationId":594425715,"currentRatchet":{"ephemeralKeyPair":{"pubKey":"BaREUkwsczYo6kO3LHs3vHtcUeSnCXjHIaV817f4FK9G","privKey":"uDi68dciVMclnTtM8HlYZOObV/i/5vU2VXYXhlFGH0M="},"lastRemoteEphemeralKey":"BYyLHOSglssPV/SNWIr4S/KibqrqidW1+nvObtUUrVQq","previousCounter":0,"rootKey":"Rx6P4yX2s8lyVWK2rnjLGnOsVyG0f0gh6zTXK9aWu7o="},"indexInfo":{"baseKey":"BftlOfOJsy7vtChJysH+xQPZDBmAH8N2Gh1HKjJO/Wlo","baseKeyType":1,"closed":-1,"used":1676784469851,"created":1676784469851,"remoteIdentityKey":"BWmcu8IGEdHQAjQW0QruNBRV/VyumNhMvQSUx7dZ/4lE"},"_chains":{"BaREUkwsczYo6kO3LHs3vHtcUeSnCXjHIaV817f4FK9G":{"chainKey":{"counter":0,"key":"EoaJF8ZIHLHEnmOt2OxPav3EybQKB2ZGUHrkKi7Gd5w="},"chainType":1,"messageKeys":{}}},"pendingPreKey":{"signedKeyId":1,"baseKey":"BftlOfOJsy7vtChJysH+xQPZDBmAH8N2Gh1HKjJO/Wlo","preKeyId":13216153}}},"version":"v1"}