{"_sessions":{"BVDTjjWal9fyijz8HFXYHgG0uwx8lRBwzAF+9r4prCN7":{"registrationId":2062148304,"currentRatchet":{"ephemeralKeyPair":{"pubKey":"Bd4OMW8uJBTihgqAKqieV55i3PvpG+0qZCRYfyPS/SJS","privKey":"MHTSe678TqaTT0pcagmTri9RUiRKp/WEwwucWnloj0M="},"lastRemoteEphemeralKey":"BcJapOLEj/A6ADgb4iZZ2NJibKP2LHtj9Vo10jLpdPZ3","previousCounter":0,"rootKey":"dfvo5zDnhlgkuAdHRq23ENq4RM6EtfASbBCsiLnfX6s="},"indexInfo":{"baseKey":"BVDTjjWal9fyijz8HFXYHgG0uwx8lRBwzAF+9r4prCN7","baseKeyType":2,"closed":-1,"used":1676784400009,"created":1676784400009,"remoteIdentityKey":"BbxnvytXTJRIquobTvCdVy3iZucjybtoY6xTJwFQXzhA"},"_chains":{"BcJapOLEj/A6ADgb4iZZ2NJibKP2LHtj9Vo10jLpdPZ3":{"chainKey":{"counter":1,"key":"HAy1aI9NyDaIcnXs56Y34mw743HbVeNQYuQhBoFn6ds="},"chainType":2,"messageKeys":{}},"Bd4OMW8uJBTihgqAKqieV55i3PvpG+0qZCRYfyPS/SJS":{"chainKey":{"counter":0,"key":"b0/BkjYZUj3Uh+pRLpIryiul3gjv5h6ySrMQw3cgCKg="},"chainType":1,"messageKeys":{}}}}},"version":"v1"}