{"_sessions":{"BfhCDyogpbmv/KlRChI4ovrfS9JmFg69XkzzZyB3TFYC":{"registrationId":310814610,"currentRatchet":{"ephemeralKeyPair":{"pubKey":"BevVsR3yNSEQmM2B+5hKcZPwhAjxgUV1+m4NDez5cQJ3","privKey":"OJFr956TpEmJk48U68SK5NDUOyZjPPOpTo+7Z91iuW4="},"lastRemoteEphemeralKey":"BcmXBTdo2PieRw/8dwkHhMXAhayo32mJ2MDIutpDaboe","previousCounter":0,"rootKey":"KS7qEwy5HwyZ4slz4lwjxdcQIlGTvVw7NW5Y53Mvn4c="},"indexInfo":{"baseKey":"BfhCDyogpbmv/KlRChI4ovrfS9JmFg69XkzzZyB3TFYC","baseKeyType":1,"closed":-1,"used":1676784470010,"created":1676784470010,"remoteIdentityKey":"Bd02PPU3u27Q8K3uQAvoh1l4nn6pcisPLF6Tk3YFkGF8"},"_chains":{"BevVsR3yNSEQmM2B+5hKcZPwhAjxgUV1+m4NDez5cQJ3":{"chainKey":{"counter":0,"key":"IZ2y2qL/NoW/SDvltsq2tuq/44qA3+zLz7JLqv1Wzv4="},"chainType":1,"messageKeys":{}}},"pendingPreKey":{"signedKeyId":1,"baseKey":"BfhCDyogpbmv/KlRChI4ovrfS9JmFg69XkzzZyB3TFYC","preKeyId":4478043}}},"version":"v1"}