{"_sessions":{"BRUQu0dBCnVBF568XSCkcFyZNQ6z8u1NPDMxLPe7cE43":{"registrationId":204,"currentRatchet":{"ephemeralKeyPair":{"pubKey":"BYO8MT9RQH1wqkfmBFWxjQIMDvXMMjg7Ewoaf9S2mS1x","privKey":"CBRYlFFUaDtjK7qH+vpSc05Iv4ByT0zsPOurSu64U2c="},"lastRemoteEphemeralKey":"BS2Q8mttog/86QZsW2qEkMU4CGmlk3xUtGrLy8eXBwle","previousCounter":0,"rootKey":"N9/X4QJtrZsEUoaNp6z0joRVMVxhnOw9cCt8I+m3KHE="},"indexInfo":{"baseKey":"BRUQu0dBCnVBF568XSCkcFyZNQ6z8u1NPDMxLPe7cE43","baseKeyType":1,"closed":-1,"used":1676784468095,"created":1676784468095,"remoteIdentityKey":"BcHcAIIC/htjjfLd/zfiCIc38H8uyFx2zroqpGKVPGlj"},"_chains":{"BYO8MT9RQH1wqkfmBFWxjQIMDvXMMjg7Ewoaf9S2mS1x":{"chainKey":{"counter":0,"key":"McME4uElXUGu87iQ7IiIzScfrVcTdkk4PvlI8Xz+Hu0="},"chainType":1,"messageKeys":{}}},"pendingPreKey":{"signedKeyId":1,"baseKey":"BRUQu0dBCnVBF568XSCkcFyZNQ6z8u1NPDMxLPe7cE43"}}},"version":"v1"}