{"_sessions":{"BV340Efga/uVIXSVQMa7/Syj4FiKKeHGry9M6eTlNVsm":{"registrationId":73585838,"currentRatchet":{"ephemeralKeyPair":{"pubKey":"BXT6vy8KMw+6Ant3WZSVxJCS5GSqKzE8QZzmcOz4SwUj","privKey":"2GJz+YKmur7hGQkiCJZ/vrSSFWqYwSC0IAlT3L0HEG8="},"lastRemoteEphemeralKey":"BV6kub7ruoZDSdyXQ4KkoiAkb2M+WRp5YY7KHU2ReXsz","previousCounter":0,"rootKey":"2qF7rpKHW+v9nYTi2oQjGoO24dvUYAsOqHu2WVo4iQ8="},"indexInfo":{"baseKey":"BV340Efga/uVIXSVQMa7/Syj4FiKKeHGry9M6eTlNVsm","baseKeyType":1,"closed":-1,"used":1676784469565,"created":1676784469565,"remoteIdentityKey":"BYYRgFLwZS6YpzXdMkf7V6uTO/1dhXH67lDK1xjuaik0"},"_chains":{"BXT6vy8KMw+6Ant3WZSVxJCS5GSqKzE8QZzmcOz4SwUj":{"chainKey":{"counter":0,"key":"BPozpzl7e10LJvu+M/1nOHrhcB8zYoEGB2pLT+b8PaY="},"chainType":1,"messageKeys":{}}},"pendingPreKey":{"signedKeyId":1,"baseKey":"BV340Efga/uVIXSVQMa7/Syj4FiKKeHGry9M6eTlNVsm","preKeyId":1404466}}},"version":"v1"}