{"_sessions":{"Bb7ANrUvnG1nNMjk2f9f2a5H4RlSKwAR4XnBpjeiOWIk":{"registrationId":1822886342,"currentRatchet":{"ephemeralKeyPair":{"pubKey":"BTP/PYNX5PeOnXbn9M4tRVAzk+rIT5Ty3RMghFDvS7lb","privKey":"OJeJWQVLYWlPF8IphaVXf5wtIs5np+A2CTnkOvxZJXg="},"lastRemoteEphemeralKey":"BWzXHM04jYCa4cow0QfogZhtdDKyqnvnzIvduyK2mT9D","previousCounter":0,"rootKey":"SNKOsbVAFnQf3Yg7B8E0FYPA2TQE5+XT5SPf+vVC67s="},"indexInfo":{"baseKey":"Bb7ANrUvnG1nNMjk2f9f2a5H4RlSKwAR4XnBpjeiOWIk","baseKeyType":1,"closed":-1,"used":1676784469731,"created":1676784469731,"remoteIdentityKey":"BVYGIwMQDKggKld7x164iSrT0e6XQ5djH2eS2pYZ3aQY"},"_chains":{"BTP/PYNX5PeOnXbn9M4tRVAzk+rIT5Ty3RMghFDvS7lb":{"chainKey":{"counter":0,"key":"zxQlrqmMwDL8r94E+MPqIbuhwPkPHgmU6mrmW38nPJk="},"chainType":1,"messageKeys":{}}},"pendingPreKey":{"signedKeyId":1,"baseKey":"Bb7ANrUvnG1nNMjk2f9f2a5H4RlSKwAR4XnBpjeiOWIk","preKeyId":13482441}}},"version":"v1"}