{"_sessions":{"BaqzpIuqpfIjJcgcowp6t8JrUK3W/8ngVtJnMkSFaY5R":{"registrationId":665324669,"currentRatchet":{"ephemeralKeyPair":{"pubKey":"Bb1XTsjhSzbn5OwPFWvjmAqnqYI3ptUspspmuSmDfLlR","privKey":"4KICgRmtHKJlaK/rZC/QIz6NnMg/q66j2WJRlTAQ3mI="},"lastRemoteEphemeralKey":"BQC3wmt5DrVM0r7IJheIZ5eIBR4JKqdBMB1IXIDthFhJ","previousCounter":0,"rootKey":"b6VRkcid0fpNw9wgjz+hNArbIrR2iRZCLNrOw+i+DbQ="},"indexInfo":{"baseKey":"BaqzpIuqpfIjJcgcowp6t8JrUK3W/8ngVtJnMkSFaY5R","baseKeyType":1,"closed":-1,"used":1676784469709,"created":1676784469709,"remoteIdentityKey":"BflL4qn6t6hXLHpIB46va+DLGb9I2g1SFAzdnw3QffoI"},"_chains":{"Bb1XTsjhSzbn5OwPFWvjmAqnqYI3ptUspspmuSmDfLlR":{"chainKey":{"counter":0,"key":"IPLPjAambqKBVCwsUM4C8tYsVq8s7/sSA+5tHNskADE="},"chainType":1,"messageKeys":{}}},"pendingPreKey":{"signedKeyId":1,"baseKey":"BaqzpIuqpfIjJcgcowp6t8JrUK3W/8ngVtJnMkSFaY5R"}}},"version":"v1"}