{"_sessions":{"BRHid+7bXakJVoS++g6k2Ch1GVBP+5or/5H2A64aSnBI":{"registrationId":283571975,"currentRatchet":{"ephemeralKeyPair":{"pubKey":"Bf8vseIXti43ePQFvgOSoAgijdhOxWeO9Bge1OWl/lo/","privKey":"eFJO24wEPQSS6AkmbgisfaTIJgb9fTZp0MP1riDVOFE="},"lastRemoteEphemeralKey":"BeUeaUV/ILFlmJbyTO4zIrgSqNaXBhgRilQy10+kw2NA","previousCounter":0,"rootKey":"nBvvjQc/k4f3LnsX7e9in1U2gCwYTE6d4MJ93M6ac1I="},"indexInfo":{"baseKey":"BRHid+7bXakJVoS++g6k2Ch1GVBP+5or/5H2A64aSnBI","baseKeyType":2,"closed":-1,"used":1676784443375,"created":1676784443375,"remoteIdentityKey":"BcJI0ZPa6mN2UUIBdA9P5uyZYfrPSHZr2kA9lFytdn1q"},"_chains":{"BeUeaUV/ILFlmJbyTO4zIrgSqNaXBhgRilQy10+kw2NA":{"chainKey":{"counter":0,"key":"AeQCN6CSclkU953tP+6HYES808mYF0c3G/1QvnE/2SM="},"chainType":2,"messageKeys":{}},"Bf8vseIXti43ePQFvgOSoAgijdhOxWeO9Bge1OWl/lo/":{"chainKey":{"counter":0,"key":"u0ikP9+IjyzyoAuDRDEJ2MTXrIISiEeUdnXjXlnWx6s="},"chainType":1,"messageKeys":{}}}}},"version":"v1"}