{"_sessions":{"BUOHUVRe2GE/tjo2Tq+7TvlLbkoRJEKsJg1p7Low3sIw":{"registrationId":1649762477,"currentRatchet":{"ephemeralKeyPair":{"pubKey":"BTIWY2N+KtcD/ZkHNmX5xF/TcNTwMj+L0weXcKgnzclK","privKey":"6NLCcXLWifSqccylGRPfp0hQGGFJKJnuhncWC0UeCE0="},"lastRemoteEphemeralKey":"Bbbtmk0ViX6AvNKUS+6HgXiyd3GM4GGDjkPIvM8opzcO","previousCounter":0,"rootKey":"l/iNoRyyt741mNgtu8UDjGGoZdKRgvduz8EgpXlMNoY="},"indexInfo":{"baseKey":"BUOHUVRe2GE/tjo2Tq+7TvlLbkoRJEKsJg1p7Low3sIw","baseKeyType":1,"closed":-1,"used":1676784469892,"created":1676784469892,"remoteIdentityKey":"BUA1jlov+7HaxY7IYi49yqzK/nPT1n2FquVGfyMqE8cN"},"_chains":{"BTIWY2N+KtcD/ZkHNmX5xF/TcNTwMj+L0weXcKgnzclK":{"chainKey":{"counter":0,"key":"NHFcB+9AB6Hk7Yc8qDtJYISwwfOKs3QS5dtOdNABRrM="},"chainType":1,"messageKeys":{}}},"pendingPreKey":{"signedKeyId":20,"baseKey":"BUOHUVRe2GE/tjo2Tq+7TvlLbkoRJEKsJg1p7Low3sIw","preKeyId":11315159}}},"version":"v1"}