{"_sessions":{"BVaPDGyVoHx39QOnS9MEFc3eWmbokIBz6Uom7v1ZwDow":{"registrationId":112,"currentRatchet":{"ephemeralKeyPair":{"pubKey":"BdaLpatlw4yWRX/eVk1o0uCg47YGnVdXKrH2qDX2O4cw","privKey":"oD+2zLyOpBH/7UDIDUqQFsGNTAHLIpRLN8kwWMf+9l4="},"lastRemoteEphemeralKey":"Bb5e73TJrTLBx3te+MFiTPWrbzXS/QX2U3IZgvdcWflB","previousCounter":0,"rootKey":"a+xucWHuLzdXai07KGuFLde8DgMZ6umeP9YjH0GvKzY="},"indexInfo":{"baseKey":"BVaPDGyVoHx39QOnS9MEFc3eWmbokIBz6Uom7v1ZwDow","baseKeyType":1,"closed":-1,"used":1676784467968,"created":1676784467968,"remoteIdentityKey":"BUonKKWJgEQnCtlOawFEDGweuYqzz1bkfS6GZd0CZ/sZ"},"_chains":{"BdaLpatlw4yWRX/eVk1o0uCg47YGnVdXKrH2qDX2O4cw":{"chainKey":{"counter":0,"key":"xpfgyN5TZZ/xYEjZxfxT9UykCKTrW0Re54XmGq8s4C0="},"chainType":1,"messageKeys":{}}},"pendingPreKey":{"signedKeyId":1,"baseKey":"BVaPDGyVoHx39QOnS9MEFc3eWmbokIBz6Uom7v1ZwDow"}}},"version":"v1"}