{"_sessions":{"BYGN+uwg3k8CFPWPemnmTxRMB+bbfLzMnI2Y5+jLipQz":{"registrationId":825379269,"currentRatchet":{"ephemeralKeyPair":{"pubKey":"Bf0LPzwnlDjMPdzGBTbOhuOBmnO44Lf6ybDwMUw0HJV3","privKey":"4OYnSQuasLpyr/dzNnIb05VXyFebaWD9o5V1ARo/S3I="},"lastRemoteEphemeralKey":"BaVuzXlcWfhsgJrZ6FiuL+0paKXleIdbA7LOrBQ1fyAr","previousCounter":0,"rootKey":"uDCe5ita7AMsK9H6+Q0DTPsngk3A/pQesRNO7Lnyc1w="},"indexInfo":{"baseKey":"BYGN+uwg3k8CFPWPemnmTxRMB+bbfLzMnI2Y5+jLipQz","baseKeyType":1,"closed":-1,"used":1676784469542,"created":1676784469542,"remoteIdentityKey":"BcCS35iwmsjc2hDJ8dsQz580en/eVxvSySueCOrPJ7IL"},"_chains":{"Bf0LPzwnlDjMPdzGBTbOhuOBmnO44Lf6ybDwMUw0HJV3":{"chainKey":{"counter":0,"key":"9QZUjXqFg4OTnUT1PujPPoXJaOh+PeO5zeoVlkpbE9E="},"chainType":1,"messageKeys":{}}},"pendingPreKey":{"signedKeyId":25,"baseKey":"BYGN+uwg3k8CFPWPemnmTxRMB+bbfLzMnI2Y5+jLipQz"}}},"version":"v1"}