{"_sessions":{"BXTpE9gO8KkkVKM1fTV74ayZxLm2gGYrjNsMdUL1CM4+":{"registrationId":1618815539,"currentRatchet":{"ephemeralKeyPair":{"pubKey":"BRXqT5x8P/+hbtIy/mWQI+UdzwQ6O9n6gsupnrCebctt","privKey":"gP64nxpSvozv7Beef0x9UffWo7WqbiMXRvUguNCHsWM="},"lastRemoteEphemeralKey":"BZ3M0c9U0TGrVXX+TP64NoQTauQwppynTWc1e1QLnkN5","previousCounter":0,"rootKey":"6LC/+6kwDb62qQ08KK/YW6npUnK7HYcl+LvL0qENT/A="},"indexInfo":{"baseKey":"BXTpE9gO8KkkVKM1fTV74ayZxLm2gGYrjNsMdUL1CM4+","baseKeyType":1,"closed":-1,"used":1676784469547,"created":1676784469547,"remoteIdentityKey":"Bcmy/sgO89xB1qq24Bzf8zLJiiuDY+NxssVrBKb9PMpf"},"_chains":{"BRXqT5x8P/+hbtIy/mWQI+UdzwQ6O9n6gsupnrCebctt":{"chainKey":{"counter":0,"key":"Hv1/SdHPPkp06NIMbqsJCsBz8mUKj7lVqcbNbhEAkl0="},"chainType":1,"messageKeys":{}}},"pendingPreKey":{"signedKeyId":0,"baseKey":"BXTpE9gO8KkkVKM1fTV74ayZxLm2gGYrjNsMdUL1CM4+"}}},"version":"v1"}