{"_sessions":{"BZeFk6NzBTGobLGh3vZhwCvxH1zRDzv+CjwokCETWsQY":{"registrationId":810530241,"currentRatchet":{"ephemeralKeyPair":{"pubKey":"BbmJzTSKRlFscU6hHYfNWljLkYIqnwYV0jp/DUqPnLlo","privKey":"oF6XT8jUXHWt7WQrWnK2amEP8n6BMwgtUlMh7RCXOXg="},"lastRemoteEphemeralKey":"BYx85aK1F3c9zdwHdGPlUJLEAqnKrwUDh84FflKaP/F2","previousCounter":0,"rootKey":"XjBJDnKkUmZpYlx883lZPoT/sDc08Sy7CV0IeVCj4tQ="},"indexInfo":{"baseKey":"BZeFk6NzBTGobLGh3vZhwCvxH1zRDzv+CjwokCETWsQY","baseKeyType":1,"closed":-1,"used":1676784469453,"created":1676784469453,"remoteIdentityKey":"Ba9LqmvYoI4Yece3CeGLXsMnTKe6cKklq5AADlVjMP5C"},"_chains":{"BbmJzTSKRlFscU6hHYfNWljLkYIqnwYV0jp/DUqPnLlo":{"chainKey":{"counter":0,"key":"9ik4B4lz8bGfblJu1FxmsJC65WMgZBj+CP+UbaILARs="},"chainType":1,"messageKeys":{}}},"pendingPreKey":{"signedKeyId":7,"baseKey":"BZeFk6NzBTGobLGh3vZhwCvxH1zRDzv+CjwokCETWsQY","preKeyId":4812452}}},"version":"v1"}