{"_sessions":{"BYq9R5Qyc9aePFhwAFWZcB785d+Ejh7+EpN4tXUf/e5Z":{"registrationId":1877480398,"currentRatchet":{"ephemeralKeyPair":{"pubKey":"BTngaFonwlUXrQ2fuE1DcbcY7uYynJdHt6cOjmhbIA0R","privKey":"QAWtRGrvJbpQhvvaevCXTy76Y+CWyYiyJ1pEbdrfqU4="},"lastRemoteEphemeralKey":"BSBodzD8SuKxF7PpnODcF+U+R5QRypRZjNuKmcNJyVlf","previousCounter":0,"rootKey":"Czd+DQt5Qf1yF82/BF5xeJ+D/dlsMpgM5Tf0mWIq4Rw="},"indexInfo":{"baseKey":"BYq9R5Qyc9aePFhwAFWZcB785d+Ejh7+EpN4tXUf/e5Z","baseKeyType":1,"closed":-1,"used":1676784470302,"created":1676784470302,"remoteIdentityKey":"BSSwkkhcWvrgO3aTrnpj10dv5IOMRWM9HckW1WSdVjNA"},"_chains":{"BTngaFonwlUXrQ2fuE1DcbcY7uYynJdHt6cOjmhbIA0R":{"chainKey":{"counter":0,"key":"NGlh+SnhZkoYsS3wayKg/BGd/ofAj/BBO9D7XngkKOc="},"chainType":1,"messageKeys":{}}},"pendingPreKey":{"signedKeyId":0,"baseKey":"BYq9R5Qyc9aePFhwAFWZcB785d+Ejh7+EpN4tXUf/e5Z","preKeyId":6153528}}},"version":"v1"}