{"_sessions":{"BfIa4KofZXRtnEeGXmPZ7BcAdtflnT3CDERgJIiMJAFM":{"registrationId":614611400,"currentRatchet":{"ephemeralKeyPair":{"pubKey":"BclHzWzsygeu2ruTs/G4WOtNAAXU0EVE73tej8aE+K1L","privKey":"UI4vSi4tSrj1nwUA1BaNBK7P/wrRij820Aqy1UtQMkw="},"lastRemoteEphemeralKey":"BX/rXW3BLxmVp/vnyeVisPAEjdyqm6xVoOI7zs/DnHU6","previousCounter":0,"rootKey":"sUNPPgTL1PTyINLn8+819aZU4YyIImR0Rgxh/4gIrto="},"indexInfo":{"baseKey":"BfIa4KofZXRtnEeGXmPZ7BcAdtflnT3CDERgJIiMJAFM","baseKeyType":1,"closed":-1,"used":1676784470015,"created":1676784470015,"remoteIdentityKey":"BRukSg73/Ljk8MylshRnproOszvG+cUUDpyCAhaQFms6"},"_chains":{"BclHzWzsygeu2ruTs/G4WOtNAAXU0EVE73tej8aE+K1L":{"chainKey":{"counter":0,"key":"tTDuSqjL8CM/WjaAWoQFOIVp73sP4z033NLq5Dk4X3c="},"chainType":1,"messageKeys":{}}},"pendingPreKey":{"signedKeyId":0,"baseKey":"BfIa4KofZXRtnEeGXmPZ7BcAdtflnT3CDERgJIiMJAFM"}}},"version":"v1"}