{"_sessions":{"BQ+FiCHYM2UbJzSTYiQdAzTllyl3aos3yiEhIjkViMV0":{"registrationId":77469600,"currentRatchet":{"ephemeralKeyPair":{"pubKey":"BeEwkYYcW0NSpH2tjIFgsZBKoqNZwPYxTauJMWgfUboC","privKey":"8HyzQEteGUflwSWqpmU9hnSDKM3OxIKnP47YeB+5Jmg="},"lastRemoteEphemeralKey":"BZKpax8J77wyb6tNsI0AL/IiWi2QgdfXkE0uRlmfpF8a","previousCounter":0,"rootKey":"8UBpQvHBHjp4eahknWrJupkOWABtzWgov+erb0dxjZ4="},"indexInfo":{"baseKey":"BQ+FiCHYM2UbJzSTYiQdAzTllyl3aos3yiEhIjkViMV0","baseKeyType":1,"closed":-1,"used":1676784470458,"created":1676784470458,"remoteIdentityKey":"BUL+i1gfkOYZp1rLJgswuIg8btHxmoWdKgF15wX6uy56"},"_chains":{"BeEwkYYcW0NSpH2tjIFgsZBKoqNZwPYxTauJMWgfUboC":{"chainKey":{"counter":0,"key":"T3bYnBwt1j7PhCVBYk392UTXyn18AXtQ9t0mspI7VBA="},"chainType":1,"messageKeys":{}}},"pendingPreKey":{"signedKeyId":1,"baseKey":"BQ+FiCHYM2UbJzSTYiQdAzTllyl3aos3yiEhIjkViMV0","preKeyId":11593910}}},"version":"v1"}