{"_sessions":{"BcGfJr04kbdAb7pJwCVs+6Ste7uOFmx0iUKZy+wMZX5Y":{"registrationId":203948614,"currentRatchet":{"ephemeralKeyPair":{"pubKey":"BQ5/qOwuPOwciFmIScn/8qQu/9r9IY51cob34acHdgQ8","privKey":"4FzrXaID7rTUSlLcsTearQ7XBDDrBE7bdQq5taeimXU="},"lastRemoteEphemeralKey":"BaybL280qDTiGn+0RFuMWCwjcoShrCo+GdSPt1XsjM92","previousCounter":0,"rootKey":"p4Q6+yQROqqCGl4O4FPte+5LHm9tx/E7LC9TV+c9ZUQ="},"indexInfo":{"baseKey":"BcGfJr04kbdAb7pJwCVs+6Ste7uOFmx0iUKZy+wMZX5Y","baseKeyType":1,"closed":-1,"used":1676784470142,"created":1676784470142,"remoteIdentityKey":"BYiQ4s/LzFu7Td+1uSVdNWbZ3LenXyx+J8ILg2Ypk/dh"},"_chains":{"BQ5/qOwuPOwciFmIScn/8qQu/9r9IY51cob34acHdgQ8":{"chainKey":{"counter":0,"key":"W/U9sXatWp9OIW1G90eb7o8EoPjHvp/Gt7qPUntiRYI="},"chainType":1,"messageKeys":{}}},"pendingPreKey":{"signedKeyId":0,"baseKey":"BcGfJr04kbdAb7pJwCVs+6Ste7uOFmx0iUKZy+wMZX5Y","preKeyId":3694166}}},"version":"v1"}