{"_sessions":{"Bc8dI4Od5qM6vOehGFUJDU/j4FcQJ8X1mV4320iDFfRR":{"registrationId":185,"currentRatchet":{"ephemeralKeyPair":{"pubKey":"BVwq5lu1inNV5+j9KTipeV8fPZJDaBIMpMbhQJYLjGI1","privKey":"wO3PGawZzPZvRpyyluBi/OLlVc91YetYfNuuEmPRtmw="},"lastRemoteEphemeralKey":"BWsuKNsuQs+zz18f0U5RPJHlyp5S+d44mI+TsX5VYLgx","previousCounter":0,"rootKey":"dxImAAuKYQ3piSetsotbKzxF26pYKuSiN/PYPwIUNb8="},"indexInfo":{"baseKey":"Bc8dI4Od5qM6vOehGFUJDU/j4FcQJ8X1mV4320iDFfRR","baseKeyType":1,"closed":-1,"used":1676784468105,"created":1676784468105,"remoteIdentityKey":"BbprpVz38/H71kqtsSCy3lBuQC8ZSCB1ujh/nSkYdxcL"},"_chains":{"BVwq5lu1inNV5+j9KTipeV8fPZJDaBIMpMbhQJYLjGI1":{"chainKey":{"counter":0,"key":"8vhkQ6lMoP5YR/A9xAE+HJ3ap+nHevWEvRvwrrgb+mM="},"chainType":1,"messageKeys":{}}},"pendingPreKey":{"signedKeyId":1,"baseKey":"Bc8dI4Od5qM6vOehGFUJDU/j4FcQJ8X1mV4320iDFfRR"}}},"version":"v1"}