{"_sessions":{"BXOT8cBjJB2CNMn4IgMw+shB8lHj4cC2kmjLi21JMjIU":{"registrationId":1612719588,"currentRatchet":{"ephemeralKeyPair":{"pubKey":"Bfd20wKfx1Vm68MXu0jwRvANRclFqsMc9oTub2wnmTU3","privKey":"IAco0ygNG2bVyUkX4cS3yj6p29E6moeMbgnC6KETnHU="},"lastRemoteEphemeralKey":"BZ2wWKVBzzDog7WGkuvG9o3KYLa35aeSzIYMWGh6dp45","previousCounter":0,"rootKey":"pPQyTHEMYDqtadZzY0kPoNDoDnL8flkHVzmsXYBYd/Y="},"indexInfo":{"baseKey":"BXOT8cBjJB2CNMn4IgMw+shB8lHj4cC2kmjLi21JMjIU","baseKeyType":1,"closed":-1,"used":1676784469329,"created":1676784469329,"remoteIdentityKey":"BXK4qVuTEqWVnQehLYYKj7ft4fK9MzNANkcWHmgfT699"},"_chains":{"Bfd20wKfx1Vm68MXu0jwRvANRclFqsMc9oTub2wnmTU3":{"chainKey":{"counter":0,"key":"QSiHB6wbWnUUlUVwJcv0OPP8bj7wEBfXCRg621+ryhA="},"chainType":1,"messageKeys":{}}},"pendingPreKey":{"signedKeyId":0,"baseKey":"BXOT8cBjJB2CNMn4IgMw+shB8lHj4cC2kmjLi21JMjIU","preKeyId":9686272}}},"version":"v1"}