{"_sessions":{"BdC9EFwiM0f8zhqaGjh8fRFm21BxuSC2yD0jePjo7GZa":{"registrationId":1263959281,"currentRatchet":{"ephemeralKeyPair":{"pubKey":"Bf3hcyaoIsIzV/REPsDwqDWSef8Du45QcHZfhAoweu9c","privKey":"yNN0Jw08w0WVWFEtIqokvz+xK/m+menFBVv8QbOwrlg="},"lastRemoteEphemeralKey":"BUpC1hEvgti7Cmu4Aw4o8C+ZMUQMK6a/xQQV9Wsx7YJD","previousCounter":0,"rootKey":"4SRzSlhO7sJjKA57owYIBsuU8E5RS+QxkIGQT1U43n4="},"indexInfo":{"baseKey":"BdC9EFwiM0f8zhqaGjh8fRFm21BxuSC2yD0jePjo7GZa","baseKeyType":1,"closed":-1,"used":1676784469260,"created":1676784469260,"remoteIdentityKey":"Bel2zN2pGts1y7KGuoN3JcmoAiNf8XdckjxfMzzaikR8"},"_chains":{"Bf3hcyaoIsIzV/REPsDwqDWSef8Du45QcHZfhAoweu9c":{"chainKey":{"counter":0,"key":"qGVRVZyHdhfgKuqtYHShpgwmtfnFA7ZtsNEvW+7JNq4="},"chainType":1,"messageKeys":{}}},"pendingPreKey":{"signedKeyId":1,"baseKey":"BdC9EFwiM0f8zhqaGjh8fRFm21BxuSC2yD0jePjo7GZa"}}},"version":"v1"}