{"_sessions":{"BbhdEaYHp0bzBXWRQFJGtL03UkynRunYXoJCieFC1mRL":{"registrationId":885387799,"currentRatchet":{"ephemeralKeyPair":{"pubKey":"BYleQiY5IzID9Bh0K1sMJH2tzguWAjh0LnbAhkcJvaYa","privKey":"uG/CiDRrCv7BmtiKDtxYqg80pm8qS/DLWtoRmKgGcG8="},"lastRemoteEphemeralKey":"BU8R+6coakdDHR9Zs28Y6+BgzF/C8SjsSpUXJrQJNxpe","previousCounter":0,"rootKey":"RoWiugXJubQcTtCCewyyheIl3AP1IJTBcgPXPSdVevg="},"indexInfo":{"baseKey":"BbhdEaYHp0bzBXWRQFJGtL03UkynRunYXoJCieFC1mRL","baseKeyType":1,"closed":-1,"used":1676784470292,"created":1676784470292,"remoteIdentityKey":"BVOQwzOiP/XRNS6X5WgTQ7DXpU20ezZ0GR9B678G4L1q"},"_chains":{"BYleQiY5IzID9Bh0K1sMJH2tzguWAjh0LnbAhkcJvaYa":{"chainKey":{"counter":0,"key":"T99bIT9C1BHrYnV6uz/SS7Z9YhYO48zvtSOPRxNH8z8="},"chainType":1,"messageKeys":{}}},"pendingPreKey":{"signedKeyId":10,"baseKey":"BbhdEaYHp0bzBXWRQFJGtL03UkynRunYXoJCieFC1mRL"}}},"version":"v1"}