{"_sessions":{"BcvbTyMSc7PfMbFA/vF8iuP6sn25x8FZZWytElupfH9o":{"registrationId":235,"currentRatchet":{"ephemeralKeyPair":{"pubKey":"BVY7MxEhKEuTIrt0uyxJgC1OwgFqo3UkPv1OSVfrXEMx","privKey":"0N4NAFOmBoyJPm5ZFTXHDS4mmbm94f1Mgb4GDDTn8UU="},"lastRemoteEphemeralKey":"BTHCFIDkveJSguVfyph3/fomr4hz7Vixc3GJw6+tTFUi","previousCounter":0,"rootKey":"AvLgPvdAymdfTOEqz9VPAuh7CVRqsfnjVNLeq3KClVs="},"indexInfo":{"baseKey":"BcvbTyMSc7PfMbFA/vF8iuP6sn25x8FZZWytElupfH9o","baseKeyType":1,"closed":-1,"used":1676784468374,"created":1676784468374,"remoteIdentityKey":"BaszdagTXL3c8vcr5gfp/O1vzaaha+t2teMGcrk32mpP"},"_chains":{"BVY7MxEhKEuTIrt0uyxJgC1OwgFqo3UkPv1OSVfrXEMx":{"chainKey":{"counter":0,"key":"FCYrhikwKiq64IRQobLieMq3ECxxzrYUy8oXUeYbTMY="},"chainType":1,"messageKeys":{}}},"pendingPreKey":{"signedKeyId":1,"baseKey":"BcvbTyMSc7PfMbFA/vF8iuP6sn25x8FZZWytElupfH9o"}}},"version":"v1"}