{"_sessions":{"BffElUQm6pWKUdR1lNTVAlBGjqcg505xuOs3DLy/N+sN":{"registrationId":2136831366,"currentRatchet":{"ephemeralKeyPair":{"pubKey":"BQFxWTohcntgUT297kpbfc0FiPq+uZITGmPoXfIxJdkr","privKey":"MHH7La2qS6Fo68rJ6x4fjQ3AZgpcLP8yfzgeLQxg2nk="},"lastRemoteEphemeralKey":"BfWk7UJ+jEHbGCOP7gw4VAu+94P6eMT+QqUgtKfGFMdo","previousCounter":0,"rootKey":"Tc0WAGAT1c3SoQzjIZ3eEQHFyKdFg8cexo6sqQeMY5g="},"indexInfo":{"baseKey":"BffElUQm6pWKUdR1lNTVAlBGjqcg505xuOs3DLy/N+sN","baseKeyType":1,"closed":-1,"used":1676784469371,"created":1676784469371,"remoteIdentityKey":"BS7WpYUgvK+9GvdHdJH0qKCa9zjILcXqVrwRUpleKtEl"},"_chains":{"BQFxWTohcntgUT297kpbfc0FiPq+uZITGmPoXfIxJdkr":{"chainKey":{"counter":0,"key":"Wofaw5yXBCHlTFoAP4SHIxhUQ6kufXHrfjUQEkiTr6A="},"chainType":1,"messageKeys":{}}},"pendingPreKey":{"signedKeyId":0,"baseKey":"BffElUQm6pWKUdR1lNTVAlBGjqcg505xuOs3DLy/N+sN"}}},"version":"v1"}