{"_sessions":{"BQIxE41iZ2Nigysth9/G0vS54+i8lwBu4reiyqVSaZYB":{"registrationId":1035984788,"currentRatchet":{"ephemeralKeyPair":{"pubKey":"BYhkUOnO75VR7kJlfIOKZsKNZgtmsbPxsUtjh55zgq98","privKey":"qFf7BtaK4Km4d9YRIBsOdQA199u5m9+cXs95p3h56W4="},"lastRemoteEphemeralKey":"BXP0x35xCt5NE3m5Mj3nLfO5FEzVBbfRR/LRIDHPxVcM","previousCounter":0,"rootKey":"ghI60GaOhIsa3hi7VVfftMD1g0un/offQ7H4gN+u9N8="},"indexInfo":{"baseKey":"BQIxE41iZ2Nigysth9/G0vS54+i8lwBu4reiyqVSaZYB","baseKeyType":1,"closed":-1,"used":1676784469401,"created":1676784469401,"remoteIdentityKey":"BepUdqEaK8Ot3Z3XvZK9SwBPEzpOdmdM4ONbV886Dhwl"},"_chains":{"BYhkUOnO75VR7kJlfIOKZsKNZgtmsbPxsUtjh55zgq98":{"chainKey":{"counter":0,"key":"p+1GmX8fcVCN+WS7qQDQrC3Zhk8ztElfEOuAMrDMVSk="},"chainType":1,"messageKeys":{}}},"pendingPreKey":{"signedKeyId":1,"baseKey":"BQIxE41iZ2Nigysth9/G0vS54+i8lwBu4reiyqVSaZYB","preKeyId":10518513}}},"version":"v1"}