{"_sessions":{"BZYZqjWBXypJnwrwuhTa4iCTmjNYImtBlbyQPK9JBogY":{"registrationId":972656775,"currentRatchet":{"ephemeralKeyPair":{"pubKey":"BdyHwgETDUaGMzWxRHmMgIVV+Ln8k4do2YAHS1bBEEEp","privKey":"qEHllwzdvZTm/2E4omGPVlNmZ4I9PmNyrTT7t1oqT0U="},"lastRemoteEphemeralKey":"BYyRrpf3MEwxJ72cdjo3WL90ouYIoCvbMU5+FnODT2wN","previousCounter":0,"rootKey":"1ba1/GCoWpVYARJ4Ydmxxe9oJ1eNXue0FEjwsADSQvw="},"indexInfo":{"baseKey":"BZYZqjWBXypJnwrwuhTa4iCTmjNYImtBlbyQPK9JBogY","baseKeyType":1,"closed":-1,"used":1676784468838,"created":1676784468838,"remoteIdentityKey":"BSaBNICCheSNv85Qnf2u/Utx0Og3X32Ub3ZvXTlENYcT"},"_chains":{"BdyHwgETDUaGMzWxRHmMgIVV+Ln8k4do2YAHS1bBEEEp":{"chainKey":{"counter":0,"key":"1PpUwTS85xNrEUdnV19AxSFQtMkutoc2TnrwiWpgsxQ="},"chainType":1,"messageKeys":{}}},"pendingPreKey":{"signedKeyId":1,"baseKey":"BZYZqjWBXypJnwrwuhTa4iCTmjNYImtBlbyQPK9JBogY"}}},"version":"v1"}