{"_sessions":{"BVzxyfT3VBUpl9hxEX7bSAirjHG3qpXtxk2ky9oxUm0o":{"registrationId":1079737061,"currentRatchet":{"ephemeralKeyPair":{"pubKey":"BSBQKWAtexqXSfQAfF7wPuGpil/64w0ueXXEvkpVHkk1","privKey":"iBeiSiKPeHboG9dPOQNzgsEAVfG6uUiEXfSen+TTlVY="},"lastRemoteEphemeralKey":"BZLbL41sp42ZVxetQabpKkz2EJr5UT3jzYTFFnHiGAAg","previousCounter":0,"rootKey":"MoobdoxuPjiAR8wyM2SCQxP9keR6cOSNdpFdbK1EwCU="},"indexInfo":{"baseKey":"BVzxyfT3VBUpl9hxEX7bSAirjHG3qpXtxk2ky9oxUm0o","baseKeyType":1,"closed":-1,"used":1676784470227,"created":1676784470227,"remoteIdentityKey":"BUO3zvh/UegTeTqy40lXtnGPhYluwh4VdiyuIGDDM394"},"_chains":{"BSBQKWAtexqXSfQAfF7wPuGpil/64w0ueXXEvkpVHkk1":{"chainKey":{"counter":0,"key":"akg1l9FSjTYEARnU7sDcTz/DZJZtkcJKAaS/jNl2cGw="},"chainType":1,"messageKeys":{}}},"pendingPreKey":{"signedKeyId":1,"baseKey":"BVzxyfT3VBUpl9hxEX7bSAirjHG3qpXtxk2ky9oxUm0o","preKeyId":9892559}}},"version":"v1"}