{"_sessions":{"BbDDG9rodUm1I8ZcexzozjXSgX6Vf7lOvr/dwyNVmkZD":{"registrationId":878257536,"currentRatchet":{"ephemeralKeyPair":{"pubKey":"BUAjDt5Qqqh7lQyL6XVhsIEdh95pKmIEjl9WXitP72YU","privKey":"SOtWRK3K9Uqn0HFirnC1ukpUFEikNybjUafZvYSghXc="},"lastRemoteEphemeralKey":"BVN/B8StkWiD0m2foEYJRRpNfZ1xYE6s4ajY51vqx4p4","previousCounter":0,"rootKey":"66KODIdBX8sG0UxSVPPQHDNCvuSsT7WDjfdZQe+779Y="},"indexInfo":{"baseKey":"BbDDG9rodUm1I8ZcexzozjXSgX6Vf7lOvr/dwyNVmkZD","baseKeyType":1,"closed":-1,"used":1676784468451,"created":1676784468451,"remoteIdentityKey":"BXJ8xGXX5RjWT4ycbi8FEk/zCKGMaYBbatgnHn9VS5Ma"},"_chains":{"BUAjDt5Qqqh7lQyL6XVhsIEdh95pKmIEjl9WXitP72YU":{"chainKey":{"counter":0,"key":"v18nepSkWBfILidoNTayWGb01ityEyJXXTYeA8HJncw="},"chainType":1,"messageKeys":{}}},"pendingPreKey":{"signedKeyId":0,"baseKey":"BbDDG9rodUm1I8ZcexzozjXSgX6Vf7lOvr/dwyNVmkZD"}}},"version":"v1"}