{"_sessions":{"BdrJqrxT1hZRFIl7XouXDSa5hM6bOxbw/Qo7wyl2kWRF":{"registrationId":2025646918,"currentRatchet":{"ephemeralKeyPair":{"pubKey":"BVCFh7WbSf6DhsWCYqENtxOq5COn1FF26xIAfQKtocN+","privKey":"gM/kHz5OMO/Jfvc3+wXrWDBhdYp9R3Tb8bBRtt9zAG8="},"lastRemoteEphemeralKey":"BeZhkJXzA2BZNxtxQDURkaSM5bA2I6CkLYkS+AJbWcp+","previousCounter":0,"rootKey":"7xKxyOjgS0Rb3dY1LgwHlHUDs/RrjX5LhpUb5bGgPLo="},"indexInfo":{"baseKey":"BdrJqrxT1hZRFIl7XouXDSa5hM6bOxbw/Qo7wyl2kWRF","baseKeyType":1,"closed":-1,"used":1676784469350,"created":1676784469350,"remoteIdentityKey":"BZTvf92DA1f1etkMrcqA3SMJ2D/zVrTeIx6QQKeA6I4D"},"_chains":{"BVCFh7WbSf6DhsWCYqENtxOq5COn1FF26xIAfQKtocN+":{"chainKey":{"counter":0,"key":"9qMpltHGh2yWhU4Y56CdvC2I23Yq9j/F5KrgwLnCX8U="},"chainType":1,"messageKeys":{}}},"pendingPreKey":{"signedKeyId":1,"baseKey":"BdrJqrxT1hZRFIl7XouXDSa5hM6bOxbw/Qo7wyl2kWRF"}}},"version":"v1"}