{"_sessions":{"BbRo3kMsPWIXm230GOFt0qR3uU0LUGvUUsFxVGq08wJj":{"registrationId":534089535,"currentRatchet":{"ephemeralKeyPair":{"pubKey":"Bc0PI50/U5SeIAjCkNX5Gr7o5I4/tcKL+0GstWW6QCFK","privKey":"mGI1UNxPnmKRslTvDfa7YLoB6vtmkOCRi4xyTU7LcVg="},"lastRemoteEphemeralKey":"BYjMKlvDEHWFpR3H2jA8EQoKBv8/vBRvvs9P+gqcdQN3","previousCounter":0,"rootKey":"Trp9lJtreBcg3rP6p87L8jhf/whs948JTBbeJ1nJEd4="},"indexInfo":{"baseKey":"BbRo3kMsPWIXm230GOFt0qR3uU0LUGvUUsFxVGq08wJj","baseKeyType":1,"closed":-1,"used":1676784470277,"created":1676784470277,"remoteIdentityKey":"BUBa8xWa3YrJzIwH1ZxPjOOZ8LKkim8Vz6bkvltxKNgu"},"_chains":{"Bc0PI50/U5SeIAjCkNX5Gr7o5I4/tcKL+0GstWW6QCFK":{"chainKey":{"counter":0,"key":"sLrMrhmGnsHI+8ipTgwy0bTH8WZtaFIYgbsGNBSChAo="},"chainType":1,"messageKeys":{}}},"pendingPreKey":{"signedKeyId":0,"baseKey":"BbRo3kMsPWIXm230GOFt0qR3uU0LUGvUUsFxVGq08wJj","preKeyId":5966181}}},"version":"v1"}