{"_sessions":{"BSw3P/3JmtDVTS+q1443MiIwnVKEHZPTXDrwEbhBlD1/":{"registrationId":1420229713,"currentRatchet":{"ephemeralKeyPair":{"pubKey":"BeesjLrFEDe4uEACBumOImKYAzEljw3bjopoXBrRoskZ","privKey":"MNbq6Dph+yR/yWKd9P4pocFL6eUHSB8qT0rnrUQApHc="},"lastRemoteEphemeralKey":"BZLgsnXXQuPzAS24bSbM/I028GCyRgE7+SwGOC22q1VA","previousCounter":0,"rootKey":"HqLva27aJZ6eEJub7/tqSP7BC44iBG7OSJbT522zd6k="},"indexInfo":{"baseKey":"BSw3P/3JmtDVTS+q1443MiIwnVKEHZPTXDrwEbhBlD1/","baseKeyType":1,"closed":-1,"used":1676784468507,"created":1676784468507,"remoteIdentityKey":"BVnt55jHlDKLATTvTkV0c27zlQrs0e0DMAdb20IvICQ8"},"_chains":{"BeesjLrFEDe4uEACBumOImKYAzEljw3bjopoXBrRoskZ":{"chainKey":{"counter":0,"key":"dHbRKoc2gZqmcQxQxIkXt/vTld/jj/oktX/7slyczr4="},"chainType":1,"messageKeys":{}}},"pendingPreKey":{"signedKeyId":10,"baseKey":"BSw3P/3JmtDVTS+q1443MiIwnVKEHZPTXDrwEbhBlD1/","preKeyId":16620349}}},"version":"v1"}