{"_sessions":{"BX44h17dJM2rkD3bsZyb1TtE0XsNz1tubJjtiGPyeFYm":{"registrationId":103,"currentRatchet":{"ephemeralKeyPair":{"pubKey":"BeDKO+mBzoGwtkPo5rkM1y/BisVb3I23/6noTAdPl0cK","privKey":"ENMT5DXEGP4UJ8Ira8q4ZvSE8lToFiAqLLMQmVpKM18="},"lastRemoteEphemeralKey":"BaNYmv0tgG0eGAYD84/pV6lj8FY050Kized2ASJNdrh8","previousCounter":0,"rootKey":"NvGA6q6CMMLj33OTs0yod940Vk+D2NQjwIywkYxxyLo="},"indexInfo":{"baseKey":"BX44h17dJM2rkD3bsZyb1TtE0XsNz1tubJjtiGPyeFYm","baseKeyType":1,"closed":-1,"used":1676784468317,"created":1676784468317,"remoteIdentityKey":"BZYVb90VNbxhpebanTPYZlxv2gtSmTeoV33J/4M5nDQc"},"_chains":{"BeDKO+mBzoGwtkPo5rkM1y/BisVb3I23/6noTAdPl0cK":{"chainKey":{"counter":0,"key":"Q0ryMCEnFPuoS8eATuyj4LBPSdmVpTJPKlZWiDU67B4="},"chainType":1,"messageKeys":{}}},"pendingPreKey":{"signedKeyId":1,"baseKey":"BX44h17dJM2rkD3bsZyb1TtE0XsNz1tubJjtiGPyeFYm"}}},"version":"v1"}