{"_sessions":{"BUI3sHWJT+On6i2UaEDmeInIkoSG+3Ir0KnKirTvZdg3":{"registrationId":97,"currentRatchet":{"ephemeralKeyPair":{"pubKey":"BbVfxy+OjFoztRvjBd3NLcbeXfg0hEq1Njn9X38L8Zwg","privKey":"iCELHMictNGmrHKqMQyX3V7Jf6TwOB4JBuJnOJAoiU0="},"lastRemoteEphemeralKey":"BSwkNe+4LpUzzzrth0feZDNUOuD3olUMhnu0U78vc3c2","previousCounter":0,"rootKey":"hf/2xRFEVkZY74nTDGwGZvD3aGPop7cQISU560oyHlE="},"indexInfo":{"baseKey":"BUI3sHWJT+On6i2UaEDmeInIkoSG+3Ir0KnKirTvZdg3","baseKeyType":1,"closed":-1,"used":1676784468171,"created":1676784468171,"remoteIdentityKey":"BXrG6GVCIAi8HvNjAbvoYSX7CFW9lvY8EVdKhUGJortv"},"_chains":{"BbVfxy+OjFoztRvjBd3NLcbeXfg0hEq1Njn9X38L8Zwg":{"chainKey":{"counter":0,"key":"nxhqFvEevZ4NPhC7H6/aQmIp//q0EPb45XiUWzTaX8I="},"chainType":1,"messageKeys":{}}},"pendingPreKey":{"signedKeyId":1,"baseKey":"BUI3sHWJT+On6i2UaEDmeInIkoSG+3Ir0KnKirTvZdg3"}}},"version":"v1"}