{"_sessions":{"Ba55RX3Tf4vONSovUNQuT1VuP9Umd69nJDHt/LE/UuQn":{"registrationId":759137712,"currentRatchet":{"ephemeralKeyPair":{"pubKey":"BR/pgslbiYWj/eW7a23tl18QWL8Yo5CDQ9DYtlsSeUB6","privKey":"YA2qAsZk19y+vgpjdtz5qMAtQAgAGvbIDLq1PhcRAFg="},"lastRemoteEphemeralKey":"BfR8ApJtT9bIm30k4ZzDfPTP1+sMFX55eG6s5PK7TEI9","previousCounter":0,"rootKey":"q9xoDF47T9aK3su82wwT6MXTridyOg3HIh92f+AuuDE="},"indexInfo":{"baseKey":"Ba55RX3Tf4vONSovUNQuT1VuP9Umd69nJDHt/LE/UuQn","baseKeyType":1,"closed":1676784964583,"used":1676784470308,"created":1676784470308,"remoteIdentityKey":"BX5vsM4ntj4G2JlNw93HTnwKvAyUFIIOqmRkLQ3r1KR2"},"_chains":{"BR/pgslbiYWj/eW7a23tl18QWL8Yo5CDQ9DYtlsSeUB6":{"chainKey":{"counter":0,"key":"prArso9ajvujMbaBYt2BPj1XCEfAXCT7/GWfbHRZPA0="},"chainType":1,"messageKeys":{}}},"pendingPreKey":{"signedKeyId":3,"baseKey":"Ba55RX3Tf4vONSovUNQuT1VuP9Umd69nJDHt/LE/UuQn","preKeyId":5792249}},"BQUG8wZ5BwP+2ZEQ5e3PPSWXeK0+eWNAl9I+8UcPNyBz":{"registrationId":412098759,"currentRatchet":{"ephemeralKeyPair":{"pubKey":"BT/RmOU1Nbo3Rz6AdSXz3AsHhexCSFmOBgvXi4DsiqNR","privKey":"yHLOj73TZYhhQafCq9+rK0eUgy68tpUE1HYgMEkU4WE="},"lastRemoteEphemeralKey":"BcnS15qKF/uXLUSrUz0lQPNU5U04dHB3lVOnhOnBEatM","previousCounter":0,"rootKey":"VobIKZx9BYB0zPOT7m4SuLm+vlYsX8+D0UrqhVBQrvk="},"indexInfo":{"baseKey":"BQUG8wZ5BwP+2ZEQ5e3PPSWXeK0+eWNAl9I+8UcPNyBz","baseKeyType":1,"closed":-1,"used":1676784964578,"created":1676784964578,"remoteIdentityKey":"BbrGNKtx/b3kS4SFo/3Hp0U7U9rGCn8KyTr70/X3PfwG"},"_chains":{"BT/RmOU1Nbo3Rz6AdSXz3AsHhexCSFmOBgvXi4DsiqNR":{"chainKey":{"counter":-1,"key":"AAXW90BFX8KIK/l43LO4Zm1QHJVN5WtzheC9zf4EVwc="},"chainType":1,"messageKeys":{}}},"pendingPreKey":{"signedKeyId":0,"baseKey":"BQUG8wZ5BwP+2ZEQ5e3PPSWXeK0+eWNAl9I+8UcPNyBz","preKeyId":7542112}}},"version":"v1"}