{"_sessions":{"BTm2hvmoEJpc6HB1ge23uXfpoJpeWuC6A26fpJoPNU0s":{"registrationId":249,"currentRatchet":{"ephemeralKeyPair":{"pubKey":"BYqJN4xL4nLJXiQKI05cREc8FcrRCNXItqQYswndaPV0","privKey":"aFFwVyJw1IH4iTr4QqryLhm+H5iLy18Bnx1t9xbRpkU="},"lastRemoteEphemeralKey":"BfB39lHUVxYMBXc1fjHxMN9XQOCmJ43XJi+2S945rsM8","previousCounter":0,"rootKey":"DenIo31DeJ8xSWH4B+Id6ylOGREdtu+shHaA9NPvNB4="},"indexInfo":{"baseKey":"BTm2hvmoEJpc6HB1ge23uXfpoJpeWuC6A26fpJoPNU0s","baseKeyType":1,"closed":-1,"used":1676784468153,"created":1676784468153,"remoteIdentityKey":"BSjOnXSXKs5+9fNWpX5UtcZCp8AzVBb+d1jzdmZDYI0i"},"_chains":{"BYqJN4xL4nLJXiQKI05cREc8FcrRCNXItqQYswndaPV0":{"chainKey":{"counter":0,"key":"M8pyPHL7wW9UEaD1jwQv2ENEgRixT98z3UMO2qWnI/4="},"chainType":1,"messageKeys":{}}},"pendingPreKey":{"signedKeyId":1,"baseKey":"BTm2hvmoEJpc6HB1ge23uXfpoJpeWuC6A26fpJoPNU0s"}}},"version":"v1"}