{"_sessions":{"BdKLNml/Ej0MBVFLpLvkAWTmLcHKwYqx/uoOWGpsVIZp":{"registrationId":187,"currentRatchet":{"ephemeralKeyPair":{"pubKey":"BQdn9MClyadBgvDPt9Ze7cC1p8uBQLA8ho3SQfn1Kptv","privKey":"oLKjGHn5Oyqr2oPPuS3c2iRbSYaz/KTGHSDiA5b71U8="},"lastRemoteEphemeralKey":"BWV1JVtFLPJv1S+NWKmh3L1hbu3Jb7Z9WidGfgxeY7gM","previousCounter":0,"rootKey":"pHDC8ucoN9pEYvdVMgU+HAW5Qk4aU4pLLpLLKicsb6U="},"indexInfo":{"baseKey":"BdKLNml/Ej0MBVFLpLvkAWTmLcHKwYqx/uoOWGpsVIZp","baseKeyType":1,"closed":-1,"used":1676784468233,"created":1676784468233,"remoteIdentityKey":"BTpP0G9c3Zxg2dwQbylQ9wLpHFUhOuuFKDQupWY/Z4sR"},"_chains":{"BQdn9MClyadBgvDPt9Ze7cC1p8uBQLA8ho3SQfn1Kptv":{"chainKey":{"counter":0,"key":"JivVdwPxsvSMQ/01VJ0vyc5Qw8hUCsKL54KgUzAQUZg="},"chainType":1,"messageKeys":{}}},"pendingPreKey":{"signedKeyId":1,"baseKey":"BdKLNml/Ej0MBVFLpLvkAWTmLcHKwYqx/uoOWGpsVIZp"}}},"version":"v1"}