{"_sessions":{"BfcGB87pXZatQwduMiEKP9lgKRMO6aV4HR/TRLa1Px1y":{"registrationId":281392155,"currentRatchet":{"ephemeralKeyPair":{"pubKey":"Bd2YHphNCMWWJ+A81qiemzcRcc+TSRpv5qWAnmDzPf1j","privKey":"0INBj5jhQRYirro6dcqN/dACMz0o6YddBUjrGMJAUFM="},"lastRemoteEphemeralKey":"Bb/cHzqw0si3xP+FzauZNOPd0Tg9Pbd9cCjPo0kTtzN7","previousCounter":0,"rootKey":"vip8dTiHlMaT5LcNL7AM+hJp7AqMp9ME3VadedsTsmQ="},"indexInfo":{"baseKey":"BfcGB87pXZatQwduMiEKP9lgKRMO6aV4HR/TRLa1Px1y","baseKeyType":1,"closed":-1,"used":1676784469946,"created":1676784469946,"remoteIdentityKey":"BX50kQl8pcGcRUyH9LJj8RXkL5MqRIXYu7Zm7F1VsZ8G"},"_chains":{"Bd2YHphNCMWWJ+A81qiemzcRcc+TSRpv5qWAnmDzPf1j":{"chainKey":{"counter":0,"key":"Eb/O3m//7AiQ51qIOaERJ9V12o2MYS1GYMdBv6kHYrk="},"chainType":1,"messageKeys":{}}},"pendingPreKey":{"signedKeyId":1,"baseKey":"BfcGB87pXZatQwduMiEKP9lgKRMO6aV4HR/TRLa1Px1y","preKeyId":6814566}}},"version":"v1"}