{"_sessions":{"BY1Mcun+hfyA8BB6T1fQKx2fAno4LmBRdIzhv8ML5z9q":{"registrationId":33,"currentRatchet":{"ephemeralKeyPair":{"pubKey":"BW4mQH1WGCC1iROtKrRtq8fo8BWszKfcC5vD3SX2zsQi","privKey":"kKSzh3xYpmm8dWMvznHSHVDBZIW8XiZkJ+P/zmJ3ymo="},"lastRemoteEphemeralKey":"BfaruOB+B6O2eFpivMcu9Be8+eTXrNhHs5cvsS0z0rZv","previousCounter":0,"rootKey":"gk2/v9DJ/WZNAtytLRjJlFPSldOFdoAmtsGI4kt5q4I="},"indexInfo":{"baseKey":"BY1Mcun+hfyA8BB6T1fQKx2fAno4LmBRdIzhv8ML5z9q","baseKeyType":1,"closed":-1,"used":1676784467955,"created":1676784467955,"remoteIdentityKey":"BVgdr+AfzlDbRLylnv6fYHFHvn2tDjD3enK9g+Fq98tg"},"_chains":{"BW4mQH1WGCC1iROtKrRtq8fo8BWszKfcC5vD3SX2zsQi":{"chainKey":{"counter":0,"key":"wDVebce31nIo7Ln4upm1A+8JWBd5Wcjiy2hGeQ31+rw="},"chainType":1,"messageKeys":{}}},"pendingPreKey":{"signedKeyId":1,"baseKey":"BY1Mcun+hfyA8BB6T1fQKx2fAno4LmBRdIzhv8ML5z9q"}}},"version":"v1"}