{"_sessions":{"BeA3kwRfUcA8EXwbOyyG8OGsN+civfzXOpeqvxeicvgm":{"registrationId":159341559,"currentRatchet":{"ephemeralKeyPair":{"pubKey":"BVIM9A63cNo00Cx5Aun3Lxf1uYnLDq4H8h7w1ismVH1A","privKey":"2NDWA0GDMOrKPvdjV3czKBFVsHSdLnZL46h1hpdLKVE="},"lastRemoteEphemeralKey":"Bb28wb86CUZ5yFfP6wSa2qF1FmmpqAo4tJDUgwh8XIYp","previousCounter":0,"rootKey":"E6pTQParYdUtc//LkPbw8oIWwynAqDDMdmsnymZ0k58="},"indexInfo":{"baseKey":"BeA3kwRfUcA8EXwbOyyG8OGsN+civfzXOpeqvxeicvgm","baseKeyType":1,"closed":1676785698233,"used":1676784469457,"created":1676784469457,"remoteIdentityKey":"BV4DOChLAGMVUf7O7H0rCd0G6nUrSTqjAOF3Izh9IQZE"},"_chains":{"BVIM9A63cNo00Cx5Aun3Lxf1uYnLDq4H8h7w1ismVH1A":{"chainKey":{"counter":0,"key":"20k0ULMVcWjMVC86tdNvNK6Cz0FEahW/OQhlByBJJvk="},"chainType":1,"messageKeys":{}}},"pendingPreKey":{"signedKeyId":0,"baseKey":"BeA3kwRfUcA8EXwbOyyG8OGsN+civfzXOpeqvxeicvgm"}},"BcvC5Wue7l4LNGBYc7N54+lHGWRXMTKB9mbKDh6acyI4":{"registrationId":1565534593,"currentRatchet":{"ephemeralKeyPair":{"pubKey":"BQAlmEKmtUHxcw2b6TqHvcXaZsNTx9kEECpKw/Op+/MO","privKey":"mL/Jd61JYYOGCM6myWVPou0sy8jNsRTHQtEZUkLf5Es="},"lastRemoteEphemeralKey":"Bb93U8s28muECAS/eic4Gls9PUy4UCneYqteSg5BqZBP","previousCounter":0,"rootKey":"4zRptr7QxB0uZZtlc7XnFF+2JKVNVOYEFeSysqaX2+g="},"indexInfo":{"baseKey":"BcvC5Wue7l4LNGBYc7N54+lHGWRXMTKB9mbKDh6acyI4","baseKeyType":1,"closed":-1,"used":1676785698232,"created":1676785698232,"remoteIdentityKey":"BYEJ3ApVa589VstrA+D/u2SgMg0gO3vES3D6igcuhQZd"},"_chains":{"BQAlmEKmtUHxcw2b6TqHvcXaZsNTx9kEECpKw/Op+/MO":{"chainKey":{"counter":-1,"key":"3TB2Bzx6wlUarT/zGCNMDwuxiPYJu7bAgmdPG5PhMbs="},"chainType":1,"messageKeys":{}}},"pendingPreKey":{"signedKeyId":0,"baseKey":"BcvC5Wue7l4LNGBYc7N54+lHGWRXMTKB9mbKDh6acyI4","preKeyId":10069090}}},"version":"v1"}