{"_sessions":{"BU+jFhyi7lWBAG0FizOf/1f7lo1r7mwXA92fxF8wpzB2":{"registrationId":194738660,"currentRatchet":{"ephemeralKeyPair":{"pubKey":"BZTfzvr7JB8QL7m8VUl2W51INgtluU39Zz66lYeYXaEL","privKey":"YOR5UU5TkmhVhqoqh9z+XHzpp5AhmHruWV0TSU73pGI="},"lastRemoteEphemeralKey":"BW8BQseDnQbEsOY3kNTveQcwD9y5bamp/0FJij5src1P","previousCounter":0,"rootKey":"CkHHiWeCyAttW8VL4Q/MqGPYoTofFTqvRds3iI6kh/c="},"indexInfo":{"baseKey":"BU+jFhyi7lWBAG0FizOf/1f7lo1r7mwXA92fxF8wpzB2","baseKeyType":1,"closed":-1,"used":1676784470004,"created":1676784470004,"remoteIdentityKey":"BXNW4xc166oQJ0Rpx0nGEL2yFWa3yL+wkB4sUV2lqz0v"},"_chains":{"BZTfzvr7JB8QL7m8VUl2W51INgtluU39Zz66lYeYXaEL":{"chainKey":{"counter":0,"key":"Enx9CloJp5ULGUPGE9xqDA++HJX6IBfQKGYPJCy8cs8="},"chainType":1,"messageKeys":{}}},"pendingPreKey":{"signedKeyId":0,"baseKey":"BU+jFhyi7lWBAG0FizOf/1f7lo1r7mwXA92fxF8wpzB2","preKeyId":10392158}}},"version":"v1"}