{"_sessions":{"Ba9HDblTKjCAFM3eVu0Qjd0MSKMktgYjEZyURaUx555J":{"registrationId":161930643,"currentRatchet":{"ephemeralKeyPair":{"pubKey":"Beyku6OJrxnnRXvTzpD2FJ1mYbc9Z/VUnzAsB+hgLr4Z","privKey":"MK2O3uz7NGBRa4mXWCvHGcxeZ9/nDZ86Ti7UJFRj02Y="},"lastRemoteEphemeralKey":"BVl1j+pZXKrFhtibrm16lh2l75q3UXazEpld22g8GsNS","previousCounter":0,"rootKey":"0cgbFM5pdeAKQq7KGR/CFWc2E7KNYg5XRpQB/Zgg+4M="},"indexInfo":{"baseKey":"Ba9HDblTKjCAFM3eVu0Qjd0MSKMktgYjEZyURaUx555J","baseKeyType":1,"closed":-1,"used":1676784470340,"created":1676784470340,"remoteIdentityKey":"BebQt44uPIiIVZOwNX58/3mSGzxC4nWq9jimh1ulPHQ/"},"_chains":{"Beyku6OJrxnnRXvTzpD2FJ1mYbc9Z/VUnzAsB+hgLr4Z":{"chainKey":{"counter":0,"key":"mhORQS1J8Odvg383PSgagPU/0aHp6Y4ZPRtzYqO37v8="},"chainType":1,"messageKeys":{}}},"pendingPreKey":{"signedKeyId":1,"baseKey":"Ba9HDblTKjCAFM3eVu0Qjd0MSKMktgYjEZyURaUx555J","preKeyId":14934758}}},"version":"v1"}