{"_sessions":{"BbO5g1844HbIXeoumqx+F9KTsRskMoNepf9tGihpAw1f":{"registrationId":30,"currentRatchet":{"ephemeralKeyPair":{"pubKey":"BZ/ZubcvEKLiMRFsA7Sl1X6BXQwiTDEyztIuXfBk5sIG","privKey":"KLoIHg6YVKhm1xQoTX25/KbVLFJBH66LuXq3dX+RWG8="},"lastRemoteEphemeralKey":"BYA5Z6QJuBIeDH0hAh2DuIn+ttDEhpwl1Yr6y5wUQVRK","previousCounter":0,"rootKey":"lTQUm3/WV9SXzjsf9GgccygxJjvM7eeQ0/hQEPjAaLc="},"indexInfo":{"baseKey":"BbO5g1844HbIXeoumqx+F9KTsRskMoNepf9tGihpAw1f","baseKeyType":1,"closed":-1,"used":1676784468247,"created":1676784468247,"remoteIdentityKey":"BYFXS5dWh8CnmXGBjXXgGCmJwXJ0ZyOhXfWra/M/7ikn"},"_chains":{"BZ/ZubcvEKLiMRFsA7Sl1X6BXQwiTDEyztIuXfBk5sIG":{"chainKey":{"counter":0,"key":"LXC9zf7Zds7QPE64r8OUs1EWBGLT4NVbllx6nKAGdBY="},"chainType":1,"messageKeys":{}}},"pendingPreKey":{"signedKeyId":1,"baseKey":"BbO5g1844HbIXeoumqx+F9KTsRskMoNepf9tGihpAw1f"}}},"version":"v1"}