{"_sessions":{"BW4YJGs8xdCOyIy57rADYwoQ8KTh7p6De0xy3RLqadYX":{"registrationId":561570899,"currentRatchet":{"ephemeralKeyPair":{"pubKey":"BTz+xmr8tG0VeFlr4Kc/+CFsOYi0l5vBZDHqMKf+POwB","privKey":"uNlJA7GLaHdrOOg0BXGnog/cgV+BHiLYwLdHW9ubKWA="},"lastRemoteEphemeralKey":"Be/OxUcTayLx2+jwV4tFLPlfmzQvl78G3EH0VdXpXPB/","previousCounter":0,"rootKey":"tWoHQRo5TuFlyR+/CEtDIG8fH68egVZmLq6eny6b92E="},"indexInfo":{"baseKey":"BW4YJGs8xdCOyIy57rADYwoQ8KTh7p6De0xy3RLqadYX","baseKeyType":1,"closed":-1,"used":1676784469631,"created":1676784469631,"remoteIdentityKey":"BZEcBmUSCKeUtMMiVyANrAis2WHg8EMtAZhLQ8Did+F4"},"_chains":{"BTz+xmr8tG0VeFlr4Kc/+CFsOYi0l5vBZDHqMKf+POwB":{"chainKey":{"counter":0,"key":"M3LSecyYwCqpGHKvMn6RnbW8UwqiqDh3j06YPjtOuU0="},"chainType":1,"messageKeys":{}}},"pendingPreKey":{"signedKeyId":0,"baseKey":"BW4YJGs8xdCOyIy57rADYwoQ8KTh7p6De0xy3RLqadYX","preKeyId":10164971}}},"version":"v1"}