{"_sessions":{"BbljQYHLAtDC3FpAxmMHL58yrDpvq1LAN3fPvUT1ZLI/":{"registrationId":246461011,"currentRatchet":{"ephemeralKeyPair":{"pubKey":"BSqlRa++HDhb+UeGA5xM1YbcSrrH1j+rfIFVfnJC881d","privKey":"4PiZ1B3MmBK2+MymcuIF/Pt0ucm8L9f8fi3eF2HavlI="},"lastRemoteEphemeralKey":"BfRo/uzUGYv5ecQ7q4Sq9GygIAkKSOM/0RQkeacpEWVi","previousCounter":0,"rootKey":"qH2nX/YWvwGx/Cv1wxUYjAErttvNLDSTlvqFPuxGOf8="},"indexInfo":{"baseKey":"BbljQYHLAtDC3FpAxmMHL58yrDpvq1LAN3fPvUT1ZLI/","baseKeyType":1,"closed":-1,"used":1676784468435,"created":1676784468435,"remoteIdentityKey":"BQA6QbH7D8Vl5sNeUmHhOyvi9XIGZb7L74AJYKTrepFR"},"_chains":{"BSqlRa++HDhb+UeGA5xM1YbcSrrH1j+rfIFVfnJC881d":{"chainKey":{"counter":0,"key":"TV9MjwFqc3a0btXgAfswhMSUf6bkORw+wcijU1QGsCs="},"chainType":1,"messageKeys":{}}},"pendingPreKey":{"signedKeyId":0,"baseKey":"BbljQYHLAtDC3FpAxmMHL58yrDpvq1LAN3fPvUT1ZLI/"}}},"version":"v1"}