{"_sessions":{"Be3qJ4HXfxWo+UzUtOAxJlNdlm4bkoC041l3vrG/euwH":{"registrationId":1980624453,"currentRatchet":{"ephemeralKeyPair":{"pubKey":"BX99y3+5xQ0V4e72wxYgEn3wB+/13ODX9nXWOJ6+YOJe","privKey":"ECrevhjyYk7Ve/ojE/rUbFedcGuoovCboEBxi9cOk3c="},"lastRemoteEphemeralKey":"BZ0O1RQ+7SWx2TGwOgJOsvY0nm2iuRJ8eBJ1G8Nqmrdq","previousCounter":0,"rootKey":"Y6oPEjD1twhIBP1PEr03pGJ4E4ndDh54ChFQZCaQhWc="},"indexInfo":{"baseKey":"Be3qJ4HXfxWo+UzUtOAxJlNdlm4bkoC041l3vrG/euwH","baseKeyType":1,"closed":-1,"used":1676784468765,"created":1676784468765,"remoteIdentityKey":"BZh/lzsWLfKygtZRWra5ILFV5VsWlmM7WfhOifqxxdUK"},"_chains":{"BX99y3+5xQ0V4e72wxYgEn3wB+/13ODX9nXWOJ6+YOJe":{"chainKey":{"counter":0,"key":"WqpQZ0+YVf0OIZ6thH1OdfkdwoUDVvq/YgjGkL5qPqw="},"chainType":1,"messageKeys":{}}},"pendingPreKey":{"signedKeyId":1,"baseKey":"Be3qJ4HXfxWo+UzUtOAxJlNdlm4bkoC041l3vrG/euwH","preKeyId":1289381}}},"version":"v1"}