{"_sessions":{"BekpBSSPfQWDEG3p14sqK4CO1J39btMXmnbL6iTOg4Fi":{"registrationId":1216770440,"currentRatchet":{"ephemeralKeyPair":{"pubKey":"BVPJAfn14Snb2RG9PxkTpmyqAkHj+7mFoJQHUJhPoUxF","privKey":"OCNvPuTFRkSu6FFDBozIavpbHW1u3pD3nwEyTxhFtFQ="},"lastRemoteEphemeralKey":"BfaB8saRHnUvfDunl/OPSmT7QubykvO9fk590A+raPME","previousCounter":0,"rootKey":"P2Z9gYQhbVQ4PBJAkzT9KgGVcvNLuR3hmWcB2/WgqKM="},"indexInfo":{"baseKey":"BekpBSSPfQWDEG3p14sqK4CO1J39btMXmnbL6iTOg4Fi","baseKeyType":1,"closed":-1,"used":1676784470025,"created":1676784470025,"remoteIdentityKey":"BelRmdOdDj67lXVh37SxVLCENdE5+Kd+rsEbMiQAJ7x9"},"_chains":{"BVPJAfn14Snb2RG9PxkTpmyqAkHj+7mFoJQHUJhPoUxF":{"chainKey":{"counter":0,"key":"RDp9i11MyNrNjMVJ++I2lj/GGZWSUiywOWtZD4gQUOk="},"chainType":1,"messageKeys":{}}},"pendingPreKey":{"signedKeyId":0,"baseKey":"BekpBSSPfQWDEG3p14sqK4CO1J39btMXmnbL6iTOg4Fi","preKeyId":11172233}}},"version":"v1"}