{"_sessions":{"BVSpcnCV1X/xeBneeWPgpqnm5g1NSV5geJgVXojEI3lt":{"registrationId":532336770,"currentRatchet":{"ephemeralKeyPair":{"pubKey":"BWsGQ58Gn/aDFo6OAHYWWl7Qcy5p9a9W1uhoTx6fwBE0","privKey":"QJQDVmsxfi+QrIBJnxMdJysWD04L+U/b7eDGMQTdYnU="},"lastRemoteEphemeralKey":"BfwPPyDXWlSGYHeUWWRwKIubngGK/z2tjLJL+mo5s5A7","previousCounter":0,"rootKey":"JurBzM3SzlzVZ4td8XUTe/Fe7xASx966hIzfKezNrmQ="},"indexInfo":{"baseKey":"BVSpcnCV1X/xeBneeWPgpqnm5g1NSV5geJgVXojEI3lt","baseKeyType":1,"closed":-1,"used":1676784470075,"created":1676784470075,"remoteIdentityKey":"BaQtlJg1m76TER4QMzDcj7pABw0obS6XvMd63jmr8UVC"},"_chains":{"BWsGQ58Gn/aDFo6OAHYWWl7Qcy5p9a9W1uhoTx6fwBE0":{"chainKey":{"counter":0,"key":"Omx2wSR0le/tpGgcDh27RQ/w9/ZXM3tYyiad940EGx0="},"chainType":1,"messageKeys":{}}},"pendingPreKey":{"signedKeyId":0,"baseKey":"BVSpcnCV1X/xeBneeWPgpqnm5g1NSV5geJgVXojEI3lt"}}},"version":"v1"}