{"_sessions":{"BQzFoniSMuTFqzD51fUZASrHUCWIvrrdDWEM90lJ6zJN":{"registrationId":191,"currentRatchet":{"ephemeralKeyPair":{"pubKey":"BYC0Nvfp4T+NCOqI3xTvrL3zdjOVtIu5OvO/YoGPR6BX","privKey":"KA1tKb06VLoGgllNwh1pRM74Ik6UtWZBRop4eRjRR10="},"lastRemoteEphemeralKey":"BRUgboE3/6nGZPJFH29eeldFD/HXbgnvok4OM/ekh4s2","previousCounter":0,"rootKey":"Iz+Q/8UXSRwccgFPmoQoHTLLnw3YuEDXjlqD75D2IZA="},"indexInfo":{"baseKey":"BQzFoniSMuTFqzD51fUZASrHUCWIvrrdDWEM90lJ6zJN","baseKeyType":1,"closed":-1,"used":1676784468400,"created":1676784468400,"remoteIdentityKey":"Bblta5VwDyjYGqJ/VNTgREzhFd9Jaa7r2FfzCeN2mOxZ"},"_chains":{"BYC0Nvfp4T+NCOqI3xTvrL3zdjOVtIu5OvO/YoGPR6BX":{"chainKey":{"counter":0,"key":"MJecCK1VwmYU43AbTR3Px9ZZfPqmuNbOpIPcptC58uQ="},"chainType":1,"messageKeys":{}}},"pendingPreKey":{"signedKeyId":1,"baseKey":"BQzFoniSMuTFqzD51fUZASrHUCWIvrrdDWEM90lJ6zJN"}}},"version":"v1"}