{"_sessions":{"BYveM4K6bau2VdDfcXh1WYyHACzP5jItDMSNZjPzt3de":{"registrationId":14565961,"currentRatchet":{"ephemeralKeyPair":{"pubKey":"BRnYHgTgdGI1s2DPGu6KJBkOVUNZm5t/3PzJktQvXZBs","privKey":"WGadN9P5PwwRRDPjIc9gqRIrw9OgpRZyShF4ybi6KEE="},"lastRemoteEphemeralKey":"BY4gyFmgaLWyENygDjzS1sDgmKyrqnMOWvfKPhA14Eto","previousCounter":0,"rootKey":"XeaP29A1rZrNVectr3+LZrFg2B1NRdjebSgjqKP4nco="},"indexInfo":{"baseKey":"BYveM4K6bau2VdDfcXh1WYyHACzP5jItDMSNZjPzt3de","baseKeyType":1,"closed":-1,"used":1676784468887,"created":1676784468887,"remoteIdentityKey":"BbQUbV8JzqRUDFWosmDrKC5oIdtkh1yIKWfPj2eTaRMm"},"_chains":{"BRnYHgTgdGI1s2DPGu6KJBkOVUNZm5t/3PzJktQvXZBs":{"chainKey":{"counter":0,"key":"XSf5cDw3z6ZID1sCBr3P6YKSGsoUotcPKdUg3WedEgY="},"chainType":1,"messageKeys":{}}},"pendingPreKey":{"signedKeyId":0,"baseKey":"BYveM4K6bau2VdDfcXh1WYyHACzP5jItDMSNZjPzt3de","preKeyId":16275889}}},"version":"v1"}