{"_sessions":{"Bfqp5Huqm8pibQCAa8USKT+06TzIbF3z3fDr99bQPdER":{"registrationId":551040845,"currentRatchet":{"ephemeralKeyPair":{"pubKey":"BVQDhSZ8q4ew2cbeGGbYpNg3LYGgpaBpS5l+BxBw1EYi","privKey":"kNybhZ3p8jPD1shv8xrJDwc9txbsyTE5HMr2I2vVPnQ="},"lastRemoteEphemeralKey":"BTx9aAii9EXA+RMLj5yJfk30Nmcf5itmUJmqEXCKTPR1","previousCounter":0,"rootKey":"KA/NWRpdUFCdM3rzIGxkDQYdCvDjM5wnEobaskp7z8s="},"indexInfo":{"baseKey":"Bfqp5Huqm8pibQCAa8USKT+06TzIbF3z3fDr99bQPdER","baseKeyType":1,"closed":-1,"used":1676784470190,"created":1676784470190,"remoteIdentityKey":"BQ2bzfmKvCJFqCUFr8GlOgGeVAJrYYfIXk54/Jw95P8i"},"_chains":{"BVQDhSZ8q4ew2cbeGGbYpNg3LYGgpaBpS5l+BxBw1EYi":{"chainKey":{"counter":0,"key":"8jMxRBaoePkYSt3vmzgGDq2LMv0aNNq5/5QOO2ihYtE="},"chainType":1,"messageKeys":{}}},"pendingPreKey":{"signedKeyId":0,"baseKey":"Bfqp5Huqm8pibQCAa8USKT+06TzIbF3z3fDr99bQPdER","preKeyId":7547406}}},"version":"v1"}