{"_sessions":{"Bcdn3p1uta96gg7Jm7I2HVOx5qZJg5sReBnS/EfGP9g+":{"registrationId":1144744401,"currentRatchet":{"ephemeralKeyPair":{"pubKey":"BTTsXaYJX+KwUQK2aMCizJcdMa0xTHy/Kz64AixgJSBI","privKey":"YLwz+aWepglv814QY9rNN+ihPn75AHpq/qtg70vsk10="},"lastRemoteEphemeralKey":"BUEOdu/rxjqlcrKwATXpfR6LMXvj+7huiOotPnUo+poE","previousCounter":0,"rootKey":"0KzgSULcR/i83lnBvMY+E18PDKLpJw3Mqxa7g+B4H9Y="},"indexInfo":{"baseKey":"Bcdn3p1uta96gg7Jm7I2HVOx5qZJg5sReBnS/EfGP9g+","baseKeyType":1,"closed":-1,"used":1676784469339,"created":1676784469339,"remoteIdentityKey":"BcxcCju0eIUeBgW29NTeCMGxV8oolv4kXsW7PY0P71FK"},"_chains":{"BTTsXaYJX+KwUQK2aMCizJcdMa0xTHy/Kz64AixgJSBI":{"chainKey":{"counter":0,"key":"H/GdW21m6UXfMIx7QVaw6JQ0t66Uri1lpbnAqpXR3rE="},"chainType":1,"messageKeys":{}}},"pendingPreKey":{"signedKeyId":0,"baseKey":"Bcdn3p1uta96gg7Jm7I2HVOx5qZJg5sReBnS/EfGP9g+"}}},"version":"v1"}