{"_sessions":{"BV8g1KcFh93EkYh6jZqNcuoaYf9u+v/x05rwYXN9u3QN":{"registrationId":1276898893,"currentRatchet":{"ephemeralKeyPair":{"pubKey":"BfvVyWN3csWtRqFiXGNo9+Y/OmDInLtdF0IrrjzTZqBD","privKey":"8GvTBqLN6padHbMyvC+KIToyHHtByCRPguAAnYX+b3E="},"lastRemoteEphemeralKey":"BQvqk5ZXDk+cdwYsFDNQ+R/s+M6w4ctdXate2alcF9wq","previousCounter":0,"rootKey":"ZEKkIfIFNZ87aYL/2C/kR8WCVxtWumvE1D+AnacSDqk="},"indexInfo":{"baseKey":"BV8g1KcFh93EkYh6jZqNcuoaYf9u+v/x05rwYXN9u3QN","baseKeyType":1,"closed":-1,"used":1676784469005,"created":1676784469005,"remoteIdentityKey":"Beuk5oDYIxenNCi66yZ75//af0YbgkJe4C4YAfi8kIZv"},"_chains":{"BfvVyWN3csWtRqFiXGNo9+Y/OmDInLtdF0IrrjzTZqBD":{"chainKey":{"counter":0,"key":"ANH+r8GgoxuBzSDfS5ZO3BKig7fwmZt/xWuQJ8R+p2o="},"chainType":1,"messageKeys":{}}},"pendingPreKey":{"signedKeyId":18,"baseKey":"BV8g1KcFh93EkYh6jZqNcuoaYf9u+v/x05rwYXN9u3QN","preKeyId":576313}}},"version":"v1"}