{"_sessions":{"BW6CPxt0vkst+/8ElFjEfL8QJKLMF5L0o/h6IQ14OGJK":{"registrationId":998859975,"currentRatchet":{"ephemeralKeyPair":{"pubKey":"BQ2VuuvHrL+xHQ9BSNBq3B5ZJPVOA916ey1L9kyc8nEv","privKey":"EGRECep0cACCCnLLIdNiS8weimxZTaXC3ODYztRPFlE="},"lastRemoteEphemeralKey":"BUWfLkrJ7qom4h/cS5DX9JOtynKgO6ZzPe2Wr14A8ugz","previousCounter":0,"rootKey":"Lw78uSAy+TCbMeD//tVQWf5zLlD0ZxXjc7He71sP6oY="},"indexInfo":{"baseKey":"BW6CPxt0vkst+/8ElFjEfL8QJKLMF5L0o/h6IQ14OGJK","baseKeyType":1,"closed":-1,"used":1676784469130,"created":1676784469130,"remoteIdentityKey":"BT6sKoPVaQEDFpz7ry0Ruy6I1j7ziJepMgHgYYcxCwJP"},"_chains":{"BQ2VuuvHrL+xHQ9BSNBq3B5ZJPVOA916ey1L9kyc8nEv":{"chainKey":{"counter":0,"key":"wKDpgn5ce+xubXFWvemyABAPN121QzPvTrkCr2AEAac="},"chainType":1,"messageKeys":{}}},"pendingPreKey":{"signedKeyId":0,"baseKey":"BW6CPxt0vkst+/8ElFjEfL8QJKLMF5L0o/h6IQ14OGJK","preKeyId":6844443}}},"version":"v1"}