{"_sessions":{"BV3jkByuu3NAM8ngpwW0u7G/rNUuSoskITHjlQT6wUFG":{"registrationId":1720910324,"currentRatchet":{"ephemeralKeyPair":{"pubKey":"BewxG2krMNVeWQnUyleMcV+D7nqL1uBSA5gflXijC0ch","privKey":"CNqb8RBa7Bg6ev0GEezG3+n0iqshXCcwCW4S8DneFV8="},"lastRemoteEphemeralKey":"BeDxO6gbCPqd+ka3wqeWX6cueibjbEGgP4o7ZshxpTAo","previousCounter":0,"rootKey":"w5JzivLYY7jAr8UqVh/AKDnZmtMYOOcAu0CQB+V/pfo="},"indexInfo":{"baseKey":"BV3jkByuu3NAM8ngpwW0u7G/rNUuSoskITHjlQT6wUFG","baseKeyType":1,"closed":-1,"used":1676784468500,"created":1676784468500,"remoteIdentityKey":"BWCOSI8ZNMaBjVOyiyr6xuxMN3DqkiI0gfA8DHDGz9wu"},"_chains":{"BewxG2krMNVeWQnUyleMcV+D7nqL1uBSA5gflXijC0ch":{"chainKey":{"counter":0,"key":"lZPbUhKOZQUPeRAwK63w/52VdBjxb546+JiLTVwkAes="},"chainType":1,"messageKeys":{}}},"pendingPreKey":{"signedKeyId":0,"baseKey":"BV3jkByuu3NAM8ngpwW0u7G/rNUuSoskITHjlQT6wUFG"}}},"version":"v1"}