{"_sessions":{"BeMKpBqTLgJxqpGsmwdn0Oqxd++uL8zgPwlJaBQY3Ed8":{"registrationId":1429741332,"currentRatchet":{"ephemeralKeyPair":{"pubKey":"BabyE1qsy5SYOQMCnzECYLYpr2p7fUFj1LVuVOu3OwV7","privKey":"qByZRiDCYbq+StMcIkShZ0CuHbSV4Ne1UDkyN+zz1HM="},"lastRemoteEphemeralKey":"BReiQxbAKaz1/atauS5khWufr3yFWxIZOvVo7WypyG5y","previousCounter":0,"rootKey":"yCkRrivKlojKGSfgAOeeW8jxLQABX3fkcJ4EsanU+e0="},"indexInfo":{"baseKey":"BeMKpBqTLgJxqpGsmwdn0Oqxd++uL8zgPwlJaBQY3Ed8","baseKeyType":1,"closed":-1,"used":1676784469792,"created":1676784469792,"remoteIdentityKey":"BQT5CTwrJSQbqh20tMcxWzrZ4DTJWpH5txQW9r19Tpwd"},"_chains":{"BabyE1qsy5SYOQMCnzECYLYpr2p7fUFj1LVuVOu3OwV7":{"chainKey":{"counter":0,"key":"NiJlztMgC8uwW7qvgT/uTKamscYwLF94XbZvdCNa7mw="},"chainType":1,"messageKeys":{}}},"pendingPreKey":{"signedKeyId":3,"baseKey":"BeMKpBqTLgJxqpGsmwdn0Oqxd++uL8zgPwlJaBQY3Ed8","preKeyId":15811095}}},"version":"v1"}