{"_sessions":{"BSeNiNen1a+Vl+zelHcYwtyxW25K1LMXU5BbHh2a23M1":{"registrationId":1691651641,"currentRatchet":{"ephemeralKeyPair":{"pubKey":"BW2lFEAdv2VAvIHErs508lF49inDYmZUrIEn/lNPx95u","privKey":"QAg3GwEyNlDU0kLT7CQtUdPHhWa30hOCDd5Hj9KVgmQ="},"lastRemoteEphemeralKey":"BSPEj7hiQLEzgIefDhmXiku1CBIbZcBTWrKbid0orUo9","previousCounter":0,"rootKey":"qrW5QEdcGTkiJsbHZMY/l+zPC54UWToDco0ngAfXdso="},"indexInfo":{"baseKey":"BSeNiNen1a+Vl+zelHcYwtyxW25K1LMXU5BbHh2a23M1","baseKeyType":1,"closed":-1,"used":1676784469506,"created":1676784469506,"remoteIdentityKey":"BcdOZrH4CfSWpNXBYErPLbuWfhs8eaxbFBriw6EG1U11"},"_chains":{"BW2lFEAdv2VAvIHErs508lF49inDYmZUrIEn/lNPx95u":{"chainKey":{"counter":0,"key":"++uBVP6pbRoV13g/rtxg3EuBRNl0PHQ9ZQphobBGuo4="},"chainType":1,"messageKeys":{}}},"pendingPreKey":{"signedKeyId":0,"baseKey":"BSeNiNen1a+Vl+zelHcYwtyxW25K1LMXU5BbHh2a23M1","preKeyId":15028473}}},"version":"v1"}