{"_sessions":{"BS9EQA9zZNJfpRiMrKa1IZBe4PA037V3Zizwp2WiwBIZ":{"registrationId":1930591942,"currentRatchet":{"ephemeralKeyPair":{"pubKey":"BRZ6QUV31ZBu+bwM+ggSUZVBRQkY8TA5TEpPwhrs8qlh","privKey":"2FP4P5WIwjLpHc6Xz9B0uoZW4oCnKCuCtOwyNYBRaVY="},"lastRemoteEphemeralKey":"BXroGP8n/i9EeHtlPXprCkkdNeAvFWGBmKoB4+iTWCNx","previousCounter":0,"rootKey":"0AMAnDY+SO4NU140qluca0PtV7zKJP6bjidsgeZV3os="},"indexInfo":{"baseKey":"BS9EQA9zZNJfpRiMrKa1IZBe4PA037V3Zizwp2WiwBIZ","baseKeyType":1,"closed":-1,"used":1676784470042,"created":1676784470042,"remoteIdentityKey":"BWgGRUYP7Oih/PMASu+VABmvX1RpgO1AI6+KcMIzl+ky"},"_chains":{"BRZ6QUV31ZBu+bwM+ggSUZVBRQkY8TA5TEpPwhrs8qlh":{"chainKey":{"counter":0,"key":"BdEzGgiXDxPvQw9aveH1cAdGGxYnxOpM0dwqUQ+oI7U="},"chainType":1,"messageKeys":{}}},"pendingPreKey":{"signedKeyId":0,"baseKey":"BS9EQA9zZNJfpRiMrKa1IZBe4PA037V3Zizwp2WiwBIZ","preKeyId":1413087}}},"version":"v1"}