{"_sessions":{"BdCztOgQFyz0DIojzrv92vwKjXQZGxy48fkhCkmoFGcO":{"registrationId":71,"currentRatchet":{"ephemeralKeyPair":{"pubKey":"Bb7SIckJC6mDaFp2WL4D14wTZRo2YSGXtdn8kwB0yRk9","privKey":"mBjJtPeTkHgfADu+Xg+uBDxYzTpLMpGFlIYcIxBHrF0="},"lastRemoteEphemeralKey":"BcleD3KoO5d9lWu1rfvhhnM2liSd8QBcE0CIqKFImHQl","previousCounter":0,"rootKey":"rn7OHmPDDyESxlCKM/6Kz+85ZZtwYTaTpC3y2OhmORI="},"indexInfo":{"baseKey":"BdCztOgQFyz0DIojzrv92vwKjXQZGxy48fkhCkmoFGcO","baseKeyType":1,"closed":-1,"used":1676784468237,"created":1676784468237,"remoteIdentityKey":"BXYA3+QBFHFYwnvX1vHyLkZJcfbC2iQgbzunQrfE1Qo0"},"_chains":{"Bb7SIckJC6mDaFp2WL4D14wTZRo2YSGXtdn8kwB0yRk9":{"chainKey":{"counter":0,"key":"Bk5REDe3AwOC9yA3wcGACgvp/BQRGXaNDTDrpfCvj7Y="},"chainType":1,"messageKeys":{}}},"pendingPreKey":{"signedKeyId":1,"baseKey":"BdCztOgQFyz0DIojzrv92vwKjXQZGxy48fkhCkmoFGcO"}}},"version":"v1"}