{"_sessions":{"BSw4OkNwN3zfwjbFJHI35RFEOHj11PYrXYTiQU2nAb89":{"registrationId":401943959,"currentRatchet":{"ephemeralKeyPair":{"pubKey":"BSeS4eZpplo0r/lwEOqOIh4hPb2r3YptoMPduWuRiBxX","privKey":"gIWaWq4PBBheh7sh/2kcTmyyZgimNPs93dkffBB8UkI="},"lastRemoteEphemeralKey":"BZR8eh2/+6JnZxzr4WznUn6N0gp81FOMoClErWLblzE2","previousCounter":0,"rootKey":"e5tD3TcaG28IRszk6X2UTQUoFjxX8bVMGK6fSDsq69c="},"indexInfo":{"baseKey":"BSw4OkNwN3zfwjbFJHI35RFEOHj11PYrXYTiQU2nAb89","baseKeyType":1,"closed":-1,"used":1676784469860,"created":1676784469860,"remoteIdentityKey":"BXmvXQ0QALSDlps36Xy39XD3H5K2pA5C7NTXAseqXwVo"},"_chains":{"BSeS4eZpplo0r/lwEOqOIh4hPb2r3YptoMPduWuRiBxX":{"chainKey":{"counter":0,"key":"5uE0lcDbrTh7zeHQ0lNXqG0tpu+Ym3s4ZfQY9vTMyBU="},"chainType":1,"messageKeys":{}}},"pendingPreKey":{"signedKeyId":2,"baseKey":"BSw4OkNwN3zfwjbFJHI35RFEOHj11PYrXYTiQU2nAb89"}}},"version":"v1"}