{"_sessions":{"BXS2XWx16V2/s7XWUZEhrWJYncdQUCFTkVTTt2gzeMMk":{"registrationId":702271244,"currentRatchet":{"ephemeralKeyPair":{"pubKey":"BW8seyM83tekE91/vLd7T9h16It90Od8jYQc/aQHGydl","privKey":"yE/QFUzIIvfRTLrdX618OwCi32uukAZgKnlj2VSme2w="},"lastRemoteEphemeralKey":"BZY1/0NKpOYzc0lu2edcNPr3cqELstlipRzUdVyrLNcG","previousCounter":0,"rootKey":"FKwfq1tONhwGe7RRK5LFy7xvyPqD9Ye61GgQ8TpJ/E4="},"indexInfo":{"baseKey":"BXS2XWx16V2/s7XWUZEhrWJYncdQUCFTkVTTt2gzeMMk","baseKeyType":1,"closed":-1,"used":1676784470429,"created":1676784470429,"remoteIdentityKey":"BUCt9vIP5IvVlnEp2NB5do3yVTa4wtWdXtzn8AwxAbZj"},"_chains":{"BW8seyM83tekE91/vLd7T9h16It90Od8jYQc/aQHGydl":{"chainKey":{"counter":0,"key":"XTh0xGTSejch/KBet3R10wP7ptq9ezAQhsgJEHakGjk="},"chainType":1,"messageKeys":{}}},"pendingPreKey":{"signedKeyId":0,"baseKey":"BXS2XWx16V2/s7XWUZEhrWJYncdQUCFTkVTTt2gzeMMk","preKeyId":3604379}}},"version":"v1"}