{"_sessions":{"BZ+tw1V5E7Ev/rIkNvEZCX9RDsj5ZVnfzMLJWruIJPFe":{"registrationId":1558972944,"currentRatchet":{"ephemeralKeyPair":{"pubKey":"Bfw+x9owPe/eu8o5gEP8bNtHrzYhW8A5OWLQTzUfzgYU","privKey":"0O1wsTW3JmP26gWDo5b4Ir7DEB6E43Xjdh5EUXEMwHU="},"lastRemoteEphemeralKey":"BeqWn4gLNo31UnzSIYGYpQoWSpJNxUEsmxDGNfUrUCgX","previousCounter":0,"rootKey":"NexwOsMTmHNGLi3ecxMcU+ygekb2ktQ/X07K8NVtcXU="},"indexInfo":{"baseKey":"BZ+tw1V5E7Ev/rIkNvEZCX9RDsj5ZVnfzMLJWruIJPFe","baseKeyType":1,"closed":-1,"used":1676784469571,"created":1676784469571,"remoteIdentityKey":"BfakINuizJIpDK7Wmu/hrnAKcdscu5oVB3KynrOVpEYC"},"_chains":{"Bfw+x9owPe/eu8o5gEP8bNtHrzYhW8A5OWLQTzUfzgYU":{"chainKey":{"counter":0,"key":"J9xTueyKOQBmOoK2xhGdHBOKLl1Vg56Fzh+hKwFfGXs="},"chainType":1,"messageKeys":{}}},"pendingPreKey":{"signedKeyId":0,"baseKey":"BZ+tw1V5E7Ev/rIkNvEZCX9RDsj5ZVnfzMLJWruIJPFe","preKeyId":12692964}}},"version":"v1"}