{"_sessions":{"BU2no/+GzUhwabppYpvrvmFFuu0stHb/UCXwfdKJlcU3":{"registrationId":1025418949,"currentRatchet":{"ephemeralKeyPair":{"pubKey":"BTqL0bw2bPyNFaApQYy9gqo8IbZ9sVT8DrWzJNqDjtQV","privKey":"QFy9idG+tRZGqMeEKPL1segc0Gy+Kb23FzoRxgJgE3U="},"lastRemoteEphemeralKey":"BRBEgvyTGNOJskwqqO+dOM6/maX2Db8a9IWmjeetK5Iv","previousCounter":0,"rootKey":"JaS7jMJKrAwDX2+u8Hzl/17JePfRfN1vATN+JmOva70="},"indexInfo":{"baseKey":"BU2no/+GzUhwabppYpvrvmFFuu0stHb/UCXwfdKJlcU3","baseKeyType":1,"closed":-1,"used":1676784470423,"created":1676784470423,"remoteIdentityKey":"BUcDlVVLbk69XgNV+N9TKoVSPTLT8aEUzhQkIHULWRQ2"},"_chains":{"BTqL0bw2bPyNFaApQYy9gqo8IbZ9sVT8DrWzJNqDjtQV":{"chainKey":{"counter":0,"key":"uAbzSQEEBRqsEYtfXhtT0LpGutsbuc8BWitsEBvduCk="},"chainType":1,"messageKeys":{}}},"pendingPreKey":{"signedKeyId":0,"baseKey":"BU2no/+GzUhwabppYpvrvmFFuu0stHb/UCXwfdKJlcU3"}}},"version":"v1"}