{"_sessions":{"BUEKQAMFrBAqf1P6l6RktnE8IEApuCkjFeNGrIkjUBwe":{"registrationId":169,"currentRatchet":{"ephemeralKeyPair":{"pubKey":"BUYRy+UawModVhtyAqBZc1A8Z7O84ZEsBPAWap7VPeEJ","privKey":"6JnPNwzq0hyx6+tcyFTxKzwAnD450C3StXcGvDxgF3o="},"lastRemoteEphemeralKey":"BVzIUoqYAUp1/nY9n439qJime7MwqgNULNYUZ3dGLeYm","previousCounter":0,"rootKey":"Bk+F7uY5qQBRf6G+gzElVoKoSGedNKkrl/hu4rUuYTM="},"indexInfo":{"baseKey":"BUEKQAMFrBAqf1P6l6RktnE8IEApuCkjFeNGrIkjUBwe","baseKeyType":1,"closed":-1,"used":1676784468293,"created":1676784468293,"remoteIdentityKey":"BZgyMIALfcfgoP7+iMFhDqQxjpQsbRFr+akAdUhapV5i"},"_chains":{"BUYRy+UawModVhtyAqBZc1A8Z7O84ZEsBPAWap7VPeEJ":{"chainKey":{"counter":0,"key":"mxeKkcSQFrtW6sO5Y8Lo/WcMNMqnBNN2Brh7HIvwYYg="},"chainType":1,"messageKeys":{}}},"pendingPreKey":{"signedKeyId":1,"baseKey":"BUEKQAMFrBAqf1P6l6RktnE8IEApuCkjFeNGrIkjUBwe"}}},"version":"v1"}