{"_sessions":{"Beby3VXYKfFFhThOM2rZYaXdN/TgQHw5ESFcKnFZ4bAb":{"registrationId":1714324492,"currentRatchet":{"ephemeralKeyPair":{"pubKey":"BePMge/hP2YnllqVzhoMGG5ADNA9f7sYiToh3/SmLfEb","privKey":"sIQcH015T1HBEkyxjlhc7mFOmwd/4pm0cIqGiyWEqFs="},"lastRemoteEphemeralKey":"BST0k9Xt508Q7+Fg13pM1WrWw6kC+V2bSZ2PbZ0eecJl","previousCounter":0,"rootKey":"5g4qoz73M2YToD1mLZmqYB0PlhVNO2Md/jYmuZKqkl0="},"indexInfo":{"baseKey":"Beby3VXYKfFFhThOM2rZYaXdN/TgQHw5ESFcKnFZ4bAb","baseKeyType":1,"closed":-1,"used":1676784469405,"created":1676784469405,"remoteIdentityKey":"BceYrDow0TKOyOeUDWbovjCY4Q/kHGlfkRNITEhhQkcw"},"_chains":{"BePMge/hP2YnllqVzhoMGG5ADNA9f7sYiToh3/SmLfEb":{"chainKey":{"counter":0,"key":"VS0Hsm2dmnXiZKmsoPBfY2oNxeup8E0qvvKXTujWHIA="},"chainType":1,"messageKeys":{}}},"pendingPreKey":{"signedKeyId":0,"baseKey":"Beby3VXYKfFFhThOM2rZYaXdN/TgQHw5ESFcKnFZ4bAb"}}},"version":"v1"}