{"_sessions":{"BWgPH2slvPJYhkJH1PgrLQXR2E0YOl3XP/VtZEZAnx4/":{"registrationId":2015629846,"currentRatchet":{"ephemeralKeyPair":{"pubKey":"BW7DH/QkDEbp8nmUpgXGRyN4YH+TC2gXnVW1bAWPbG96","privKey":"UE8hY8Y5upcYDxrnzKNVh3CGNwTmk8kGzlaESJcDIWE="},"lastRemoteEphemeralKey":"BayImWVzQxW1D/u2joOio0OE1gv4a59Q1iHszzIRG4VT","previousCounter":0,"rootKey":"vY1WiL9VypJqaWLbJ7WAyoJDZeWB6Bz0yE682npt+xE="},"indexInfo":{"baseKey":"BWgPH2slvPJYhkJH1PgrLQXR2E0YOl3XP/VtZEZAnx4/","baseKeyType":1,"closed":-1,"used":1676784468744,"created":1676784468744,"remoteIdentityKey":"BS0TjUckXV3lElg+sjI3iNaVB+xVRRhf2tHTwxKNqEUB"},"_chains":{"BW7DH/QkDEbp8nmUpgXGRyN4YH+TC2gXnVW1bAWPbG96":{"chainKey":{"counter":0,"key":"7iAO6rSZtypj6GGCkA7XAfqaDfSjuFNkS0F8FwifeXM="},"chainType":1,"messageKeys":{}}},"pendingPreKey":{"signedKeyId":9,"baseKey":"BWgPH2slvPJYhkJH1PgrLQXR2E0YOl3XP/VtZEZAnx4/","preKeyId":8344163}}},"version":"v1"}