{"_sessions":{"BTI5qVGNQtKCdPFK3YROFSRO8aHxMYFdtbItUVK4Kjgs":{"registrationId":1627910978,"currentRatchet":{"ephemeralKeyPair":{"pubKey":"BWsf+9uK/aUIwM8wyY0FRPfrfUrpVsN6Hpfj3KyVFvZE","privKey":"ABI78lklX54O2uYODx5sWcqcPqpMuFbKxm8iJ0A2Em0="},"lastRemoteEphemeralKey":"BbRPtupydLk4nMEPWItLpdmuZEja3fdu6oymhAYrfWUz","previousCounter":0,"rootKey":"s9NvQiFAKYo8a2k1Oig+j/wpj8GB7ijSrBJ5jrMz/8o="},"indexInfo":{"baseKey":"BTI5qVGNQtKCdPFK3YROFSRO8aHxMYFdtbItUVK4Kjgs","baseKeyType":1,"closed":-1,"used":1676784469841,"created":1676784469841,"remoteIdentityKey":"BQW+ekSKFnQhdIvGdWAu36Yt8CSZY8++B1kHxRxO958q"},"_chains":{"BWsf+9uK/aUIwM8wyY0FRPfrfUrpVsN6Hpfj3KyVFvZE":{"chainKey":{"counter":0,"key":"Yjfxpnn3JECtoBRaiXrD3bP+bV2DzhQiG/giIk6CxoE="},"chainType":1,"messageKeys":{}}},"pendingPreKey":{"signedKeyId":0,"baseKey":"BTI5qVGNQtKCdPFK3YROFSRO8aHxMYFdtbItUVK4Kjgs","preKeyId":16750941}}},"version":"v1"}