{"_sessions":{"BVpWTnqC1Ps1djbVfe9DoBjwz1PaOADcyTWHxPwWIbcF":{"registrationId":1725252381,"currentRatchet":{"ephemeralKeyPair":{"pubKey":"BeBMDNimQ3LMQKpachAGJ3RdAF3A5Ig30nIsDRVNsrF5","privKey":"gFub73RGl+5CLaJWqps3GnMz5hSLEFTlDGT/yigYLGM="},"lastRemoteEphemeralKey":"BRv931L5Tflmfjm6DX3OeGmQ28412y39z2VkOnrzxJMZ","previousCounter":0,"rootKey":"PNqpPm+6v3hu43ncu6u7WQncgg65fBFXTasUJ1IrpgQ="},"indexInfo":{"baseKey":"BVpWTnqC1Ps1djbVfe9DoBjwz1PaOADcyTWHxPwWIbcF","baseKeyType":1,"closed":-1,"used":1676784470409,"created":1676784470409,"remoteIdentityKey":"BX2JtEb+dr7r49x11N7h5+GnbDEpP7v1mVuNmlB7LH5B"},"_chains":{"BeBMDNimQ3LMQKpachAGJ3RdAF3A5Ig30nIsDRVNsrF5":{"chainKey":{"counter":0,"key":"m2XpFOgjLhPtNY3FMeVi/iaDE5kX2pTS+rEwNBz5o84="},"chainType":1,"messageKeys":{}}},"pendingPreKey":{"signedKeyId":5,"baseKey":"BVpWTnqC1Ps1djbVfe9DoBjwz1PaOADcyTWHxPwWIbcF","preKeyId":15629482}}},"version":"v1"}