{"_sessions":{"BTGpveJrW3zvRjDMbuQUqME99gQcnKEPG4YAQZV4aNg6":{"registrationId":241996582,"currentRatchet":{"ephemeralKeyPair":{"pubKey":"Ba1M4CMjUtAGTuLnbTJrrS1ZRsqca0jKK4qOQcHpNS4e","privKey":"wDu7c0Q4kS4+ra3J+UjJdkJ7p/7T4q0k5/b8xmJ2zXM="},"lastRemoteEphemeralKey":"BeK5Q3NMmPNtKfAO4a5fj/l4KnNuuMFKqchAIy4m/QpR","previousCounter":0,"rootKey":"cGcT93P4Q0BKR4hF+ZD6B3rfDGgCLL2jPup9ULRj2ME="},"indexInfo":{"baseKey":"BTGpveJrW3zvRjDMbuQUqME99gQcnKEPG4YAQZV4aNg6","baseKeyType":1,"closed":-1,"used":1676742410360,"created":1676742410360,"remoteIdentityKey":"BYHF+s+8t/zmK7HukqyRSvV5ywCHmxCP4lJbza8WBN9F"},"_chains":{"Ba1M4CMjUtAGTuLnbTJrrS1ZRsqca0jKK4qOQcHpNS4e":{"chainKey":{"counter":2,"key":"J6aOkKIqZKx5vsudK4pBzTnXzFma1EhpAHonMSvcQMA="},"chainType":1,"messageKeys":{}}},"pendingPreKey":{"signedKeyId":1,"baseKey":"BTGpveJrW3zvRjDMbuQUqME99gQcnKEPG4YAQZV4aNg6","preKeyId":5255680}}},"version":"v1"}