{"_sessions":{"BdWnHIdUgc0Sgctz/6SOhIREwoZQtq1OLfR8EvZEOtlR":{"registrationId":1027780951,"currentRatchet":{"ephemeralKeyPair":{"pubKey":"BSpQRqEywTaM333G/mw2QcQSb5YlpnAgGZYOf03r3/FJ","privKey":"qMriGxrX+G320J4bSfUXHdAS3Z0eMsbuWjrxiW+92UU="},"lastRemoteEphemeralKey":"BTHDcSo2FQbreh0+cuf5wNWvp1XpmCIq3UmhoUykLCND","previousCounter":0,"rootKey":"BNRmLOcBLasy/AVnCmC+5V0vjr3h8uHunqmj/4QDCdo="},"indexInfo":{"baseKey":"BdWnHIdUgc0Sgctz/6SOhIREwoZQtq1OLfR8EvZEOtlR","baseKeyType":1,"closed":-1,"used":1676784469646,"created":1676784469646,"remoteIdentityKey":"BYxicFjDATXe62Mq8PtvKgtWwA3BcdUhGwRNxvlZS9Bg"},"_chains":{"BSpQRqEywTaM333G/mw2QcQSb5YlpnAgGZYOf03r3/FJ":{"chainKey":{"counter":0,"key":"m0gHzc1NSga+IHdZ+4FgGriSF6b/88RiAARTkyn6s8c="},"chainType":1,"messageKeys":{}}},"pendingPreKey":{"signedKeyId":2,"baseKey":"BdWnHIdUgc0Sgctz/6SOhIREwoZQtq1OLfR8EvZEOtlR","preKeyId":16659286}}},"version":"v1"}