{"_sessions":{"BSQ8RkMz7syeodJ0rKMYue+hnU4wQYjFqzLx1ghoQ6do":{"registrationId":1811405847,"currentRatchet":{"ephemeralKeyPair":{"pubKey":"BchjzKZBDBydcJBOD5TU/bSSjqn5Vv13YSbEPF6BSv9w","privKey":"WBytA2WnM3OH5U9aXMaQztK/rnJ3gcsTocfy572DYUQ="},"lastRemoteEphemeralKey":"BXpvuegYTRuSRyDrb5nFmKL9F/uuHRkB7I2NUHzw4h09","previousCounter":0,"rootKey":"Io+HU4GgsDr06KDZo6wK5eTZUg4q0gJpo0X8c+Y6k9U="},"indexInfo":{"baseKey":"BSQ8RkMz7syeodJ0rKMYue+hnU4wQYjFqzLx1ghoQ6do","baseKeyType":1,"closed":1676785694734,"used":1676784468569,"created":1676784468569,"remoteIdentityKey":"BfVIS3aMNEWcCqhYtxYq+FG4MKVFtE+GySuTCgH6x3h4"},"_chains":{"BchjzKZBDBydcJBOD5TU/bSSjqn5Vv13YSbEPF6BSv9w":{"chainKey":{"counter":0,"key":"PreSqnIhQjicQ0Gk9t4N0pHD2uSbO0Xgo9qLn6TuLE8="},"chainType":1,"messageKeys":{}}},"pendingPreKey":{"signedKeyId":2,"baseKey":"BSQ8RkMz7syeodJ0rKMYue+hnU4wQYjFqzLx1ghoQ6do"}},"BUGSRTy4EVTyARJ6pbMl39g+PMVkpmAPw29Az+n6iNFp":{"registrationId":715532434,"currentRatchet":{"ephemeralKeyPair":{"pubKey":"Be8dH8XA4gmBstgCjVIjJxBf9ME+ysEwNhRxBEGTErYt","privKey":"KJHDAOZO3KDZG1l8wGUCTTYM4pzkmGpv9IruBhhJX3w="},"lastRemoteEphemeralKey":"Bc/4TqPjpXo0nUFZBJVtK3InZJOSMUPdqJBBMEurjpkk","previousCounter":0,"rootKey":"jVz5gRe3NmQi5IzSwxu8vDyCXK0hpmGL7WqU9l7pBhM="},"indexInfo":{"baseKey":"BUGSRTy4EVTyARJ6pbMl39g+PMVkpmAPw29Az+n6iNFp","baseKeyType":1,"closed":-1,"used":1676785694732,"created":1676785694732,"remoteIdentityKey":"BY4O9BUs2YKlCsEhp2XpmhAEy+hxRfSrd6wNFpTg4G0Z"},"_chains":{"Be8dH8XA4gmBstgCjVIjJxBf9ME+ysEwNhRxBEGTErYt":{"chainKey":{"counter":-1,"key":"vjteA9wU0Ub306hfpFHr0TAB5wkkN0Byr9pk/LW6eCQ="},"chainType":1,"messageKeys":{}}},"pendingPreKey":{"signedKeyId":0,"baseKey":"BUGSRTy4EVTyARJ6pbMl39g+PMVkpmAPw29Az+n6iNFp"}}},"version":"v1"}