{"_sessions":{"BUim2hkbXRqbNQ5FbdwXatQIubASA87RfIEDVcu6yg0g":{"registrationId":498132066,"currentRatchet":{"ephemeralKeyPair":{"pubKey":"BWZUwucq/IQvwKJ+nzG/13JiPp3fRnyLs9EBXDioQfcE","privKey":"GKyghe3E4lTyNuUsUwxVAVjvq1hfhPTkUIsGHjtLPlM="},"lastRemoteEphemeralKey":"BfghNkx2JNycZJ3l6iRxfQef3rSnLYlnQ5tp9d5MrxlT","previousCounter":0,"rootKey":"E/TGYpKKSRRRG8tTRASXE6Ab2vyAnQNlvjKzwsk/FDU="},"indexInfo":{"baseKey":"BUim2hkbXRqbNQ5FbdwXatQIubASA87RfIEDVcu6yg0g","baseKeyType":1,"closed":-1,"used":1676776034783,"created":1676776034783,"remoteIdentityKey":"BSQLurYO1GSctv+qD/t+SgLm1k4SoZ/Wu4SLKUmdpNdS"},"_chains":{"BWZUwucq/IQvwKJ+nzG/13JiPp3fRnyLs9EBXDioQfcE":{"chainKey":{"counter":0,"key":"5O05sejEbM82H5Aioh0RdY/hR3IIKyaQ8+oXRsimJ6U="},"chainType":1,"messageKeys":{}}},"pendingPreKey":{"signedKeyId":0,"baseKey":"BUim2hkbXRqbNQ5FbdwXatQIubASA87RfIEDVcu6yg0g","preKeyId":8357706}}},"version":"v1"}