{"_sessions":{"BUbWrejgjgJbOE0AaB9GUoW/NpfwHQxOXo60tV8Dvt1D":{"registrationId":119901419,"currentRatchet":{"ephemeralKeyPair":{"pubKey":"BbHm3NoZc8FXtGwDwBjVON5kMpikY7aYikxRBmiIxJJ9","privKey":"QCp4h3dIWYNfBKnsaJBx8d1220Y8Vzrjtwl0Cd6WZ1k="},"lastRemoteEphemeralKey":"BX/nAn3G5h8E8/fpcp2vr+FEtkU6uWeix3Isr1NOtrFr","previousCounter":0,"rootKey":"Tbvy5ztu90QCAwYYCigJIp0nPliBU79QKpDM7kaf3LA="},"indexInfo":{"baseKey":"BUbWrejgjgJbOE0AaB9GUoW/NpfwHQxOXo60tV8Dvt1D","baseKeyType":1,"closed":-1,"used":1676784470564,"created":1676784470564,"remoteIdentityKey":"Bd/TxDqZl6ezJ54C2F7Xc1uncGKJBdopE3mnSOjIy8lN"},"_chains":{"BbHm3NoZc8FXtGwDwBjVON5kMpikY7aYikxRBmiIxJJ9":{"chainKey":{"counter":0,"key":"DW/YHBevmn4whfds+Jx6ixZa0eihPD1qPPGlihFASVY="},"chainType":1,"messageKeys":{}}},"pendingPreKey":{"signedKeyId":0,"baseKey":"BUbWrejgjgJbOE0AaB9GUoW/NpfwHQxOXo60tV8Dvt1D"}}},"version":"v1"}