{"_sessions":{"BctOPKBIGH2nY9eJgPNQiNc+Fwq9E0ugh4R15iERgdgo":{"registrationId":355968817,"currentRatchet":{"ephemeralKeyPair":{"pubKey":"BdY6y9GPQrYxHtSpo21xBZXlOBFlD2APcjPiBvY5e68E","privKey":"wEWAUh42MFHGNSlPnR2R40CzU+j8yRRzgZQktfCD73w="},"lastRemoteEphemeralKey":"BUzjEtUSHu+tZqJDJvn5MI2rrILFCifE/Ho/jcDOOjEh","previousCounter":0,"rootKey":"I2V61ZbCW3x1qj3FLz6T7JAUjxCPH0s1d2sZ8q2fhE0="},"indexInfo":{"baseKey":"BctOPKBIGH2nY9eJgPNQiNc+Fwq9E0ugh4R15iERgdgo","baseKeyType":1,"closed":-1,"used":1676784468521,"created":1676784468521,"remoteIdentityKey":"BXlZudompu6nQh8gmF4P5NGm8KPT9PeZHxkj0NTDwGFZ"},"_chains":{"BdY6y9GPQrYxHtSpo21xBZXlOBFlD2APcjPiBvY5e68E":{"chainKey":{"counter":0,"key":"ZkzTz2Mctb5HrpdGhO2VObJiGdyEt5/LozcCxJOTeY4="},"chainType":1,"messageKeys":{}}},"pendingPreKey":{"signedKeyId":18,"baseKey":"BctOPKBIGH2nY9eJgPNQiNc+Fwq9E0ugh4R15iERgdgo","preKeyId":8507830}}},"version":"v1"}