{"_sessions":{"BbvmV6pCifRHg1gIa0oQexv9G1PfyGIBibIKuV7u/wks":{"registrationId":1850325878,"currentRatchet":{"ephemeralKeyPair":{"pubKey":"Be7OYgyVfUjf0Zozi6PWTQebQdlDpz28zb1/B0YR5RIL","privKey":"wCLFjVkzZwzIOTZ7Z1RYuqmMg3OScCBJClGZXY836kc="},"lastRemoteEphemeralKey":"BQmYGYbKyoP3LM6x51FfSq0qtQO86xykutJki+6n1eki","previousCounter":0,"rootKey":"Ju3v0yIAjt4zLbTR+rDWqKVEAR97Cw1vuQ6wkSHQMTA="},"indexInfo":{"baseKey":"BbvmV6pCifRHg1gIa0oQexv9G1PfyGIBibIKuV7u/wks","baseKeyType":1,"closed":-1,"used":1676784469361,"created":1676784469361,"remoteIdentityKey":"BQx90kK+qMIxyn4FeHSjOmCKJpKXBaGSOSnFluWsbTdR"},"_chains":{"Be7OYgyVfUjf0Zozi6PWTQebQdlDpz28zb1/B0YR5RIL":{"chainKey":{"counter":0,"key":"JRdsSjMrfnoqwtxUndDibmLOksW8V158Zj2rbR6kf0M="},"chainType":1,"messageKeys":{}}},"pendingPreKey":{"signedKeyId":0,"baseKey":"BbvmV6pCifRHg1gIa0oQexv9G1PfyGIBibIKuV7u/wks","preKeyId":7354324}}},"version":"v1"}