{"_sessions":{"BQ9EEiIpAdTsbUElGLTv4+jM3bE0GMSGdmXswP891JUX":{"registrationId":576377441,"currentRatchet":{"ephemeralKeyPair":{"pubKey":"BdQ+xGiR1axz12efKksCUQZxO406cNBfaeHT9VwKslFZ","privKey":"UBJV1t+NTDnXqreWeN9kyntAKw4aD4kulmmDhmiTNVs="},"lastRemoteEphemeralKey":"BYenoiWS4MFnC5G0cs9DiXGrwhqui7vq9HOeETs0LcxG","previousCounter":0,"rootKey":"+RJoaY82z6gQDtCI8Yier6lMQdFA0dy+1f8tctqB/mw="},"indexInfo":{"baseKey":"BQ9EEiIpAdTsbUElGLTv4+jM3bE0GMSGdmXswP891JUX","baseKeyType":1,"closed":-1,"used":1676784469335,"created":1676784469335,"remoteIdentityKey":"BTi0naBKowanS4p1X0LSiP8d6b8EIJxejS+Jz2fl0GUe"},"_chains":{"BdQ+xGiR1axz12efKksCUQZxO406cNBfaeHT9VwKslFZ":{"chainKey":{"counter":0,"key":"306P10Ty1RiLQdl9spOYvQMw6t+eQWBLDrdX4GCASZw="},"chainType":1,"messageKeys":{}}},"pendingPreKey":{"signedKeyId":2,"baseKey":"BQ9EEiIpAdTsbUElGLTv4+jM3bE0GMSGdmXswP891JUX","preKeyId":9849566}}},"version":"v1"}