{"_sessions":{"BaEEyXMNUQ4fM45vReJvxnm5mXr8E40OjqFZVpItFdxD":{"registrationId":1900222265,"currentRatchet":{"ephemeralKeyPair":{"pubKey":"BWwwo1k20lqycXFygszR0npItGB6qpLBcX9uiUw9fddt","privKey":"oIPJ5At/XnjM74DHMoYbuOviqbwm2oXcVDEcP9FtPWM="},"lastRemoteEphemeralKey":"BWjq1afk9YWTBjVrgYS1gWT07dBzSOVj/hhn2d1sro8M","previousCounter":0,"rootKey":"yIqhxkxEnRBLXXOLUeWQpgoeyEodIcKqbW2LpCxn2mc="},"indexInfo":{"baseKey":"BaEEyXMNUQ4fM45vReJvxnm5mXr8E40OjqFZVpItFdxD","baseKeyType":1,"closed":-1,"used":1676784468633,"created":1676784468633,"remoteIdentityKey":"BcoQGO7WCHx+Z6evDzUJMNU1CM8l2umOCS999gCeGtdR"},"_chains":{"BWwwo1k20lqycXFygszR0npItGB6qpLBcX9uiUw9fddt":{"chainKey":{"counter":0,"key":"L98bAkW0ckK7uEs1baEZ6Y7XVeilrDh3G8VduLu+M2o="},"chainType":1,"messageKeys":{}}},"pendingPreKey":{"signedKeyId":0,"baseKey":"BaEEyXMNUQ4fM45vReJvxnm5mXr8E40OjqFZVpItFdxD","preKeyId":10223704}}},"version":"v1"}