{"_sessions":{"BQfXmYy55sRNlOwqQkI8d6RhG4owAEwnSVzyEQGjtr5v":{"registrationId":1246001822,"currentRatchet":{"ephemeralKeyPair":{"pubKey":"BV5tdTtL0P7x6ML/hjiJlWOTIS+anDxCpbJyU+jxjyUg","privKey":"OCvd1oUtw1aRHTozIX+/2mqmo27sNUVQMkGwEdObsk8="},"lastRemoteEphemeralKey":"BSm4qfbhXM7YDIuGnI1cHYdeV1qxkIeM9RTBZhwXrhZb","previousCounter":0,"rootKey":"Sii9BjoezWq9lplMvpRDHhcMGqHluX1nEj+fm65EKwg="},"indexInfo":{"baseKey":"BQfXmYy55sRNlOwqQkI8d6RhG4owAEwnSVzyEQGjtr5v","baseKeyType":1,"closed":-1,"used":1676784469887,"created":1676784469887,"remoteIdentityKey":"BUhQONNuJmxdhY9wyJ0lzWfBRR4dsaUgnBzVa795F5VB"},"_chains":{"BV5tdTtL0P7x6ML/hjiJlWOTIS+anDxCpbJyU+jxjyUg":{"chainKey":{"counter":0,"key":"iPRpYRjvY/tYGSsKEl/rKel+WrXl/xxY/lo5gXtksAs="},"chainType":1,"messageKeys":{}}},"pendingPreKey":{"signedKeyId":0,"baseKey":"BQfXmYy55sRNlOwqQkI8d6RhG4owAEwnSVzyEQGjtr5v"}}},"version":"v1"}