{"_sessions":{"Bevg4USHj6CGKCygfGIkkHb2CBDU503qF7Mx7l8iGSx9":{"registrationId":773858601,"currentRatchet":{"ephemeralKeyPair":{"pubKey":"Bcmmy/R1rHzrhoKeDr3ynnjf2FZVsI5zydqFZOzyzIZL","privKey":"IPxSJwWtlQHEPHkeRgX9G1FQPaVl5Koxdf4lt6MTdGE="},"lastRemoteEphemeralKey":"BZ6o8/ksALWLnfqIo4nZ70bqM1q+Ig4/Zjms0DRjyTAX","previousCounter":0,"rootKey":"bzNVGmKgu97TKgBDlKDs8ZP3y//1RnqB5S6nNPowSeE="},"indexInfo":{"baseKey":"Bevg4USHj6CGKCygfGIkkHb2CBDU503qF7Mx7l8iGSx9","baseKeyType":1,"closed":-1,"used":1676784469532,"created":1676784469532,"remoteIdentityKey":"BbbhpBfZp53S34O5JFgDUBhJx9p49mS8jmZGP2/RQAks"},"_chains":{"Bcmmy/R1rHzrhoKeDr3ynnjf2FZVsI5zydqFZOzyzIZL":{"chainKey":{"counter":0,"key":"wMgt6VN4NAhm/tj0jDZstzgNfr4wkM8FItDwQZS7kXQ="},"chainType":1,"messageKeys":{}}},"pendingPreKey":{"signedKeyId":0,"baseKey":"Bevg4USHj6CGKCygfGIkkHb2CBDU503qF7Mx7l8iGSx9","preKeyId":2895310}}},"version":"v1"}