{"_sessions":{"BReP9kqST4CePlMvmr1ovrGuAzuH0YcFx2ruYTOhIcZa":{"registrationId":1934377870,"currentRatchet":{"ephemeralKeyPair":{"pubKey":"BZPBY6VASAc6AkJmKmRkT4jMIuPg/hafqjO9HLhUYoBr","privKey":"aOAmQjprcW77cLe/7fB+9j7qiWBifOFUOJajnOo8U0Q="},"lastRemoteEphemeralKey":"Bff59LvJcdDw9Pd01wCKbBURUC82Xps+cbrqAVDkQj5I","previousCounter":0,"rootKey":"vprMayubaxATHOb6x2Yi1wsrk2/1F7nTKroBXKRruT8="},"indexInfo":{"baseKey":"BReP9kqST4CePlMvmr1ovrGuAzuH0YcFx2ruYTOhIcZa","baseKeyType":1,"closed":-1,"used":1676784470437,"created":1676784470437,"remoteIdentityKey":"BdrljZOupk2GdVfpJTEBaQ9AlKdHHI1PaaaPLzyGFDE4"},"_chains":{"BZPBY6VASAc6AkJmKmRkT4jMIuPg/hafqjO9HLhUYoBr":{"chainKey":{"counter":0,"key":"22xNwH4+1OVJCS5q9UeNMcZWKRDC/y98mAstUcBhlBA="},"chainType":1,"messageKeys":{}}},"pendingPreKey":{"signedKeyId":1,"baseKey":"BReP9kqST4CePlMvmr1ovrGuAzuH0YcFx2ruYTOhIcZa","preKeyId":14414128}}},"version":"v1"}