{"_sessions":{"BVpirtYCtht2R27wzsgB1WZJWVGMHcyt80O7LBvmyH0z":{"registrationId":12953,"currentRatchet":{"ephemeralKeyPair":{"pubKey":"BXP0Wbw0hg2nRlBbaMJUcQSpbBkrqJDzkuFCk7OK6tNv","privKey":"aBASA8ImR81Tb4GqLYU8Uj67B5m23RW3IBQIn0IG5Es="},"lastRemoteEphemeralKey":"BX85u9TtQsWNbXrTWSvurYc1uoT9wOZ/CkIpoqzvNDc3","previousCounter":0,"rootKey":"jBd552ea4uXCUu7qXP2+osGp/4tbA78oDmpJcOV1U6Q="},"indexInfo":{"baseKey":"BVpirtYCtht2R27wzsgB1WZJWVGMHcyt80O7LBvmyH0z","baseKeyType":1,"closed":-1,"used":1676784468162,"created":1676784468162,"remoteIdentityKey":"Bfw4qFGw9kXGFxpLTNgqnIzVVaoMbFyEttki137ocNBx"},"_chains":{"BXP0Wbw0hg2nRlBbaMJUcQSpbBkrqJDzkuFCk7OK6tNv":{"chainKey":{"counter":0,"key":"MgoOpLPrelg+K3QHaoDSwPaqmVFZMsirqYjU9fnFCig="},"chainType":1,"messageKeys":{}}},"pendingPreKey":{"signedKeyId":1,"baseKey":"BVpirtYCtht2R27wzsgB1WZJWVGMHcyt80O7LBvmyH0z"}}},"version":"v1"}