{"_sessions":{"BeH6PA6aXsid94wUaxjCiE8IiCciHK5t6WR3EDqdOcYr":{"registrationId":1355815521,"currentRatchet":{"ephemeralKeyPair":{"pubKey":"Bcusmwm2qsI5HCrn/NisYa61VEG8tZ+z985HN9Lqeixe","privKey":"cO3pU3JUCalG4r1D7RbcozPhLQ+reTmTrnYG8WnXEmA="},"lastRemoteEphemeralKey":"BaGvqBYZhfmQIbZKUujSYxp8x+iIYgn6AOvYDTFypvB4","previousCounter":0,"rootKey":"CU+eYS0TIOjVM7GMzDD/8xJ0NXR1FTLDHQlaII5EBB0="},"indexInfo":{"baseKey":"BeH6PA6aXsid94wUaxjCiE8IiCciHK5t6WR3EDqdOcYr","baseKeyType":1,"closed":-1,"used":1676784470263,"created":1676784470263,"remoteIdentityKey":"BRFJlxNO1IjzbIrthitnfwxSfXlvbPWbKE3rU7MXFM0V"},"_chains":{"Bcusmwm2qsI5HCrn/NisYa61VEG8tZ+z985HN9Lqeixe":{"chainKey":{"counter":0,"key":"pKscLUNuBHUrHM4Oypen2Br5ZD60DkE8KjpdxrXpTjg="},"chainType":1,"messageKeys":{}}},"pendingPreKey":{"signedKeyId":0,"baseKey":"BeH6PA6aXsid94wUaxjCiE8IiCciHK5t6WR3EDqdOcYr","preKeyId":8937954}}},"version":"v1"}