{"_sessions":{"Bd6l/DiuajQUN65LH55ognNQnPZxGGyfMNTGgaJjAA5q":{"registrationId":1004555419,"currentRatchet":{"ephemeralKeyPair":{"pubKey":"BXXqSWKw3A+s0314ypN9oxj+/9579nnPKMnDqzH5oF0J","privKey":"wF/G5TwCFCgzKSo8b8Cm5HhurPKqDMPm+l8TBNUzFEk="},"lastRemoteEphemeralKey":"Bd48f1Csl+9cgBft7E0AuSeJ1Yh2qbyL+TFqHZygixtu","previousCounter":0,"rootKey":"aWwkQV7wCRhWWKnyXBBCoHAm65n7cfhifOzl3CKVlrc="},"indexInfo":{"baseKey":"Bd6l/DiuajQUN65LH55ognNQnPZxGGyfMNTGgaJjAA5q","baseKeyType":1,"closed":-1,"used":1676784469154,"created":1676784469154,"remoteIdentityKey":"BYmM0TYYj7GanFLkObiLVU8i0axaGAQT4EOktWQqtyc9"},"_chains":{"BXXqSWKw3A+s0314ypN9oxj+/9579nnPKMnDqzH5oF0J":{"chainKey":{"counter":0,"key":"06hycpomPcNfhDca1fyTx0wBRumjBQT9pHs6fEvuLH0="},"chainType":1,"messageKeys":{}}},"pendingPreKey":{"signedKeyId":1,"baseKey":"Bd6l/DiuajQUN65LH55ognNQnPZxGGyfMNTGgaJjAA5q","preKeyId":7778285}}},"version":"v1"}