{"_sessions":{"BWWLjSyw7qNyVOv1GVaGutc1Fi5dIUccB5Cb1BIo94J8":{"registrationId":11261312,"currentRatchet":{"ephemeralKeyPair":{"pubKey":"BXTqB9KXFSCkfuDInjBgjzrL5yxfggYR54bJa45Up8E/","privKey":"kHXVPw6DSauO/OE8isUOBATy7usMytKVaXbE2pd1a3c="},"lastRemoteEphemeralKey":"Be8bP/4MkiOYDDCmc2C6wtpLhMtTIogV20TlcOd7mq8s","previousCounter":0,"rootKey":"1rwj3bZVe6Kjx1xspgXwgolUtnI/EsiWWIDwyXEAfEM="},"indexInfo":{"baseKey":"BWWLjSyw7qNyVOv1GVaGutc1Fi5dIUccB5Cb1BIo94J8","baseKeyType":1,"closed":-1,"used":1676784469662,"created":1676784469662,"remoteIdentityKey":"Bc//nXODvrmxNVtvLEmexpsfwXu4wOKuiqt/JM+vJyRY"},"_chains":{"BXTqB9KXFSCkfuDInjBgjzrL5yxfggYR54bJa45Up8E/":{"chainKey":{"counter":0,"key":"HhPWlLCDm5tyVwueJYRYTRQlIX/MJIMSG8YDlbxJ5Js="},"chainType":1,"messageKeys":{}}},"pendingPreKey":{"signedKeyId":1,"baseKey":"BWWLjSyw7qNyVOv1GVaGutc1Fi5dIUccB5Cb1BIo94J8","preKeyId":15540075}}},"version":"v1"}