{"_sessions":{"BUz05Rbv8MEx0ELj66aVtnrAN4DPwqm2cugW0FnZInJm":{"registrationId":1560767372,"currentRatchet":{"ephemeralKeyPair":{"pubKey":"BVfP41qD0Fjj5T373/nfAAILxI/1cnKA+t1c6iBs5gty","privKey":"6LqBPcK18a58f3tELbE/kGTMsd1BjzGqFKX1HIc9inI="},"lastRemoteEphemeralKey":"BU2dKTW2C00qYrKps2tkS30n0tMxPKIjZrfcgDfyMyhp","previousCounter":0,"rootKey":"kPdHgCEab6BoXRtyaX3pwa8Qk3eEebFqmgg4jv2hySY="},"indexInfo":{"baseKey":"BUz05Rbv8MEx0ELj66aVtnrAN4DPwqm2cugW0FnZInJm","baseKeyType":1,"closed":-1,"used":1676784469055,"created":1676784469055,"remoteIdentityKey":"BZM7ALF+CHB3lHWJAkjxYuok9XjnaS9tgRoyLFSwrJJi"},"_chains":{"BVfP41qD0Fjj5T373/nfAAILxI/1cnKA+t1c6iBs5gty":{"chainKey":{"counter":0,"key":"hBMkRWff2lno7VXYMNWrH3s45mj6plOPQYmErCcDt3g="},"chainType":1,"messageKeys":{}}},"pendingPreKey":{"signedKeyId":1,"baseKey":"BUz05Rbv8MEx0ELj66aVtnrAN4DPwqm2cugW0FnZInJm","preKeyId":4077267}}},"version":"v1"}