{"_sessions":{"BTc+a5xSZGjODefK0XlF1O6tRCvllCKkNIZDvtIrgxss":{"registrationId":546,"currentRatchet":{"ephemeralKeyPair":{"pubKey":"BQEjkeFJ76pcxOUapaaGCHKjzCi4wKLsheJr6Evx2hwU","privKey":"4Om/jcDQQtinagJTVgofjregniAISz3ghG3jcQRBBFY="},"lastRemoteEphemeralKey":"BYJfd818MZpS1mqLalZUYXWWxOMJiKLUXlivWFXWiAUu","previousCounter":0,"rootKey":"ERAUTNLQU8Pco20wxZN2p31cq9toRHxLGz0QuIYJYHs="},"indexInfo":{"baseKey":"BTc+a5xSZGjODefK0XlF1O6tRCvllCKkNIZDvtIrgxss","baseKeyType":1,"closed":-1,"used":1676784468370,"created":1676784468370,"remoteIdentityKey":"BaFUf105DYlh8okbxd7Ji84joe1VOoaF4hfywvM80fdN"},"_chains":{"BQEjkeFJ76pcxOUapaaGCHKjzCi4wKLsheJr6Evx2hwU":{"chainKey":{"counter":0,"key":"qt4nYTJ8KmIDSPxSCKRAsq7B1NJdQ/fviUh589LxlVc="},"chainType":1,"messageKeys":{}}},"pendingPreKey":{"signedKeyId":1,"baseKey":"BTc+a5xSZGjODefK0XlF1O6tRCvllCKkNIZDvtIrgxss"}}},"version":"v1"}