{"_sessions":{"BRbkAqeMV7gNNuepwY8mVKnSOUOCeLv59TTC7Phg0yUy":{"registrationId":17,"currentRatchet":{"ephemeralKeyPair":{"pubKey":"BbtP7GmZyRYfxjojLu9JSW6AvaZGJFBhbGuH8T0X3sNI","privKey":"oMwC7XaPgfa8pTVriFUezg3X01alXLwUPqBw7EUXI0Q="},"lastRemoteEphemeralKey":"BTwXC6TBK3qjUF87tgQIxyXyoikmRRrW6OyCJkoOGks5","previousCounter":0,"rootKey":"wdUhBo/1vqKi95CB1k13tYwiwMmA83kUcb1KoudR+GY="},"indexInfo":{"baseKey":"BRbkAqeMV7gNNuepwY8mVKnSOUOCeLv59TTC7Phg0yUy","baseKeyType":1,"closed":-1,"used":1676784467897,"created":1676784467897,"remoteIdentityKey":"BVKX1UxvSo/2skIh7S7yMXvjCPZ0Uc9RNvb7bdMN6Ns4"},"_chains":{"BbtP7GmZyRYfxjojLu9JSW6AvaZGJFBhbGuH8T0X3sNI":{"chainKey":{"counter":0,"key":"vU3cmlM3E/nbThIJM34gT/eWLB5bKVKmYcL2rbX9NUk="},"chainType":1,"messageKeys":{}}},"pendingPreKey":{"signedKeyId":1,"baseKey":"BRbkAqeMV7gNNuepwY8mVKnSOUOCeLv59TTC7Phg0yUy"}}},"version":"v1"}