{"_sessions":{"BfSZmgBKXQNTnF62/zKtXvWH+gvA7kH4kwAIz1w1DVMo":{"registrationId":68256962,"currentRatchet":{"ephemeralKeyPair":{"pubKey":"BTIrTbIKDErm/Dcnl4ls0zmBA+TzvyvrLni6chXB/u9S","privKey":"4IWnJou2CdOiFda6WVMmYfg8+efnYLEVYSwUJ7gVzk0="},"lastRemoteEphemeralKey":"BTOVGR5nC0WXTe3MmEicSSC6x3ZhkTx/VS3VRDITvrYy","previousCounter":0,"rootKey":"UvPPCOT1U1yLYkW0cIgSJVlWVlSr2KbKQi5evUa81oM="},"indexInfo":{"baseKey":"BfSZmgBKXQNTnF62/zKtXvWH+gvA7kH4kwAIz1w1DVMo","baseKeyType":1,"closed":-1,"used":1676784470097,"created":1676784470097,"remoteIdentityKey":"Bc8qewp5JBViVXosLfr7skdthvJp5r21Ykf9Y/Pp4+4N"},"_chains":{"BTIrTbIKDErm/Dcnl4ls0zmBA+TzvyvrLni6chXB/u9S":{"chainKey":{"counter":0,"key":"235/O5oHxsA+irz1pdOIxj14Iz9wAGR/n931frsrVXc="},"chainType":1,"messageKeys":{}}},"pendingPreKey":{"signedKeyId":0,"baseKey":"BfSZmgBKXQNTnF62/zKtXvWH+gvA7kH4kwAIz1w1DVMo"}}},"version":"v1"}