{"_sessions":{"BRT3xejCVOybXW4YOpAGXoToLUiC3ZnRuwPJkcLOODBs":{"registrationId":974291152,"currentRatchet":{"ephemeralKeyPair":{"pubKey":"BTrZRFVRaMsSAc4/3gl47GQCgKTRYENyyQ8Nop+Ku3R7","privKey":"wAAb9XFjy1KEaxv5Gkb/mxH6EsQZl13wcHeRmliHDW0="},"lastRemoteEphemeralKey":"BWDsX34+bwFu+eZVa/hebM3aiK3pfuSQ5F3R5RdnXo9R","previousCounter":0,"rootKey":"Kj+1fIE4vJtuTJlthBNgGWRnVp8TYhPpqhShdMeWTXY="},"indexInfo":{"baseKey":"BRT3xejCVOybXW4YOpAGXoToLUiC3ZnRuwPJkcLOODBs","baseKeyType":1,"closed":-1,"used":1676784469882,"created":1676784469882,"remoteIdentityKey":"BfCoTQw4vsrjeoJ6+CsPCc+Duf+MNuBMdkz0g49lnWJp"},"_chains":{"BTrZRFVRaMsSAc4/3gl47GQCgKTRYENyyQ8Nop+Ku3R7":{"chainKey":{"counter":0,"key":"5gqGMxkwhzPnpzS8G/fC6B23K50MsmPJXXoPk5aj7Fg="},"chainType":1,"messageKeys":{}}},"pendingPreKey":{"signedKeyId":0,"baseKey":"BRT3xejCVOybXW4YOpAGXoToLUiC3ZnRuwPJkcLOODBs","preKeyId":10219963}}},"version":"v1"}