{"_sessions":{"Bf/s6ez1pxDSpE8rnG00vWK2Jm6BbL8HAzFDM1n0yaUl":{"registrationId":284030686,"currentRatchet":{"ephemeralKeyPair":{"pubKey":"BS5sMEa0/PHfyYoak5LI9qlLTtdCWJ8maEaiq238jAgw","privKey":"GEgzP2rWeYCbPZ9RRfemOrthRokxGQuDU+n8WV6Mv1U="},"lastRemoteEphemeralKey":"BWHhy7kLQ+CdM/kRwrQojEugEU304D1ivKKwwcKRHg0j","previousCounter":0,"rootKey":"NMnz+5bnAb+YjyXoGWBH72JeWIstl7OG3ESkVFx47tc="},"indexInfo":{"baseKey":"Bf/s6ez1pxDSpE8rnG00vWK2Jm6BbL8HAzFDM1n0yaUl","baseKeyType":1,"closed":-1,"used":1676784470403,"created":1676784470403,"remoteIdentityKey":"BbEvg/5V7yNyM8rBNibQev70QVua00BXaEZyGJP55y9n"},"_chains":{"BS5sMEa0/PHfyYoak5LI9qlLTtdCWJ8maEaiq238jAgw":{"chainKey":{"counter":0,"key":"0d93u2y2NSIaCGdbiNVlp9lhgG0q9Yon0VqIreBSQIc="},"chainType":1,"messageKeys":{}}},"pendingPreKey":{"signedKeyId":0,"baseKey":"Bf/s6ez1pxDSpE8rnG00vWK2Jm6BbL8HAzFDM1n0yaUl","preKeyId":16111342}}},"version":"v1"}