{"_sessions":{"BRACnuaf5kLiw9kJ4eiGWoF0sfiJATxo73tcLNhlkCY4":{"registrationId":906621918,"currentRatchet":{"ephemeralKeyPair":{"pubKey":"BZZEE4bEk4mMjVs75G3Jn62Hu73MXn0145XgvF4UY45V","privKey":"MMvhU281tgVEDLBFDyKdHot5DifDZtw9PdKthh4YFVk="},"lastRemoteEphemeralKey":"BbdsFoCFOqDaF+QPoo6DqzIpAkpj7f9a2jsnuVRmBm4l","previousCounter":0,"rootKey":"rgDyEfMzrMagaHg2angiLp5nwZw8US4NbYfYqtZZAZU="},"indexInfo":{"baseKey":"BRACnuaf5kLiw9kJ4eiGWoF0sfiJATxo73tcLNhlkCY4","baseKeyType":1,"closed":-1,"used":1676784468703,"created":1676784468703,"remoteIdentityKey":"BYKDbUnaRmgLpwNChXjN50nljx7f+8Snxyj5N09UwVkY"},"_chains":{"BZZEE4bEk4mMjVs75G3Jn62Hu73MXn0145XgvF4UY45V":{"chainKey":{"counter":0,"key":"WUpf7RCiASsHbem7f/WQpIKduRG1iwhGU/MVZKfxJCw="},"chainType":1,"messageKeys":{}}},"pendingPreKey":{"signedKeyId":0,"baseKey":"BRACnuaf5kLiw9kJ4eiGWoF0sfiJATxo73tcLNhlkCY4","preKeyId":1300344}}},"version":"v1"}