{"_sessions":{"BYRPWsTHMl+Id7yPLoTOFxTFoJEs4PVnUOrkauqRAskQ":{"registrationId":262657423,"currentRatchet":{"ephemeralKeyPair":{"pubKey":"BY8twvsfRtPiH9O3z0CfFDtxoK4mvhDam2Lb/AHRwI1e","privKey":"GNfoieuMImfQax+CN7oETw6apoeW0bpXzF2UpFy2gV8="},"lastRemoteEphemeralKey":"BaZlR9FfZ6VyUFV7zbPJXIrwn8n8b2h6VukOXbi5V00D","previousCounter":0,"rootKey":"WOtpDXr9c83VZ6r0qtu1N9VFzIKrMHxd4zCL1ZADCaU="},"indexInfo":{"baseKey":"BYRPWsTHMl+Id7yPLoTOFxTFoJEs4PVnUOrkauqRAskQ","baseKeyType":1,"closed":-1,"used":1676784470115,"created":1676784470115,"remoteIdentityKey":"BfytPtbAiQtqU76ktsgWBtUzD6IXB7tXRhXzv2XVy2VB"},"_chains":{"BY8twvsfRtPiH9O3z0CfFDtxoK4mvhDam2Lb/AHRwI1e":{"chainKey":{"counter":0,"key":"BFMNqCPb4dN2wg9YL6MYaD4VX33PQwsiRxn1vvWd8Wg="},"chainType":1,"messageKeys":{}}},"pendingPreKey":{"signedKeyId":0,"baseKey":"BYRPWsTHMl+Id7yPLoTOFxTFoJEs4PVnUOrkauqRAskQ","preKeyId":10762505}}},"version":"v1"}