{"_sessions":{"BZjGvkvTyYFwQWOnzvXJIJtKlCbr26xfH/CazfnAmipO":{"registrationId":53,"currentRatchet":{"ephemeralKeyPair":{"pubKey":"Ba8GA5Kp76GxxH7LcAW/sTBmRqmen4iGdSCdpAQO8JBp","privKey":"YAANBYl0xLPxHNyWGtJe4w6V6IVOQ2oKDDP1CU1EkV8="},"lastRemoteEphemeralKey":"BeTlP70p/g2/2OxsiKL4x9vwEZ2Nj9tZkr7dh6lbT1Up","previousCounter":0,"rootKey":"c+mbLXesnafMKV/IPgYm5VVA2IjZ9VLJFdxDEHKzysM="},"indexInfo":{"baseKey":"BZjGvkvTyYFwQWOnzvXJIJtKlCbr26xfH/CazfnAmipO","baseKeyType":1,"closed":-1,"used":1676784467992,"created":1676784467992,"remoteIdentityKey":"BdRps8DcVGy9j8vYOzHnqi1IEi75p9DVq/xqkGincQp2"},"_chains":{"Ba8GA5Kp76GxxH7LcAW/sTBmRqmen4iGdSCdpAQO8JBp":{"chainKey":{"counter":0,"key":"tKml1v6YCvGwtSZkgYPWaZAYJL2EsFJiZ0zb2z4QJxI="},"chainType":1,"messageKeys":{}}},"pendingPreKey":{"signedKeyId":1,"baseKey":"BZjGvkvTyYFwQWOnzvXJIJtKlCbr26xfH/CazfnAmipO"}}},"version":"v1"}