{"_sessions":{"BR5CyiZpJlJUvsaxUWQZvAupmFihQooTI/k2WQHnzRpo":{"registrationId":220,"currentRatchet":{"ephemeralKeyPair":{"pubKey":"BXav9Sd5lXAH/uCYSSPT7i18U5WGtOW5Mz7KoOSzMaR6","privKey":"YMkpHmFzJFbYrLb/CF579NdpoXCcEHXp6mmnjD8Qrlc="},"lastRemoteEphemeralKey":"BXSYDmH2jFv3f+WYDGT6Swajob266zE9xDtPa8CD1C98","previousCounter":0,"rootKey":"DfR/LUp96+dFQM/80YGu8VORY8+1ReHQJoJ0jzuWnMQ="},"indexInfo":{"baseKey":"BR5CyiZpJlJUvsaxUWQZvAupmFihQooTI/k2WQHnzRpo","baseKeyType":1,"closed":1676784472087,"used":1676784468184,"created":1676784468184,"remoteIdentityKey":"BfWx7BekHNfqp9uVvIyHrNibyydMG9D78Wb8bXrJ6TlS"},"_chains":{"BXav9Sd5lXAH/uCYSSPT7i18U5WGtOW5Mz7KoOSzMaR6":{"chainKey":{"counter":0,"key":"TxKLNWbfFasfQxroa5/Jj/PJVrJyyMKZdL92Uc6uDmU="},"chainType":1,"messageKeys":{}}},"pendingPreKey":{"signedKeyId":1,"baseKey":"BR5CyiZpJlJUvsaxUWQZvAupmFihQooTI/k2WQHnzRpo"}},"BeCPcKpDn3s/ELNc9HIa0YIgMQOTc34ogfhr8780oNVE":{"registrationId":220,"currentRatchet":{"ephemeralKeyPair":{"pubKey":"BWCaO9bdrKk2GzbBxW0EZIsPB8VVd8swVEUoz12TCb1l","privKey":"GIYXuc3derVBmMK7yGABULwYl5zlXDYTnQYqRb6OvHA="},"lastRemoteEphemeralKey":"BZBx1fNwcp7NTZsVr7grmmtDLOc6VvXIDC4XyCmqAScc","previousCounter":0,"rootKey":"URRr8/tpJAojZDigHPQjYJGrR50jp5qvnvcoj/waH/E="},"indexInfo":{"baseKey":"BeCPcKpDn3s/ELNc9HIa0YIgMQOTc34ogfhr8780oNVE","baseKeyType":2,"closed":-1,"used":1676784472092,"created":1676784472092,"remoteIdentityKey":"BfWx7BekHNfqp9uVvIyHrNibyydMG9D78Wb8bXrJ6TlS"},"_chains":{"BZBx1fNwcp7NTZsVr7grmmtDLOc6VvXIDC4XyCmqAScc":{"chainKey":{"counter":0,"key":"ryjJNY+IoHyXCXv2BULO2UOoRzVFhnQyZotoCPgOqgQ="},"chainType":2,"messageKeys":{}},"BWCaO9bdrKk2GzbBxW0EZIsPB8VVd8swVEUoz12TCb1l":{"chainKey":{"counter":-1,"key":"Yb9iq+HeBL+32ej8jrPHT0SVsbE+9XLtY2hoTHu/oGo="},"chainType":1,"messageKeys":{}}}}},"version":"v1"}