{"_sessions":{"BVbnYVMAt27S3Dj++jnVae30+pr4oRnk7NGpCQ0el7dn":{"registrationId":1690152440,"currentRatchet":{"ephemeralKeyPair":{"pubKey":"BXBvhT+5euVR1kVCjEv/C5L/uz0cBsidz1SeaEvfMHQr","privKey":"uLMNi27zbk0cHaXrlphVE/vrTPQp7T1+BBBBHQVOmHU="},"lastRemoteEphemeralKey":"Bd1r+ISrcJMEJcu6FhDkikZ9Mdo+LObEPp9KL3erusop","previousCounter":0,"rootKey":"FFaxczd5T9XiijHOFSqJ4vzdjoDcGDb47I6KAC5KD0w="},"indexInfo":{"baseKey":"BVbnYVMAt27S3Dj++jnVae30+pr4oRnk7NGpCQ0el7dn","baseKeyType":1,"closed":-1,"used":1676784470085,"created":1676784470085,"remoteIdentityKey":"Be4o0i7v0F1JDhgT4rr92qeC2G3Bik9BlmuvJcQXbrIl"},"_chains":{"BXBvhT+5euVR1kVCjEv/C5L/uz0cBsidz1SeaEvfMHQr":{"chainKey":{"counter":0,"key":"6G74IXcYy7C47MS6EHE0Bnj5pwU5okPjdGKxQifl38A="},"chainType":1,"messageKeys":{}}},"pendingPreKey":{"signedKeyId":1,"baseKey":"BVbnYVMAt27S3Dj++jnVae30+pr4oRnk7NGpCQ0el7dn","preKeyId":12666076}}},"version":"v1"}