{"_sessions":{"BQvWG7V2wxP6/BFgIEAZGXtdI6YPb4QZHX4xfNp6q6p/":{"registrationId":2035050863,"currentRatchet":{"ephemeralKeyPair":{"pubKey":"BcInjPfGkDfwdiCcTE8V2ssAQG+XVIOipN0fQQemmoEg","privKey":"uC/CdNfrYewjF7DkDc2e+9Ki/ezwzdpD1N5nwpSwCW8="},"lastRemoteEphemeralKey":"BRf7ilJq4m/eB+hfaSg91YLb6tVfzXw9J6v+Hs9ezfMD","previousCounter":0,"rootKey":"HgtEq4hnI2SWSAd8neG94b7QwW1cu1AL9rW3bUZkBW0="},"indexInfo":{"baseKey":"BQvWG7V2wxP6/BFgIEAZGXtdI6YPb4QZHX4xfNp6q6p/","baseKeyType":1,"closed":-1,"used":1676784469560,"created":1676784469560,"remoteIdentityKey":"BQSZqKssaUmSmRN0zvDV7LmvDxGgrsNQby87XK8OTSMZ"},"_chains":{"BcInjPfGkDfwdiCcTE8V2ssAQG+XVIOipN0fQQemmoEg":{"chainKey":{"counter":0,"key":"HAdOEIXiQalVB3OWkV9qNSUw5CjV4tPmTrfq2ocL/9c="},"chainType":1,"messageKeys":{}}},"pendingPreKey":{"signedKeyId":1,"baseKey":"BQvWG7V2wxP6/BFgIEAZGXtdI6YPb4QZHX4xfNp6q6p/","preKeyId":7976576}}},"version":"v1"}