{"_sessions":{"BZKzScPOKcAixtXC2OY/KFRmQ1hNN3+kr3aR8/HMh4x+":{"registrationId":209544206,"currentRatchet":{"ephemeralKeyPair":{"pubKey":"BaWUG6734jZoaCOUfbfSPIrvB/tJ1LDY+9yj591DqxBX","privKey":"iAU9qq3Oc/2WR9EsWI6fnbAZ6b8DRUa8/2jChXIXjHs="},"lastRemoteEphemeralKey":"BVG0AXhLulzAPLOpy9wTaXYDn2u3U2Ylwi8IbafMplJI","previousCounter":0,"rootKey":"NAptIjzFayMdKNYZgJhDbh00CiL5+jDTpnEQAw7eSVA="},"indexInfo":{"baseKey":"BZKzScPOKcAixtXC2OY/KFRmQ1hNN3+kr3aR8/HMh4x+","baseKeyType":1,"closed":-1,"used":1676784470495,"created":1676784470495,"remoteIdentityKey":"BfXYvxwdHQND9ZfPQOV/lMrX8dkkmhXJM3hi2hH6GKEr"},"_chains":{"BaWUG6734jZoaCOUfbfSPIrvB/tJ1LDY+9yj591DqxBX":{"chainKey":{"counter":0,"key":"kOgy+qlcgM+9tJ0Rc9FyUY7uFVWmN1E4d413Nw6eCKc="},"chainType":1,"messageKeys":{}}},"pendingPreKey":{"signedKeyId":1,"baseKey":"BZKzScPOKcAixtXC2OY/KFRmQ1hNN3+kr3aR8/HMh4x+"}}},"version":"v1"}