{"_sessions":{"BX/CTfKP8ewHyNPZKYWffyxR9jUhstXrjs23tHMTwpov":{"registrationId":564925253,"currentRatchet":{"ephemeralKeyPair":{"pubKey":"BaiWAR7A8Whb/lqGxYbE0B8mI+W4a0YGkX0htvVyTJA5","privKey":"IHhtK8xeGHYPzCVjPKf3CY/ID/5d0AYM81xqr6WsyWE="},"lastRemoteEphemeralKey":"BQAjMb1alDPCC8TuvHpBOnLGVeGviG7Uq9fRf6zDecZw","previousCounter":0,"rootKey":"/SKRAr3zYI3JaYchNN9LP1H3RrBA2u8y6Zhk7PiHSEg="},"indexInfo":{"baseKey":"BX/CTfKP8ewHyNPZKYWffyxR9jUhstXrjs23tHMTwpov","baseKeyType":1,"closed":-1,"used":1676784470484,"created":1676784470484,"remoteIdentityKey":"BYYO92e32hHyGta1TkRF8x2x8CnjHsmZ5Z17JvWVUEYr"},"_chains":{"BaiWAR7A8Whb/lqGxYbE0B8mI+W4a0YGkX0htvVyTJA5":{"chainKey":{"counter":0,"key":"OU3nGAXBwNg6nUlp/RAJ6gUk2cx/F/p3IfyylpE1kiE="},"chainType":1,"messageKeys":{}}},"pendingPreKey":{"signedKeyId":1,"baseKey":"BX/CTfKP8ewHyNPZKYWffyxR9jUhstXrjs23tHMTwpov","preKeyId":1200978}}},"version":"v1"}