{"_sessions":{"BUiumGwS3dexTlTNn+DCG06e8YRCEqmdEGc4qeZZ4QMs":{"registrationId":1909893350,"currentRatchet":{"ephemeralKeyPair":{"pubKey":"BQbL+CmapZEUrThiE9MUpa6MR4A/oIK8MQLeD0ZRlfcn","privKey":"6Hg4eqGhjK9FJ7QgvCQJUgHPq+EJEt4rH2/m/e1BLU8="},"lastRemoteEphemeralKey":"BfuoUzEJGkX5PBUOsE6E+dQjKyP4l7+b+fHPFt0xpMYE","previousCounter":0,"rootKey":"VN8gntXPL+5KaZyg0mHIKLSxrYH3LxAlYFZCUKpteo8="},"indexInfo":{"baseKey":"BUiumGwS3dexTlTNn+DCG06e8YRCEqmdEGc4qeZZ4QMs","baseKeyType":1,"closed":-1,"used":1676784470501,"created":1676784470501,"remoteIdentityKey":"BRfzz1AxLwHYhorqC/dddeyBcc/Vz6TPfYKPRS4uYU8F"},"_chains":{"BQbL+CmapZEUrThiE9MUpa6MR4A/oIK8MQLeD0ZRlfcn":{"chainKey":{"counter":0,"key":"0meFxUeJYpvkSD87XnH9oq6zF+UIsngHyazYZ6E8yms="},"chainType":1,"messageKeys":{}}},"pendingPreKey":{"signedKeyId":1,"baseKey":"BUiumGwS3dexTlTNn+DCG06e8YRCEqmdEGc4qeZZ4QMs","preKeyId":7912947}}},"version":"v1"}