{"_sessions":{"BSRoXj5wQB1j8or0nBV82m/Xi/5KPeoucb/O4pbrLo1P":{"registrationId":103789971,"currentRatchet":{"ephemeralKeyPair":{"pubKey":"BYnaUG5Eg93f7WExMFie8KHDzdHCZXrUaqttSJpo6KRJ","privKey":"4E+tqIH041LmcgvN05Llnh8jhMC7FRK7seTjZTzoHGE="},"lastRemoteEphemeralKey":"BfvR4B+zCdy5fi/wmePPxRM92XUMZ0RD7NxKNe+vdHtv","previousCounter":0,"rootKey":"vhfIhRRNqnUb9AF/3A9+vLmzdPIj9rWZly2JtUaP7oc="},"indexInfo":{"baseKey":"BSRoXj5wQB1j8or0nBV82m/Xi/5KPeoucb/O4pbrLo1P","baseKeyType":1,"closed":-1,"used":1676784469315,"created":1676784469315,"remoteIdentityKey":"BS6BoeTVtc22dTDb0cbNegMITyp348mzzlSO8a+TkQs3"},"_chains":{"BYnaUG5Eg93f7WExMFie8KHDzdHCZXrUaqttSJpo6KRJ":{"chainKey":{"counter":0,"key":"oPFEMBWBU/gr2O0435lMyBj2nxy0fMFjy1Y078x11LY="},"chainType":1,"messageKeys":{}}},"pendingPreKey":{"signedKeyId":1,"baseKey":"BSRoXj5wQB1j8or0nBV82m/Xi/5KPeoucb/O4pbrLo1P","preKeyId":6460349}}},"version":"v1"}