{"_sessions":{"BbAUuHqDFjk5cO9ngkaz4oYhUB//8RW2XjdEanQyGrVL":{"registrationId":83,"currentRatchet":{"ephemeralKeyPair":{"pubKey":"BW6EiBSgX1eluH99HFWUb+VFMwZPsLtM5ijB5/+bUzVp","privKey":"oOTocJVzNgXKIP6TOynCPDQvjH9jaPX0MdcTFX7t52g="},"lastRemoteEphemeralKey":"BThhrNeMtFkqjADtvgT7iSQ+Z3Y/KCpnucIISo9qov9v","previousCounter":0,"rootKey":"rxPhkgYup+BqnVG5TMpsnCI47jxMgCPMpRfSFm8MyWc="},"indexInfo":{"baseKey":"BbAUuHqDFjk5cO9ngkaz4oYhUB//8RW2XjdEanQyGrVL","baseKeyType":1,"closed":-1,"used":1676784468028,"created":1676784468028,"remoteIdentityKey":"BTJOogQ6V/HzE1SgO7UELnzB5w8xwZ7yzoevxtmD4755"},"_chains":{"BW6EiBSgX1eluH99HFWUb+VFMwZPsLtM5ijB5/+bUzVp":{"chainKey":{"counter":0,"key":"acaSWtQauDWlY94+s4JpoO5d/6LmZwX7MVvaKs9HNV4="},"chainType":1,"messageKeys":{}}},"pendingPreKey":{"signedKeyId":1,"baseKey":"BbAUuHqDFjk5cO9ngkaz4oYhUB//8RW2XjdEanQyGrVL"}}},"version":"v1"}