{"_sessions":{"BXk8ZKt2EaewfV1aKIDIpBB9lCvB0Q5z6SP47KLZb4At":{"registrationId":545971426,"currentRatchet":{"ephemeralKeyPair":{"pubKey":"Bb4ZJ+nTmHmbp7sSj9RtAcYo1Zoo3kBkpGHNV8zGK2R7","privKey":"+NenvjoUsis/J5a97SJayXJiser5y4A7adkMFb6qh3I="},"lastRemoteEphemeralKey":"BWBXFgWJ17WF8oV+lu+jk8yuDNoG1Dej27+14xdGhu0C","previousCounter":0,"rootKey":"zrgx2NAFfwUXAx5q6jsAS/0IbbRLCqYM7x9OyyFO6lw="},"indexInfo":{"baseKey":"BXk8ZKt2EaewfV1aKIDIpBB9lCvB0Q5z6SP47KLZb4At","baseKeyType":1,"closed":-1,"used":1676784470154,"created":1676784470154,"remoteIdentityKey":"BZuE5T3zShnq9daEHgqPTsYy2/ew7ownDH0zBEJwi2kM"},"_chains":{"Bb4ZJ+nTmHmbp7sSj9RtAcYo1Zoo3kBkpGHNV8zGK2R7":{"chainKey":{"counter":0,"key":"bMUXWxHhd1UXtjEcZvMrygd3LsgZ6hFBQx58qtB0wpM="},"chainType":1,"messageKeys":{}}},"pendingPreKey":{"signedKeyId":0,"baseKey":"BXk8ZKt2EaewfV1aKIDIpBB9lCvB0Q5z6SP47KLZb4At","preKeyId":10620576}}},"version":"v1"}