{"_sessions":{"BVZWYQlvb/LBFpTI7XFq81zURSiGeEr09tndsdi3Q1Zv":{"registrationId":159893861,"currentRatchet":{"ephemeralKeyPair":{"pubKey":"BYgy6kOfitDsSZ2BzRWUJ6A/nAbosDxxTiwCBYx12j0R","privKey":"MAYMfgUaCdqlsssv4SqvB9YCZ8EcBYVP8h8XGHbqAn4="},"lastRemoteEphemeralKey":"BQETfc3YGSTVP809Ydhz9GAVli4BgzunPlLX/xAroo1Q","previousCounter":0,"rootKey":"JsaS8WlBULA2wgwo5uUXBEQBQH6TRb8Bm9rSKpz2tyM="},"indexInfo":{"baseKey":"BVZWYQlvb/LBFpTI7XFq81zURSiGeEr09tndsdi3Q1Zv","baseKeyType":1,"closed":-1,"used":1676784468591,"created":1676784468591,"remoteIdentityKey":"BbM6OF416QIBJlXPXRxK8mWK67IAjLYSGXo/K6NaBJxD"},"_chains":{"BYgy6kOfitDsSZ2BzRWUJ6A/nAbosDxxTiwCBYx12j0R":{"chainKey":{"counter":0,"key":"I8A+alueq8VeTDb2uBKHLtzgw/KqPbhmBQyWsL0Kkxk="},"chainType":1,"messageKeys":{}}},"pendingPreKey":{"signedKeyId":0,"baseKey":"BVZWYQlvb/LBFpTI7XFq81zURSiGeEr09tndsdi3Q1Zv","preKeyId":11582531}}},"version":"v1"}