{"_sessions":{"BenxEQdNou73VFYL5fTY+fe3iGh2Jo9SYf0jO7m/HsVg":{"registrationId":150,"currentRatchet":{"ephemeralKeyPair":{"pubKey":"Ba/1i6IV4weu7QltoZY1IWFPx2i/1/kkoNW3kyVXj8Eh","privKey":"oAtlZjWjSrHz4OZ7iVPaUxrWpNp2IP/JsrNKxD3SXV0="},"lastRemoteEphemeralKey":"BRBkvaAr5ssxY6DAPmRaItQWmQJjlL82seduU+pvPbhb","previousCounter":0,"rootKey":"0qEeYLK66URS/DYsDVhdhV7E5VY+uDw0wHes2et+X6o="},"indexInfo":{"baseKey":"BenxEQdNou73VFYL5fTY+fe3iGh2Jo9SYf0jO7m/HsVg","baseKeyType":1,"closed":-1,"used":1676784468131,"created":1676784468131,"remoteIdentityKey":"BS5l5oD+7sgld9Qr+HrpZ1DEaEDY0BQMBmh/dX9XPltX"},"_chains":{"Ba/1i6IV4weu7QltoZY1IWFPx2i/1/kkoNW3kyVXj8Eh":{"chainKey":{"counter":0,"key":"8Mxf433T6Cvfm0d7o6u1cFaIz2IukxiTpz990phngEU="},"chainType":1,"messageKeys":{}}},"pendingPreKey":{"signedKeyId":1,"baseKey":"BenxEQdNou73VFYL5fTY+fe3iGh2Jo9SYf0jO7m/HsVg"}}},"version":"v1"}