{"_sessions":{"Bf7ybkoFa6Do6VYFdQPO8tBsz22c0RTeNjrt2a0iyVca":{"registrationId":71548742,"currentRatchet":{"ephemeralKeyPair":{"pubKey":"BcrRriwGlMXB6sqCVg4CKiN+aB4NuBdqq9ocCX7/OeUZ","privKey":"2CEV4scWfo9N0YhMvULgHIkRCtyBCWRGx7fAzNJF83I="},"lastRemoteEphemeralKey":"BQu9PYA4/dDYn71rL9DFkGtqb6UfRau89vBQz2ETbVlD","previousCounter":0,"rootKey":"1NwJLOolTjVMBuoGSvO6E9GTRMwuf7b/JF0WqxHVMJ0="},"indexInfo":{"baseKey":"Bf7ybkoFa6Do6VYFdQPO8tBsz22c0RTeNjrt2a0iyVca","baseKeyType":1,"closed":-1,"used":1676784469958,"created":1676784469958,"remoteIdentityKey":"BXpBxRidDtQhaqjkpxpFTzSM7LNQN7ixpS00MJA6REUu"},"_chains":{"BcrRriwGlMXB6sqCVg4CKiN+aB4NuBdqq9ocCX7/OeUZ":{"chainKey":{"counter":0,"key":"zRfZHkDQDOcJ8cHo8JgJSQauPZtogmGlSdtDu2MOPEI="},"chainType":1,"messageKeys":{}}},"pendingPreKey":{"signedKeyId":0,"baseKey":"Bf7ybkoFa6Do6VYFdQPO8tBsz22c0RTeNjrt2a0iyVca","preKeyId":2957173}}},"version":"v1"}