{"_sessions":{"BXZEL49LOEv55LzoT3bru8E8renkq7BYMiaONeEyphxq":{"registrationId":1166422499,"currentRatchet":{"ephemeralKeyPair":{"pubKey":"BYF1XkPP2Qa0bk6GZuBEgYKdybusuLftKjl3XxNs8DB0","privKey":"iNX3JDRSu04WQJH/WU+OTV+IXxnRZF+QfrylFXzq33w="},"lastRemoteEphemeralKey":"BYiC+Pv9h6697W9pTLrzrkyJoRDxrwGT/jn0F4YYUJtc","previousCounter":0,"rootKey":"Jj4u1unDE49Csd4UwBXPeHGNkD+edEkg9kpSZ0BD+A8="},"indexInfo":{"baseKey":"BXZEL49LOEv55LzoT3bru8E8renkq7BYMiaONeEyphxq","baseKeyType":1,"closed":-1,"used":1676784470060,"created":1676784470060,"remoteIdentityKey":"BYpnPP45P5QPC/Lt04E+kXSeLEfjZNvAC2G0h9Nz0jRU"},"_chains":{"BYF1XkPP2Qa0bk6GZuBEgYKdybusuLftKjl3XxNs8DB0":{"chainKey":{"counter":0,"key":"csM4HE1eTaFcS+sR9Gz/mL80O5AKRULraKoIb5z0qjA="},"chainType":1,"messageKeys":{}}},"pendingPreKey":{"signedKeyId":0,"baseKey":"BXZEL49LOEv55LzoT3bru8E8renkq7BYMiaONeEyphxq","preKeyId":9020885}}},"version":"v1"}