{"_sessions":{"BZ8D4HYgfZRJrEF5LbNNl3rNOrRTm93lsjTtzWINDto6":{"registrationId":2025178293,"currentRatchet":{"ephemeralKeyPair":{"pubKey":"BTSn7/mFeJBW7sP1QnsolycBKlWK1Bgfd0zXEZlhnpR9","privKey":"IBNqDtR2nYZTUeqZI2xViEUc8NRwD7BIoUhL1PDaCFM="},"lastRemoteEphemeralKey":"Bak6bPZRaYcOLxXEcBfhzcWuWNgfAGJVizDJhoFZTVQ7","previousCounter":0,"rootKey":"NG4awDTDTdd5aL1VyJK+g2fuDhMGSRyhI/FiFCmAxBg="},"indexInfo":{"baseKey":"BZ8D4HYgfZRJrEF5LbNNl3rNOrRTm93lsjTtzWINDto6","baseKeyType":1,"closed":-1,"used":1676784470318,"created":1676784470318,"remoteIdentityKey":"BXpDaJjlcpokFh+zrSLq3ZFycpMwXeJijzaT4gRQGZl2"},"_chains":{"BTSn7/mFeJBW7sP1QnsolycBKlWK1Bgfd0zXEZlhnpR9":{"chainKey":{"counter":0,"key":"rNaX0lb3jKPijTSofbNlea/VzVzxagh6y5jo2cu5r+4="},"chainType":1,"messageKeys":{}}},"pendingPreKey":{"signedKeyId":2,"baseKey":"BZ8D4HYgfZRJrEF5LbNNl3rNOrRTm93lsjTtzWINDto6","preKeyId":4750437}}},"version":"v1"}