{"_sessions":{"BY+oOLJ+6uZG5WUkxuO4N5/SoA9oU+kfQ9gjLUuwHLcW":{"registrationId":88,"currentRatchet":{"ephemeralKeyPair":{"pubKey":"BYdaJubQJN/xOakGh0CiZHhhAN2LwqIEow9Y/foc4Eko","privKey":"MFc9UsZiNU/2RVJAYBjVn454hn7WsCsWOv0NRX34RnA="},"lastRemoteEphemeralKey":"BZ7X2PTh0mMKRWMl9sXAphz4xfGy1qwiaLGEopTxFKZ8","previousCounter":0,"rootKey":"nW+ll9Xd/jDwLzC38X/pKFZX+g8nITsoB2mjMo31qx4="},"indexInfo":{"baseKey":"BY+oOLJ+6uZG5WUkxuO4N5/SoA9oU+kfQ9gjLUuwHLcW","baseKeyType":1,"closed":-1,"used":1676784468060,"created":1676784468060,"remoteIdentityKey":"Ba3J8Tl+qjGhiBicmxB1hxMWMPA9uMlTwp6/b6ctzrEr"},"_chains":{"BYdaJubQJN/xOakGh0CiZHhhAN2LwqIEow9Y/foc4Eko":{"chainKey":{"counter":0,"key":"hSl+R9r7CdVAYQVUi1n59vRqe0JYOUFU6OOWyP7a8fg="},"chainType":1,"messageKeys":{}}},"pendingPreKey":{"signedKeyId":1,"baseKey":"BY+oOLJ+6uZG5WUkxuO4N5/SoA9oU+kfQ9gjLUuwHLcW"}}},"version":"v1"}