{"_sessions":{"BU1DpB7+JgOlWqm/S5onv3E2qyxiL+rMKIBNcf4rSh96":{"registrationId":756608747,"currentRatchet":{"ephemeralKeyPair":{"pubKey":"BRwpv5IjIiV1LPvLNgCndv03VZRTJJ5QfyZpwVxTnugv","privKey":"4ILaZxzCd/dWsDjspyf/UNHtAODLVN+Npxf5/nf5QFU="},"lastRemoteEphemeralKey":"BaMURio6EV6hpi6INE7/qZRBndQnZzqTB4Ygp8TqVKBY","previousCounter":0,"rootKey":"Y7O2OHWbb/MTM+ZH6f+lDpXwAwFgziULZlVwZ4FptqE="},"indexInfo":{"baseKey":"BU1DpB7+JgOlWqm/S5onv3E2qyxiL+rMKIBNcf4rSh96","baseKeyType":1,"closed":-1,"used":1676784470031,"created":1676784470031,"remoteIdentityKey":"BQgvilTMn2HubFZqfaxiWO+EMT/kmu1o1Sj9vaAe/G9g"},"_chains":{"BRwpv5IjIiV1LPvLNgCndv03VZRTJJ5QfyZpwVxTnugv":{"chainKey":{"counter":0,"key":"J7vmXPvFiDm5e8pbX4CSxYuCaDThKKHnJgatPRinC50="},"chainType":1,"messageKeys":{}}},"pendingPreKey":{"signedKeyId":6,"baseKey":"BU1DpB7+JgOlWqm/S5onv3E2qyxiL+rMKIBNcf4rSh96","preKeyId":12199571}}},"version":"v1"}