{"_sessions":{"BabWcMczvw1n7Zk/4EbydG3LkNGJYoOGWmR6BAxwdOBM":{"registrationId":1361487545,"currentRatchet":{"ephemeralKeyPair":{"pubKey":"BRyOddMsK4Ui9f4q6U3qIWizuRg0jkwpEXLdO5/dlYUp","privKey":"mKyiozcgn/g4M9fpAcMLfaJzTF6f3UDMB3iFLTs7F14="},"lastRemoteEphemeralKey":"BUcTnb79ccI5Eq16wQ5Zbnmj+8Er+MP3nNTzDiHMUwM+","previousCounter":0,"rootKey":"HD4d7osQfemQ0TtIiH/8O3sfK/fK5a4e40YcataKCto="},"indexInfo":{"baseKey":"BabWcMczvw1n7Zk/4EbydG3LkNGJYoOGWmR6BAxwdOBM","baseKeyType":2,"closed":-1,"used":1676786090306,"created":1676786090306,"remoteIdentityKey":"BSQak8Vp/43PTk7wQfIUMrWNq9bkRYzo/in5uBExWrsx"},"_chains":{"BUcTnb79ccI5Eq16wQ5Zbnmj+8Er+MP3nNTzDiHMUwM+":{"chainKey":{"counter":1,"key":"PLBwYUBp8l9hFAJqdUYcq6c+M9PyqOt/zarp3puBFYk="},"chainType":2,"messageKeys":{}},"BRyOddMsK4Ui9f4q6U3qIWizuRg0jkwpEXLdO5/dlYUp":{"chainKey":{"counter":-1,"key":"i0eyAlZzFAhK0NPbgsSXvyGy8+Zm+2LF41QdFD9jMUM="},"chainType":1,"messageKeys":{}}}}},"version":"v1"}