{"_sessions":{"BTi4RrY7EWts++hxwSbh/n4VjaQNPGRegrQngqyEo50f":{"registrationId":108,"currentRatchet":{"ephemeralKeyPair":{"pubKey":"BY/Xwh9ugxleK011qIRHFYaxkH/zZdhFmGakYhlmUsc3","privKey":"CL1XSKTjoVr4uN7m9ee9THfZIYrCEu6DKnUL9yBOHHY="},"lastRemoteEphemeralKey":"BTwi6SynVFIF4SZeL8qtadDdQvQWIMfdV/kk2d0jtXoj","previousCounter":0,"rootKey":"1sXzKO7zfo+fa37J0GKncylseUaSXS0kexDuO9fRfpw="},"indexInfo":{"baseKey":"BTi4RrY7EWts++hxwSbh/n4VjaQNPGRegrQngqyEo50f","baseKeyType":1,"closed":-1,"used":1676784468404,"created":1676784468404,"remoteIdentityKey":"BT2NY2Fxi4XCyc0ABx0/auQw++PcU3LfnKLlmPniKesm"},"_chains":{"BY/Xwh9ugxleK011qIRHFYaxkH/zZdhFmGakYhlmUsc3":{"chainKey":{"counter":0,"key":"jwG1Zir5G+xjYBT8nDnTD3P1Xeu0RZMeFYmUW5R4Nkk="},"chainType":1,"messageKeys":{}}},"pendingPreKey":{"signedKeyId":1,"baseKey":"BTi4RrY7EWts++hxwSbh/n4VjaQNPGRegrQngqyEo50f"}}},"version":"v1"}