{"_sessions":{"Bfdb6VSR4ObK5Oi0lyKpgry5vsA6phcgiQswndJBq4N1":{"registrationId":1251444580,"currentRatchet":{"ephemeralKeyPair":{"pubKey":"BVnzJjmetQB12s5pN8QQoSQEFHkhoYRFioVplWFheHdV","privKey":"SInxQLxO/iL25DM4uwiqF5AnSBBZ6n0jGSpzxMk7tFM="},"lastRemoteEphemeralKey":"BaaTvqGWayfZ7FGBnc9dFRX1UTAiZljVjrudt32IiqZo","previousCounter":0,"rootKey":"4RPTnEmIC42+jUhmFCfeDbo/f3DpQLAnUtJUNhHfLTw="},"indexInfo":{"baseKey":"Bfdb6VSR4ObK5Oi0lyKpgry5vsA6phcgiQswndJBq4N1","baseKeyType":1,"closed":-1,"used":1676784469925,"created":1676784469925,"remoteIdentityKey":"BcVnBnoZgg6AWt/kuZon41rufcZ4oWEeoz3kl+2wfLwp"},"_chains":{"BVnzJjmetQB12s5pN8QQoSQEFHkhoYRFioVplWFheHdV":{"chainKey":{"counter":0,"key":"+kk7EilcC30O7jn/Gl8ckNT9b0+5Ki862KL0cQNYaeg="},"chainType":1,"messageKeys":{}}},"pendingPreKey":{"signedKeyId":0,"baseKey":"Bfdb6VSR4ObK5Oi0lyKpgry5vsA6phcgiQswndJBq4N1","preKeyId":2038392}}},"version":"v1"}