{"_sessions":{"BQOEi/TePYzK0fKj5Qc/PQgU1mtt2oZHEVv6PzEKuSNp":{"registrationId":156581967,"currentRatchet":{"ephemeralKeyPair":{"pubKey":"BUqwmiyyy1uRXIPWvjhgTY/7PT44yFy4mBltoZLEBExO","privKey":"GNwmLNDCfYhGRHZLb4Qmee4qo8YQv8dEc7k2aOL0fWI="},"lastRemoteEphemeralKey":"BdK7t2AkRSBz6L5BK6DaAl6V2ADsIfHk0QvzAMUOkV09","previousCounter":0,"rootKey":"LnU0rJacs8BO7VnYzRHJH6jpORbLzempnBHNVjnBiNQ="},"indexInfo":{"baseKey":"BQOEi/TePYzK0fKj5Qc/PQgU1mtt2oZHEVv6PzEKuSNp","baseKeyType":1,"closed":-1,"used":1676784470351,"created":1676784470351,"remoteIdentityKey":"BULO6NrqKSnxhb4gf1fi01n/fBSr7yTRwdvDwPYcLV8T"},"_chains":{"BUqwmiyyy1uRXIPWvjhgTY/7PT44yFy4mBltoZLEBExO":{"chainKey":{"counter":0,"key":"IroOvf4r2nrJoK2Fo6BpRsWIq5182qtpDJC3WwEOfxA="},"chainType":1,"messageKeys":{}}},"pendingPreKey":{"signedKeyId":0,"baseKey":"BQOEi/TePYzK0fKj5Qc/PQgU1mtt2oZHEVv6PzEKuSNp","preKeyId":13851577}}},"version":"v1"}