{"_sessions":{"BVUeiGoF+Cow/gSwtoMtS626tDOzHn9susExDriB/lZk":{"registrationId":1884097735,"currentRatchet":{"ephemeralKeyPair":{"pubKey":"BbjobiyFCrOrTpka4cNPiTFL9utclaU/VJHN7qgyKpgV","privKey":"YMNTPNVaJdeWtyLJDA0eo2D53HnH1F+iSwykcBEjA3M="},"lastRemoteEphemeralKey":"Bd9a97YoZyniX61haDcKpVpve+45RXzZchB0R0ft0qpg","previousCounter":0,"rootKey":"8LDxzgvnX3SjDiIQGbimaknP1y9oPNX7OHaPLQ6OIh8="},"indexInfo":{"baseKey":"BVUeiGoF+Cow/gSwtoMtS626tDOzHn9susExDriB/lZk","baseKeyType":1,"closed":-1,"used":1676784470070,"created":1676784470070,"remoteIdentityKey":"BXc5TvG51rv7W2Uxk/RWfabMUe+tv7jsehLHmAXebuUR"},"_chains":{"BbjobiyFCrOrTpka4cNPiTFL9utclaU/VJHN7qgyKpgV":{"chainKey":{"counter":0,"key":"FVIMEmmKxFQdM0lFCDLNEZzEkWGQ/CeCOrYdqlvSsZ4="},"chainType":1,"messageKeys":{}}},"pendingPreKey":{"signedKeyId":3,"baseKey":"BVUeiGoF+Cow/gSwtoMtS626tDOzHn9susExDriB/lZk"}}},"version":"v1"}