{"_sessions":{"BdMu+iOjEf6PHFRrihAj05YGoBSiu/nn52W+c3zVvkY1":{"registrationId":2700,"currentRatchet":{"ephemeralKeyPair":{"pubKey":"BcDZfrHgJCDX+2md87kdp6dlI7y6rw8UHr+h6G7fb+Mh","privKey":"IHtVv1Mt0C8irA8kv9PXUWWD8anpsrzlrp6mvmjnKEM="},"lastRemoteEphemeralKey":"BbY5vgtaPDiUnKJOFpP6qnu1lcNlRoCaavxMOLgMOHlu","previousCounter":0,"rootKey":"Bz9UEHi5yFuwEVxBtWryryDdYxQlj4NOe5ypaYbeGp0="},"indexInfo":{"baseKey":"BdMu+iOjEf6PHFRrihAj05YGoBSiu/nn52W+c3zVvkY1","baseKeyType":1,"closed":-1,"used":1676784467916,"created":1676784467916,"remoteIdentityKey":"BXKRqty/o2pr2+7WoZGW//W0WMDA0GhpPzUVdZ0bQ3xd"},"_chains":{"BcDZfrHgJCDX+2md87kdp6dlI7y6rw8UHr+h6G7fb+Mh":{"chainKey":{"counter":0,"key":"g6bWdnABlR8O3GCu2AnEGx/WM17Kagha5xUUycbN9To="},"chainType":1,"messageKeys":{}}},"pendingPreKey":{"signedKeyId":1,"baseKey":"BdMu+iOjEf6PHFRrihAj05YGoBSiu/nn52W+c3zVvkY1"}}},"version":"v1"}