{"_sessions":{"BTtVk55vViRtNYmsl5+oxLJmsZSBh94BE+3yugaNTdF+":{"registrationId":1323421296,"currentRatchet":{"ephemeralKeyPair":{"pubKey":"BSdf7fwvvYlxE41+jyM7dgAm9mDQ//t7kdl++GfBCb5q","privKey":"eCOF8Hrjt1UkpA5W+hKsrLLM/G7vbif2wt6p/7uJjH4="},"lastRemoteEphemeralKey":"BeV1WZi18FAj2CCt0A0uIHBS38C0E3+xK5mVxKs4SEED","previousCounter":0,"rootKey":"pqjdegCZtlHlHLhiyKEMFyUckyZlk9cCU+75QtcWsro="},"indexInfo":{"baseKey":"BTtVk55vViRtNYmsl5+oxLJmsZSBh94BE+3yugaNTdF+","baseKeyType":1,"closed":-1,"used":1676784469355,"created":1676784469355,"remoteIdentityKey":"Bcg3lI6p41lsG80Rb1NDsh1dWEbSuWWO4nuSs9u69Whx"},"_chains":{"BSdf7fwvvYlxE41+jyM7dgAm9mDQ//t7kdl++GfBCb5q":{"chainKey":{"counter":0,"key":"obdad7bCBNb2CJcaSd6WXjcF/uv3Vhl7eR1S9bl/NZs="},"chainType":1,"messageKeys":{}}},"pendingPreKey":{"signedKeyId":0,"baseKey":"BTtVk55vViRtNYmsl5+oxLJmsZSBh94BE+3yugaNTdF+","preKeyId":8913589}}},"version":"v1"}