{"_sessions":{"BQuSd0gHQF7yZ4fHFnmsWP7R7GqadkMewpI+W50I6XVe":{"registrationId":1632115336,"currentRatchet":{"ephemeralKeyPair":{"pubKey":"BeKj9Hy5NKoy8dkBAv/zXSqzaxg5/6CI7JSMt6LLKt0T","privKey":"ODpJB+ngLwKeF+o9xkCgZQaOgDd0PdxIf3suE9URjUg="},"lastRemoteEphemeralKey":"BU8rKIaDLY21nKL4BfQ8C+4bUF2XN+IuZ1N44J3kuZkn","previousCounter":0,"rootKey":"YXbczz2CpoZ3j/7BpHehkCeAyttsi/Lb58HUiC80LdM="},"indexInfo":{"baseKey":"BQuSd0gHQF7yZ4fHFnmsWP7R7GqadkMewpI+W50I6XVe","baseKeyType":1,"closed":-1,"used":1676784468563,"created":1676784468563,"remoteIdentityKey":"BVQdGq51fLO2PhLtDZAk38ySkI8pgQqkFpVI8ieDzYEx"},"_chains":{"BeKj9Hy5NKoy8dkBAv/zXSqzaxg5/6CI7JSMt6LLKt0T":{"chainKey":{"counter":0,"key":"GSsOzfmBM7ShRMxwxyvXpJ4SpbwwE2kZsD3beC2bEf4="},"chainType":1,"messageKeys":{}}},"pendingPreKey":{"signedKeyId":2,"baseKey":"BQuSd0gHQF7yZ4fHFnmsWP7R7GqadkMewpI+W50I6XVe","preKeyId":10561521}}},"version":"v1"}