{"_sessions":{"BfEpPJEOSttcWMa2h+nQTjyIAjBO79FHR3pMyL7IR4kq":{"registrationId":917771271,"currentRatchet":{"ephemeralKeyPair":{"pubKey":"BU441boupsHN0U/wMTbHKSXnqXxCkmOctfnsi4ZZgjh2","privKey":"UNWN3HgKbLsMNj7fgWZZmWn8mDfxd4u2clUYB55q0X0="},"lastRemoteEphemeralKey":"BZux5xbkCqYX5xWW5gytdW5ZLrieI+0I4JuuQe0w4JI/","previousCounter":0,"rootKey":"BwetZ97G8MWdKAMKLdDuB4Xu/zhF98DRjncT7Ue7IHA="},"indexInfo":{"baseKey":"BfEpPJEOSttcWMa2h+nQTjyIAjBO79FHR3pMyL7IR4kq","baseKeyType":1,"closed":-1,"used":1676784468905,"created":1676784468905,"remoteIdentityKey":"BePS2ZTOhOVFN7h+vxao4UlJ7OtJ7dutOLYpl1aGqLNq"},"_chains":{"BU441boupsHN0U/wMTbHKSXnqXxCkmOctfnsi4ZZgjh2":{"chainKey":{"counter":0,"key":"EFSDGSOOkDKDw+Jei71RxajQ161YI0p4BnSEHoPXPCU="},"chainType":1,"messageKeys":{}}},"pendingPreKey":{"signedKeyId":1,"baseKey":"BfEpPJEOSttcWMa2h+nQTjyIAjBO79FHR3pMyL7IR4kq","preKeyId":1133835}}},"version":"v1"}