{"_sessions":{"BYJUcYPX/CXohRgumrY7NYzsLUUlI97q2MqwSdIlvtRR":{"registrationId":2061324506,"currentRatchet":{"ephemeralKeyPair":{"pubKey":"BWbAI7V7Qxyy+3kFUEGgUsfYs9YzMtyiibfdBI9Bg78B","privKey":"mMGmLxeJLvAyu7UJGgP8jhP0k6bxnGAovWcLPoqMtVg="},"lastRemoteEphemeralKey":"BROo4zxEoUqTA55GFDntkSgYGa468xFgzMNuL8Ha2ktO","previousCounter":0,"rootKey":"DjvrbSx8KANLxWX/T58hIOd+4mWTXKoishDf1WjEjiE="},"indexInfo":{"baseKey":"BYJUcYPX/CXohRgumrY7NYzsLUUlI97q2MqwSdIlvtRR","baseKeyType":1,"closed":-1,"used":1676784470491,"created":1676784470491,"remoteIdentityKey":"BZDeY3Npl5G4sv8mdqJN1ckDB6kAhdCxduI00NUlA3ZZ"},"_chains":{"BWbAI7V7Qxyy+3kFUEGgUsfYs9YzMtyiibfdBI9Bg78B":{"chainKey":{"counter":0,"key":"Z4JL5kPWJPIYwuzWzKb1E8/6aca1sixkt4RkxPMKzVQ="},"chainType":1,"messageKeys":{}}},"pendingPreKey":{"signedKeyId":2,"baseKey":"BYJUcYPX/CXohRgumrY7NYzsLUUlI97q2MqwSdIlvtRR","preKeyId":174800}}},"version":"v1"}