{"_sessions":{"Bc9epO7b3L5d+s8ADsvm6/Rj6tYXUk/jDDL4aUV0Wf9Z":{"registrationId":1502636351,"currentRatchet":{"ephemeralKeyPair":{"pubKey":"BdNzjklAOu+8Fxe+55Vc3Pb1/1HRFeU6NZioqV90aJgf","privKey":"6IVywB95/azKugYAOPnslLcBLGsEoM7af3xVKkJALF8="},"lastRemoteEphemeralKey":"Bd08rXFwwpe9WxU9sifEUdmqkNmS1iFXcxfPt3MyXihh","previousCounter":0,"rootKey":"oLNj73tARp1SpMYQMF7BNjqim+PDzIEGwASlDvq62lw="},"indexInfo":{"baseKey":"Bc9epO7b3L5d+s8ADsvm6/Rj6tYXUk/jDDL4aUV0Wf9Z","baseKeyType":1,"closed":-1,"used":1676784469282,"created":1676784469282,"remoteIdentityKey":"Bd9k//IOk5Hduq99lVji17Rr9YvjQRWjYw/US0NzXLFg"},"_chains":{"BdNzjklAOu+8Fxe+55Vc3Pb1/1HRFeU6NZioqV90aJgf":{"chainKey":{"counter":0,"key":"+VamBhhiZMH22coWJNzgFd5NqimdywZoQIQtYxHWvmE="},"chainType":1,"messageKeys":{}}},"pendingPreKey":{"signedKeyId":4,"baseKey":"Bc9epO7b3L5d+s8ADsvm6/Rj6tYXUk/jDDL4aUV0Wf9Z","preKeyId":13671147}}},"version":"v1"}