{"_sessions":{"BRBktLDVHSnwXHpijnAPrMeYYe61Giz7rwdNxPpVYz99":{"registrationId":761067685,"currentRatchet":{"ephemeralKeyPair":{"pubKey":"BQiwXt0mbl7dc2PzOW3BUdnXeA21iJbmC1uTE+Bvnadz","privKey":"iEdHR3l7E7NF2G1sJ6HDYEl+X6AE//GQaZLHaT5bt24="},"lastRemoteEphemeralKey":"BWRfoLQJ5kJxhHBmhbILW1BQQqNKIUiaxIFG3QCgDkVL","previousCounter":0,"rootKey":"ZNsn5I8g/TdpzT88Xaa2qruw/Qv+ystSLgJClp2mTbk="},"indexInfo":{"baseKey":"BRBktLDVHSnwXHpijnAPrMeYYe61Giz7rwdNxPpVYz99","baseKeyType":1,"closed":-1,"used":1676784469235,"created":1676784469235,"remoteIdentityKey":"BaXE9SLrsT206p4RAS9swSOlfHkb3BB3P2dxBA194OhN"},"_chains":{"BQiwXt0mbl7dc2PzOW3BUdnXeA21iJbmC1uTE+Bvnadz":{"chainKey":{"counter":0,"key":"E4kJW525BpMs1Tch+kiDGR3V0sMn7fJX4Kfz1CjsGDE="},"chainType":1,"messageKeys":{}}},"pendingPreKey":{"signedKeyId":1,"baseKey":"BRBktLDVHSnwXHpijnAPrMeYYe61Giz7rwdNxPpVYz99","preKeyId":3145407}}},"version":"v1"}