{"_sessions":{"BcN6gYmcwc2ducsDFGYPvpr10jSuL9VwK4A5ew5M2l1g":{"registrationId":10243,"currentRatchet":{"ephemeralKeyPair":{"pubKey":"BcbuhHgimKF9ZHzXlwL50Cft489ScjwfC5XDqjixhToy","privKey":"aGSfJZriuim1OfBUe0VMETNwnM2yol3Bplxxz2cMWmI="},"lastRemoteEphemeralKey":"BY2jfP6u/ug3udSjjyEW1K80t6UNkptLrEkolQc1IXVg","previousCounter":0,"rootKey":"SrmoWC0CE34vQ86qj0oNtbtaM9Pj6qxXXIgTKOGoj4k="},"indexInfo":{"baseKey":"BcN6gYmcwc2ducsDFGYPvpr10jSuL9VwK4A5ew5M2l1g","baseKeyType":1,"closed":-1,"used":1676784468331,"created":1676784468331,"remoteIdentityKey":"BVCC9cbVG9OxRdULFN2lNSHv7QivRakY5FXm8966yQFD"},"_chains":{"BcbuhHgimKF9ZHzXlwL50Cft489ScjwfC5XDqjixhToy":{"chainKey":{"counter":0,"key":"osQPenZDaMQ6YbGhjKkPCB8vM9drinRd6wjargNhv6k="},"chainType":1,"messageKeys":{}}},"pendingPreKey":{"signedKeyId":1,"baseKey":"BcN6gYmcwc2ducsDFGYPvpr10jSuL9VwK4A5ew5M2l1g"}}},"version":"v1"}