{"_sessions":{"BR6WSHsnZxtLM2LM5rzWqc4ZyrfbZfgYO6xhENDXdtlj":{"registrationId":821007440,"currentRatchet":{"ephemeralKeyPair":{"pubKey":"BY//wnhU9iHem/6RkvlkL/w4EIKVc7GwcZaNYxUZgPgZ","privKey":"CHrRqGbxBBUTF1hyPvZ/kKlwGP1SS68s7Tf4KzF632E="},"lastRemoteEphemeralKey":"BV/csWRWjGKn3mW82l+tSg5FpkyXboe1MR4S/Nihy1xc","previousCounter":0,"rootKey":"vbnWRwRWgsa2eOAknPcJfOYhwCChtzv6WL1ATviR6mE="},"indexInfo":{"baseKey":"BR6WSHsnZxtLM2LM5rzWqc4ZyrfbZfgYO6xhENDXdtlj","baseKeyType":1,"closed":-1,"used":1676784469468,"created":1676784469468,"remoteIdentityKey":"BZxkOSgy+viTRAiL1oCwChsn3smp8RZ9nzz27Hs7GPdi"},"_chains":{"BY//wnhU9iHem/6RkvlkL/w4EIKVc7GwcZaNYxUZgPgZ":{"chainKey":{"counter":0,"key":"XcsZiwUKyFFcZ0Y4xrrEeNdUZScxJi1gR4TYyorFKaU="},"chainType":1,"messageKeys":{}}},"pendingPreKey":{"signedKeyId":11,"baseKey":"BR6WSHsnZxtLM2LM5rzWqc4ZyrfbZfgYO6xhENDXdtlj","preKeyId":16591125}}},"version":"v1"}