{"_sessions":{"BV5sxIUv/SI0r+d98idMPWJiCcK9l7QBagO6ViuEMsAZ":{"registrationId":775337705,"currentRatchet":{"ephemeralKeyPair":{"pubKey":"BasYloRtj+SKOsL7QBMr4VX/4lBa+cmLQj1BFu2OGdoc","privKey":"KKqfdbJ7C2vXqun0nUVrMXxRIL23sWG5ywz4wafrYlU="},"lastRemoteEphemeralKey":"BdWpSvHgXw3x8JwNLkhpEGQuBzy0vWsW47+Siiyob348","previousCounter":0,"rootKey":"mBBm7RlsYCgNn91WYpvZxhHb5l2sw3yV7VoEvVfdOjM="},"indexInfo":{"baseKey":"BV5sxIUv/SI0r+d98idMPWJiCcK9l7QBagO6ViuEMsAZ","baseKeyType":1,"closed":-1,"used":1676784469736,"created":1676784469736,"remoteIdentityKey":"BWUXM9LHRaaH3CMnjaQXmdmu6oAY2NFTIcqD9G1eWhF3"},"_chains":{"BasYloRtj+SKOsL7QBMr4VX/4lBa+cmLQj1BFu2OGdoc":{"chainKey":{"counter":0,"key":"aUHKNl8LfccthXWtrChNbKa1yJdYd920AKuRM6g+TVM="},"chainType":1,"messageKeys":{}}},"pendingPreKey":{"signedKeyId":0,"baseKey":"BV5sxIUv/SI0r+d98idMPWJiCcK9l7QBagO6ViuEMsAZ"}}},"version":"v1"}