{"_sessions":{"BSiII9nJax5LNumLdrpjulzsXBXIxHsJF5VvSFF0ZssN":{"registrationId":2001301585,"currentRatchet":{"ephemeralKeyPair":{"pubKey":"BfWJHwBZhgJkL6IxviO5IOEbF/zNiFfu2TKQuuXGKish","privKey":"iAy3ddPhP1G+KpLbeIFXNQFqFVz9QkfmgYfC/nLomFM="},"lastRemoteEphemeralKey":"BQJcqxzhqcu/yFByek8cdsHdMEwS+4ZK2RUyacBSY6lH","previousCounter":0,"rootKey":"cL4F9F6V3pdc2QY0zC2UXQGiU4up9tPngXKWYxpWIiA="},"indexInfo":{"baseKey":"BSiII9nJax5LNumLdrpjulzsXBXIxHsJF5VvSFF0ZssN","baseKeyType":1,"closed":-1,"used":1676784468722,"created":1676784468722,"remoteIdentityKey":"Bcer+rW0fys0T1eK262TDQRUQWq61o0eSfEARjSa2+wn"},"_chains":{"BfWJHwBZhgJkL6IxviO5IOEbF/zNiFfu2TKQuuXGKish":{"chainKey":{"counter":0,"key":"yLQHVF0D/y/s06hqst38hkJQpifvfTgWFH/vdo8cq5c="},"chainType":1,"messageKeys":{}}},"pendingPreKey":{"signedKeyId":3,"baseKey":"BSiII9nJax5LNumLdrpjulzsXBXIxHsJF5VvSFF0ZssN","preKeyId":6274797}}},"version":"v1"}