{"_sessions":{"BdVI+qQr8lhUDZiYzf5IblSib+y/1Z+lFQ0YSnwV3hF/":{"registrationId":40,"currentRatchet":{"ephemeralKeyPair":{"pubKey":"BfPfHJ4BtMyIfxxMDCMFhQYYyLp43aB5vTDrbHJCw55k","privKey":"cH9HQvAXIbN7fEwZO3Y1rouo1tqnuYAuFizqMHIITHc="},"lastRemoteEphemeralKey":"BRZQtKqB0gvR3Mpyci24moCIa03vWUOrS0NhwNIMCMxy","previousCounter":0,"rootKey":"PImOyd4P2SHpy53ZNGpt2voz6oEY227CHYfFTIx4qS4="},"indexInfo":{"baseKey":"BdVI+qQr8lhUDZiYzf5IblSib+y/1Z+lFQ0YSnwV3hF/","baseKeyType":1,"closed":-1,"used":1676784468070,"created":1676784468070,"remoteIdentityKey":"BT5cCmzu0/e3GWRNHt73u+0Zp+cU0nmsyCyblED2L0dd"},"_chains":{"BfPfHJ4BtMyIfxxMDCMFhQYYyLp43aB5vTDrbHJCw55k":{"chainKey":{"counter":0,"key":"+xjSpT3MZr/MZzOfznLj5xFaCdw8jh61+Mxvsu2oIFE="},"chainType":1,"messageKeys":{}}},"pendingPreKey":{"signedKeyId":1,"baseKey":"BdVI+qQr8lhUDZiYzf5IblSib+y/1Z+lFQ0YSnwV3hF/"}}},"version":"v1"}