{"_sessions":{"BTMsKkRKWGOQPlCp0HHW3Hxm77daIRTP31lfiYj2NRwS":{"registrationId":870277694,"currentRatchet":{"ephemeralKeyPair":{"pubKey":"BdCB3EVATJj0AOgEe9xHxvB51H4pZB7UnP9tFOY/g3EH","privKey":"yLgGi983oRKukoLpR6LVjZ1Av+OKXpGpTfjk98G6+Vg="},"lastRemoteEphemeralKey":"BUkr8mw2uQ7jJwSLxSQb4xWialilE3N9n4Fn/aK9J5MA","previousCounter":0,"rootKey":"2DZRiZaQ+/gjkba3W5qt1OnLbzte8hB7GGpG8C0rXwg="},"indexInfo":{"baseKey":"BTMsKkRKWGOQPlCp0HHW3Hxm77daIRTP31lfiYj2NRwS","baseKeyType":1,"closed":-1,"used":1676784469248,"created":1676784469248,"remoteIdentityKey":"BUay5ieeuS2+AOZxNmWH4wg+IbSkHRGPOM7gp5alNIwg"},"_chains":{"BdCB3EVATJj0AOgEe9xHxvB51H4pZB7UnP9tFOY/g3EH":{"chainKey":{"counter":0,"key":"/qymXJR3WpsgBUczgMgWQ4G+6L1bvN/VqMDLN8QWBY4="},"chainType":1,"messageKeys":{}}},"pendingPreKey":{"signedKeyId":0,"baseKey":"BTMsKkRKWGOQPlCp0HHW3Hxm77daIRTP31lfiYj2NRwS","preKeyId":2500925}}},"version":"v1"}