{"_sessions":{"BRe7qKvNWgP1WyrxkKF9fghSowcORfX5zUuu7V+qF+k4":{"registrationId":2043204244,"currentRatchet":{"ephemeralKeyPair":{"pubKey":"BTf1j7Yl5RfrYOdN76VKkf8j66g7BzZLKxc+LxXB0+km","privKey":"YAmVxIjoMbztCrxds1ObI6cb9vdLVaTJRGoKizly83k="},"lastRemoteEphemeralKey":"BSQ4dWcxB+r6u/9mNYQLkWstG4sJDiJ4uK5exCgKRHE1","previousCounter":0,"rootKey":"t8XQhMbaUXsWAllGXIqKNZvu1wsu25ntv6viKxvQRSY="},"indexInfo":{"baseKey":"BRe7qKvNWgP1WyrxkKF9fghSowcORfX5zUuu7V+qF+k4","baseKeyType":1,"closed":-1,"used":1676784469208,"created":1676784469208,"remoteIdentityKey":"BWYaS37RrAyPJsF0mEHklne6tRx3y1rUkMgaTJtZOz0c"},"_chains":{"BTf1j7Yl5RfrYOdN76VKkf8j66g7BzZLKxc+LxXB0+km":{"chainKey":{"counter":0,"key":"QCHiuwA2tVJSIwv7rlX/5Eq66xvNHYQKbTlLu6q1k7c="},"chainType":1,"messageKeys":{}}},"pendingPreKey":{"signedKeyId":7,"baseKey":"BRe7qKvNWgP1WyrxkKF9fghSowcORfX5zUuu7V+qF+k4","preKeyId":2750548}}},"version":"v1"}