{"_sessions":{"BVKC5OB7FM4DOhNN5jCS6byIfpzd/l8soCoioUxQbbcY":{"registrationId":1961622409,"currentRatchet":{"ephemeralKeyPair":{"pubKey":"BbsAxss2Vc0w+LI8Amk0MQV/zNsnuIz3oFBGkDjmW01O","privKey":"sLiSes9vJGIwcXpM6JBpAcWB+lzIKVS3la/6ioKzzVU="},"lastRemoteEphemeralKey":"BYxXcpyOebDZo5pHrjPjpkRrO1xpIraYx6lt+kMPLZce","previousCounter":0,"rootKey":"TNLBvyL8fe8lGR6O04/rinOD+R+LW3feJQfYa7g2qDI="},"indexInfo":{"baseKey":"BVKC5OB7FM4DOhNN5jCS6byIfpzd/l8soCoioUxQbbcY","baseKeyType":1,"closed":-1,"used":1676784469771,"created":1676784469771,"remoteIdentityKey":"BWHiK4HMU8uK8JRvg0BfelvHH5X9MJpsvqZ6cUDokTgf"},"_chains":{"BbsAxss2Vc0w+LI8Amk0MQV/zNsnuIz3oFBGkDjmW01O":{"chainKey":{"counter":0,"key":"FbERIN7IgXjY6H04t0BbrRzOFXDdMqJqfm+UdtrISGg="},"chainType":1,"messageKeys":{}}},"pendingPreKey":{"signedKeyId":1,"baseKey":"BVKC5OB7FM4DOhNN5jCS6byIfpzd/l8soCoioUxQbbcY","preKeyId":4295361}}},"version":"v1"}