{"_sessions":{"BSpeQFIVxDHGEHtaoCouLfj8pMdoA/XAv163RPYf+dk7":{"registrationId":1921917928,"currentRatchet":{"ephemeralKeyPair":{"pubKey":"Bb3D+v6ra3ezw0KHYBqKmjq8TkVmHg2+xG+QJYq9vapE","privKey":"GAmForfPWgLb9cSpZU1hDhOhXwlYDlNbnUz2YEDuDG4="},"lastRemoteEphemeralKey":"BS2LjmQPtxlIsuhjPJC5SltLFTThZCFSy7a1zJN86C5K","previousCounter":0,"rootKey":"1QA70q17H1C68Oi0oKgQyMhnrOKtAMLEoTK6s4RjhFo="},"indexInfo":{"baseKey":"BSpeQFIVxDHGEHtaoCouLfj8pMdoA/XAv163RPYf+dk7","baseKeyType":1,"closed":-1,"used":1676784469641,"created":1676784469641,"remoteIdentityKey":"BUdQhLXMxq0tGJs0CNe7BGyRER0gTi3FLB+jyABU9pJJ"},"_chains":{"Bb3D+v6ra3ezw0KHYBqKmjq8TkVmHg2+xG+QJYq9vapE":{"chainKey":{"counter":0,"key":"zoH9oveiDn5oENhlRkPM/+UBJ09uLpXQJZ6n5Ml4WxM="},"chainType":1,"messageKeys":{}}},"pendingPreKey":{"signedKeyId":1,"baseKey":"BSpeQFIVxDHGEHtaoCouLfj8pMdoA/XAv163RPYf+dk7"}}},"version":"v1"}