{"_sessions":{"BQKusIIf9DMfndW8tRLOPoEuU5rl9XjLYn7pi7eWst5L":{"registrationId":501109973,"currentRatchet":{"ephemeralKeyPair":{"pubKey":"BTK0shLQTiOoIzkEpaA93lzU8LbU9RdoHK2x/GkQskof","privKey":"yFgZeotWZacFbTbRq76/hsJ3DgG/5aVcJHA6M1aG5Es="},"lastRemoteEphemeralKey":"BXJZW2u7EUiJYuNVAaQvKn9vEauQLTOtt1LlcvXzi3Ft","previousCounter":0,"rootKey":"2TGfcc97BiCFvFtYMvWDlc8PjhuaJmAecMl+6ACXPhc="},"indexInfo":{"baseKey":"BQKusIIf9DMfndW8tRLOPoEuU5rl9XjLYn7pi7eWst5L","baseKeyType":1,"closed":-1,"used":1676784469122,"created":1676784469122,"remoteIdentityKey":"BWdpHDvM3wCmSn1c6c1M9rM/Xpsb7ctU7NWFdAmtCg4q"},"_chains":{"BTK0shLQTiOoIzkEpaA93lzU8LbU9RdoHK2x/GkQskof":{"chainKey":{"counter":0,"key":"8NP6zkChY7pKZ05LEdhFTmKVq3aciUoqD2kxJRJMhxI="},"chainType":1,"messageKeys":{}}},"pendingPreKey":{"signedKeyId":0,"baseKey":"BQKusIIf9DMfndW8tRLOPoEuU5rl9XjLYn7pi7eWst5L"}}},"version":"v1"}