{"_sessions":{"Bd+6XGq9lpBLiZElBJlxS+fydWJwYcMIps85K9k8PrQl":{"registrationId":253752434,"currentRatchet":{"ephemeralKeyPair":{"pubKey":"BR2SZ/WNlglq7ge1momlkkdXNAqKkxgqkXKW/f3TRRFF","privKey":"8GurK8rSkpM3FaF2ZyvCCIIXLN/PH16IuAfx9Bao6Ug="},"lastRemoteEphemeralKey":"BajiJlgdAPgmmzYpS2pRJ44nAuo/uHEpinKVpTrpbkYi","previousCounter":0,"rootKey":"A5oJRcE2ia5+iV70cDuhHMDmYL+Y8STGUe3BLkGcupE="},"indexInfo":{"baseKey":"Bd+6XGq9lpBLiZElBJlxS+fydWJwYcMIps85K9k8PrQl","baseKeyType":1,"closed":-1,"used":1676784469715,"created":1676784469715,"remoteIdentityKey":"BenMbPBUnutDY8ijLsi+Jqqu6QCnP9e8gXeDDglM5tZv"},"_chains":{"BR2SZ/WNlglq7ge1momlkkdXNAqKkxgqkXKW/f3TRRFF":{"chainKey":{"counter":0,"key":"AfR3bfLXqCi0OfW0xQvS5n60ISCDeJ4GP0/L3HfMeAs="},"chainType":1,"messageKeys":{}}},"pendingPreKey":{"signedKeyId":8,"baseKey":"Bd+6XGq9lpBLiZElBJlxS+fydWJwYcMIps85K9k8PrQl","preKeyId":4856124}}},"version":"v1"}