{"_sessions":{"BavdXdQaglAH5nQv+liLJUi2to/e19aRMoGx5ISAE/ko":{"registrationId":1966818728,"currentRatchet":{"ephemeralKeyPair":{"pubKey":"BQdgsac0LJ16S5bTBAGizu5GhwZEbGnBgdCLdeoloOoR","privKey":"IExamIFRYkpc6TqwcMCCSVzmSUTOVcNuvorrhb0FyGw="},"lastRemoteEphemeralKey":"BTCGrynifvu7Gj9xMoOxXxZMMXyIuKNGQM7LOSNaoLIu","previousCounter":0,"rootKey":"QOXujpwZwH3p4BeP2KHXLstnIpDD9xtxbnLvirHQa3A="},"indexInfo":{"baseKey":"BavdXdQaglAH5nQv+liLJUi2to/e19aRMoGx5ISAE/ko","baseKeyType":2,"closed":-1,"used":1676784400907,"created":1676784400907,"remoteIdentityKey":"BTHlreP4h/ku7KfSii3ctio+qUTABL9HSJ1yDHAMlokV"},"_chains":{"BTCGrynifvu7Gj9xMoOxXxZMMXyIuKNGQM7LOSNaoLIu":{"chainKey":{"counter":0,"key":"YU3b7LgljAKRCl9Dz853s2jxLXo+fKpz9T3BQzM3w9w="},"chainType":2,"messageKeys":{}},"BQdgsac0LJ16S5bTBAGizu5GhwZEbGnBgdCLdeoloOoR":{"chainKey":{"counter":0,"key":"yT7xM9l447Mm3v8egJBibwArk4378BILN6KQJenCWoo="},"chainType":1,"messageKeys":{}}}}},"version":"v1"}