{"_sessions":{"BfYw9KKwBwezZcfN6mmDZFQzfMihgO/jaiKcpeg0HIwo":{"registrationId":242,"currentRatchet":{"ephemeralKeyPair":{"pubKey":"BeFsKb4Gnq7Vi64lutvSIrNeaM8r1+rROhi8bbhXgrca","privKey":"0L4g+rqGFmu44l9IMRqwEzK0vGXSnJeClIKNbStF4FI="},"lastRemoteEphemeralKey":"BScRVetJOFNVWvF/191dgvisC7I+/Wy9hoB5nzzG6RVu","previousCounter":0,"rootKey":"+hmfB+/GtQB7GI0iVLe06Cbl3JQmJTfnw4fNI4iiwn0="},"indexInfo":{"baseKey":"BfYw9KKwBwezZcfN6mmDZFQzfMihgO/jaiKcpeg0HIwo","baseKeyType":1,"closed":-1,"used":1676784468327,"created":1676784468327,"remoteIdentityKey":"Bew7K7jbnYlEbG18ZhANHptDQ0q2NkvWkb9w7dg3cvg6"},"_chains":{"BeFsKb4Gnq7Vi64lutvSIrNeaM8r1+rROhi8bbhXgrca":{"chainKey":{"counter":0,"key":"Q2DKnqVSutVYQxoWmpnhpFRWRgJ0tnlQodoAWo9EVp0="},"chainType":1,"messageKeys":{}}},"pendingPreKey":{"signedKeyId":1,"baseKey":"BfYw9KKwBwezZcfN6mmDZFQzfMihgO/jaiKcpeg0HIwo"}}},"version":"v1"}