{"_sessions":{"Bczc0IvzWRQByuqQMKHxP7QlWMq9Emy8XzWlnka34mdE":{"registrationId":53,"currentRatchet":{"ephemeralKeyPair":{"pubKey":"BeRRPm3JgTNQXZUmiA0wl93u7bJjtvBxce1Y7WdmrY07","privKey":"GH1usEQSQtoPF/IjD+Hc14QyEDpWEeZT2FWoBTl5SnU="},"lastRemoteEphemeralKey":"BZVdR3hF+drHQalH1zrSGqQ/t+rJqICQBSSVGliSX0cw","previousCounter":0,"rootKey":"lzuxDO3KryjmgYojA3ixRUR6Oa+fvao6bX12Sm1rHJU="},"indexInfo":{"baseKey":"Bczc0IvzWRQByuqQMKHxP7QlWMq9Emy8XzWlnka34mdE","baseKeyType":1,"closed":-1,"used":1676784468012,"created":1676784468012,"remoteIdentityKey":"BWl35sC3612QTjBz4qImwFioplN6FoF/3P4iJnPCuiAt"},"_chains":{"BeRRPm3JgTNQXZUmiA0wl93u7bJjtvBxce1Y7WdmrY07":{"chainKey":{"counter":0,"key":"U4JeDZYIPyr4E8kHZniqiFxexWUk4w34HaTwr9ttazA="},"chainType":1,"messageKeys":{}}},"pendingPreKey":{"signedKeyId":1,"baseKey":"Bczc0IvzWRQByuqQMKHxP7QlWMq9Emy8XzWlnka34mdE"}}},"version":"v1"}