{"_sessions":{"Bb02urPHvcyUJ1jfcY2hsI5peKScKtYOFoWNOu6jZdAD":{"registrationId":51,"currentRatchet":{"ephemeralKeyPair":{"pubKey":"BUtIHk3DPnRDkWrZ0YcpSz1zCNiHQmGNCuXjNzi2i3sZ","privKey":"UC6zeSjFmyBGMVhM3PGlpfRVsHfEnjpkc3XX8aDYElY="},"lastRemoteEphemeralKey":"BRWWfZh5+iKXW8W4b21IUwLcQKb5AJ3p2cHKsWSbHDkb","previousCounter":0,"rootKey":"p5jofAaQ/HYnwZkU89sKEP49ctS/u61234RcHsBFLPQ="},"indexInfo":{"baseKey":"Bb02urPHvcyUJ1jfcY2hsI5peKScKtYOFoWNOu6jZdAD","baseKeyType":1,"closed":-1,"used":1676784468145,"created":1676784468145,"remoteIdentityKey":"BYMh9e73+FAEpYjS96+SbRe0xJft0UzxjYx0Md4IvrRE"},"_chains":{"BUtIHk3DPnRDkWrZ0YcpSz1zCNiHQmGNCuXjNzi2i3sZ":{"chainKey":{"counter":0,"key":"yNC15WV7SS7+R2fRbmQBgvuq8au22AOIicbHqBeySr4="},"chainType":1,"messageKeys":{}}},"pendingPreKey":{"signedKeyId":1,"baseKey":"Bb02urPHvcyUJ1jfcY2hsI5peKScKtYOFoWNOu6jZdAD"}}},"version":"v1"}