{"_sessions":{"BVixrgxKus+BuSgSVTru1h/dZms1kSEiPh8sRyjFS3kr":{"registrationId":1129,"currentRatchet":{"ephemeralKeyPair":{"pubKey":"BUJlex/rG+UGAQlQfT49k6OgwgKBsurJ/g1QpGv4Muxe","privKey":"oIXZcZUTnPiTfHTKGkrJmjQGYmAkMaH45GDYX3ncEXQ="},"lastRemoteEphemeralKey":"BdLLUDkA8I2vuoDXjdkxNMwa3avBZrEJgfScYR4zIFRH","previousCounter":0,"rootKey":"UZ9ynaHSTn9bBM8bjiD1FWlUGJ6tPHUylEdBshKB4Ag="},"indexInfo":{"baseKey":"BVixrgxKus+BuSgSVTru1h/dZms1kSEiPh8sRyjFS3kr","baseKeyType":1,"closed":-1,"used":1676784468360,"created":1676784468360,"remoteIdentityKey":"BdCz/seM59R1DGiooZPa+SB6sGSaaW4KxEFPJ6owG6lW"},"_chains":{"BUJlex/rG+UGAQlQfT49k6OgwgKBsurJ/g1QpGv4Muxe":{"chainKey":{"counter":0,"key":"g4iGhtBl8HL3prZEZ5CHh8GaByp2jD1W78K2zZfgp68="},"chainType":1,"messageKeys":{}}},"pendingPreKey":{"signedKeyId":1,"baseKey":"BVixrgxKus+BuSgSVTru1h/dZms1kSEiPh8sRyjFS3kr","preKeyId":1458}}},"version":"v1"}