{"_sessions":{"Ba3QRGAU8amEu3eW3KsphypKtMjSV7EkSVIpqOXo6f1x":{"registrationId":2029122102,"currentRatchet":{"ephemeralKeyPair":{"pubKey":"BWl8nicReYR+CfmT1VYAw9NDiTE+BUKGADn+TON4cflU","privKey":"MBt0EfzORxK7l6FFQjVNczL49eajJbhId8e7ZH45QEg="},"lastRemoteEphemeralKey":"BV37LZoW/v6CClftDTZxBUDC++/BB9QF+5E1vAd+LMMw","previousCounter":0,"rootKey":"3Tj6BUiPaWB1J+X6gCoKeq8ImCCTEzTMFarnc9AgDYc="},"indexInfo":{"baseKey":"Ba3QRGAU8amEu3eW3KsphypKtMjSV7EkSVIpqOXo6f1x","baseKeyType":1,"closed":-1,"used":1676784468863,"created":1676784468863,"remoteIdentityKey":"BSPaCqFHoWRdgYxkX0MuVyV6MISb1jVNebG9NFVQl2Yi"},"_chains":{"BWl8nicReYR+CfmT1VYAw9NDiTE+BUKGADn+TON4cflU":{"chainKey":{"counter":0,"key":"aZIKyfMAsc8/peq3lh+IQk0o2AinUOsH/HBq+Kda4K0="},"chainType":1,"messageKeys":{}}},"pendingPreKey":{"signedKeyId":1,"baseKey":"Ba3QRGAU8amEu3eW3KsphypKtMjSV7EkSVIpqOXo6f1x","preKeyId":14763177}}},"version":"v1"}