{"_sessions":{"BYClmVDXgD72do4ionlR1jrqn08Un8kSEaAAGwYAOCh6":{"registrationId":743896441,"currentRatchet":{"ephemeralKeyPair":{"pubKey":"Bci8YSnl47Uv8BRCnn7TaKN4RIOFV/rQmU4IiyEcQn0j","privKey":"AK2slK74w8fNQQV2xHmnSt8kyruG6MFBQkm1R58CEXE="},"lastRemoteEphemeralKey":"BdM5i0q6z/OrVPAwQmzAQiHEP82KHPwkpmnxOGIHFxEJ","previousCounter":0,"rootKey":"PsFsD/PzOHM0CZrZvBxNgYuUdT7pgKwcIEo8CrZAbEo="},"indexInfo":{"baseKey":"BYClmVDXgD72do4ionlR1jrqn08Un8kSEaAAGwYAOCh6","baseKeyType":1,"closed":-1,"used":1676784470543,"created":1676784470543,"remoteIdentityKey":"BcJzfvTdkwj3/A7BY1Q8Qahxur0RaUv1UdOxBjSRWDpe"},"_chains":{"Bci8YSnl47Uv8BRCnn7TaKN4RIOFV/rQmU4IiyEcQn0j":{"chainKey":{"counter":0,"key":"Yx04G+oPR3kUwZZYbSZbLLP9lSM8aeHNOJSpIz4hbKM="},"chainType":1,"messageKeys":{}}},"pendingPreKey":{"signedKeyId":1,"baseKey":"BYClmVDXgD72do4ionlR1jrqn08Un8kSEaAAGwYAOCh6","preKeyId":5425199}}},"version":"v1"}