{"_sessions":{"BdVBYMxCl2bqhv5HKtVwQ7BDmV02aKDRhGdqy7IryM5o":{"registrationId":337303226,"currentRatchet":{"ephemeralKeyPair":{"pubKey":"Bav71vYodcParQaELVwEOhRPNn260OyC7ZXNnSYz71Un","privKey":"oGH2r+rexM4OnICFVMM6Fo0/d3qiK5WtabnE7vUFa3w="},"lastRemoteEphemeralKey":"BZ2uvCrI+wzMLxyHnkwVurubTUSGpvP6lRpqnm2oC3ZM","previousCounter":0,"rootKey":"tKC2HLBgoG5ucdN4OZ1NGftRe4X7pl6tTKvwhSEaafs="},"indexInfo":{"baseKey":"BdVBYMxCl2bqhv5HKtVwQ7BDmV02aKDRhGdqy7IryM5o","baseKeyType":1,"closed":-1,"used":1676784469554,"created":1676784469554,"remoteIdentityKey":"BX2gO+X6tmKYggV0oivuk+GzagWk6VqQSrlrcJXgOnIl"},"_chains":{"Bav71vYodcParQaELVwEOhRPNn260OyC7ZXNnSYz71Un":{"chainKey":{"counter":0,"key":"jD4Wg8fawIYMJ7XvP9fivfgOdM90XNBfTi89jN6r8I0="},"chainType":1,"messageKeys":{}}},"pendingPreKey":{"signedKeyId":2,"baseKey":"BdVBYMxCl2bqhv5HKtVwQ7BDmV02aKDRhGdqy7IryM5o","preKeyId":6846015}}},"version":"v1"}