{"_sessions":{"BXhQaxmd02YvFmHiInyzJgaa4vzmZ0efcFS8cg2CwQhN":{"registrationId":91,"currentRatchet":{"ephemeralKeyPair":{"pubKey":"BRLIuQoh29POyfTMNfcXC1HK4fcD6wD9wwa3B5bOhBsz","privKey":"OG6/JfJOt9pCdre4J/erVekqWNSq/B3YIneA9SK7Vlg="},"lastRemoteEphemeralKey":"BXJgVUPt49Ok2QvfRbw/Lqu4mKEDYVBG4eowdo2joQpG","previousCounter":4,"rootKey":"eVBc33FARN1SAA4xTqUX2IrLvM6nHtAcXtnUJHVtF1w="},"indexInfo":{"baseKey":"BXhQaxmd02YvFmHiInyzJgaa4vzmZ0efcFS8cg2CwQhN","baseKeyType":1,"closed":1676791246525,"used":1676791151032,"created":1676741018105,"remoteIdentityKey":"BQ2VhpI4rEmivLtgNeR8yHvXPoODgj6UxJ749ebGqbwe"},"_chains":{"BWVyrJkDeevGNxStOZPjhQBTABEsvEtXCLLGtp3gP25r":{"chainKey":{"counter":0},"chainType":2,"messageKeys":{}},"BcOZbDkjn/UOVLoe4AuFaPNz7MbpcQ3PiqXTbGLGfAk7":{"chainKey":{"counter":3},"chainType":2,"messageKeys":{}},"Bc59KCUjdLqBmhdMLCFXExE3IdAA1yVOXpXUg8q7dHcX":{"chainKey":{"counter":0},"chainType":2,"messageKeys":{}},"BXdOMP3LIGqgIPdXylZxuW3kGZoDF+Fdr8NXoBP5Us1K":{"chainKey":{"counter":4},"chainType":2,"messageKeys":{}},"BYT50qiGNeer1s9Rg1J7ewtQ3VPomgvy+AFrerZ4/YJM":{"chainKey":{"counter":0},"chainType":2,"messageKeys":{}},"BdBerKWK6GDJJSHkN+AmSyJgeLQcfT0Q/AY8UHqjzApe":{"chainKey":{"counter":2},"chainType":2,"messageKeys":{}},"BYnGDPS4cI/ZfuLveOx0Vas7LOW5A/13QP9FXyosfCRO":{"chainKey":{"counter":1},"chainType":2,"messageKeys":{}},"BUi+abou6YpjT7zWQjWRzNp17KyG+LD1wQnUNZSJohIK":{"chainKey":{"counter":0},"chainType":2,"messageKeys":{}},"BaisuNVmsPh9F7VvcegbL/gydtS6OxKjYUlwa/t06q9N":{"chainKey":{"counter":0},"chainType":2,"messageKeys":{}},"BWIF2LaDhHJjFMVuJXScsi/6dg/XxF2vG3O3Gsi/JZI4":{"chainKey":{"counter":15},"chainType":2,"messageKeys":{}},"BXzYe229r08NxM+HciNv+uA248I8dfpq7ufIKLatHqow":{"chainKey":{"counter":0},"chainType":2,"messageKeys":{}},"BYxhhm1TAe38mLpeQxIPkLx6ODr3gkQN31XmyIM2AnIX":{"chainKey":{"counter":0},"chainType":2,"messageKeys":{}},"BXJgVUPt49Ok2QvfRbw/Lqu4mKEDYVBG4eowdo2joQpG":{"chainKey":{"counter":0,"key":"UP3FLRAB8pEs5SiCMVDFjUOlHe90vH0/4MbclcIYm3w="},"chainType":2,"messageKeys":{}},"BRLIuQoh29POyfTMNfcXC1HK4fcD6wD9wwa3B5bOhBsz":{"chainKey":{"counter":-1,"key":"DLiiA/vaOGJ0xP4BkdeyUBF0QGqzBX5gxBq2P44ktyo="},"chainType":1,"messageKeys":{}}}},"BVYhq4KaCBty4sKd47wVOQdwq8Lozly4mGQFghpgGJQF":{"registrationId":91,"currentRatchet":{"ephemeralKeyPair":{"pubKey":"BWEVLSpdsnwFEa1593Yt4w4YP6c7u6YOMQ43DbxOvQYZ","privKey":"GFDqr9nHSy1VS/W80NJ6tpVeSxH1ez+z8sMEm4D2W2w="},"lastRemoteEphemeralKey":"BbO7hx/28IsSvElCJrOk3b3Y/BI4BrmPD8Wrsl1BI9g6","previousCounter":0,"rootKey":"fZiAa9apZs5jWHVtBo9/gPqwFXgDWFV8LC1TLa8jg8k="},"indexInfo":{"baseKey":"BVYhq4KaCBty4sKd47wVOQdwq8Lozly4mGQFghpgGJQF","baseKeyType":2,"closed":1676791295342,"used":1676791246529,"created":1676791246529,"remoteIdentityKey":"BQ2VhpI4rEmivLtgNeR8yHvXPoODgj6UxJ749ebGqbwe"},"_chains":{"BbO7hx/28IsSvElCJrOk3b3Y/BI4BrmPD8Wrsl1BI9g6":{"chainKey":{"counter":0,"key":"xhhPFZtcZSGmTDg57pr4QjjK69F1b4eSULnVMU0FGDA="},"chainType":2,"messageKeys":{}},"BWEVLSpdsnwFEa1593Yt4w4YP6c7u6YOMQ43DbxOvQYZ":{"chainKey":{"counter":-1,"key":"RJge2CqannCTFv+s6eoUJoh3jQAXgvcteDML+z6cDTk="},"chainType":1,"messageKeys":{}}}},"BQClp0Yxq5nPHYy1i3gxJywXR5rHiDkxD78wj0nCYUgJ":{"registrationId":91,"currentRatchet":{"ephemeralKeyPair":{"pubKey":"BdKIeBWwvC4mfJhwuNGa6rcd3LwevpHlwdP2DI0yuhR2","privKey":"YLvShyqY41pUNL9NJRoB+en0OqSVTeUiUa5TcRPHxFs="},"lastRemoteEphemeralKey":"BduiuaOR3bW0orjg/Qs5zHFxfcNCQIWcchS4xxW4YoJ+","previousCounter":0,"rootKey":"Hrw3DuRF5xztnTAfLya2S01yTjFYxKGbp8tyqFyNpyU="},"indexInfo":{"baseKey":"BQClp0Yxq5nPHYy1i3gxJywXR5rHiDkxD78wj0nCYUgJ","baseKeyType":2,"closed":1676791355940,"used":1676791295346,"created":1676791295346,"remoteIdentityKey":"BQ2VhpI4rEmivLtgNeR8yHvXPoODgj6UxJ749ebGqbwe"},"_chains":{"BduiuaOR3bW0orjg/Qs5zHFxfcNCQIWcchS4xxW4YoJ+":{"chainKey":{"counter":0,"key":"RAazKYMs31+yMXwGuIcD0+iVs8wsVSepPUEopmQKOU4="},"chainType":2,"messageKeys":{}},"BdKIeBWwvC4mfJhwuNGa6rcd3LwevpHlwdP2DI0yuhR2":{"chainKey":{"counter":-1,"key":"IW9wDgk4Y8b00cZo6tDaqujR5BInMKBMEqDFLyAdcL8="},"chainType":1,"messageKeys":{}}}},"BR00Jhw2vey3BvsV1+GwyPA6EHu9M8NJkyagRRHKjD8X":{"registrationId":91,"currentRatchet":{"ephemeralKeyPair":{"pubKey":"BdKcy/IO3/ugTFeuFotwutvClu9PcOqYD+vBxL15bYUQ","privKey":"OA8imwWtuomM8V/gadVBzK5/rUhHUsDABMV5u/8RAEQ="},"lastRemoteEphemeralKey":"BaOjC6uT+4nxZjA5jDsHhgSM5tWb7wx5QHQzhfnZuZwA","previousCounter":0,"rootKey":"+Y99jjI/vh5LkzTeOOFsfXn6HVRjryOeBezr+4dO+TA="},"indexInfo":{"baseKey":"BR00Jhw2vey3BvsV1+GwyPA6EHu9M8NJkyagRRHKjD8X","baseKeyType":2,"closed":1676791392560,"used":1676791355952,"created":1676791355952,"remoteIdentityKey":"BQ2VhpI4rEmivLtgNeR8yHvXPoODgj6UxJ749ebGqbwe"},"_chains":{"BaOjC6uT+4nxZjA5jDsHhgSM5tWb7wx5QHQzhfnZuZwA":{"chainKey":{"counter":1,"key":"X8SxeS7O4RLywUgG57zPOIoHwat8P8ryOUbDqRCLJPw="},"chainType":2,"messageKeys":{}},"BdKcy/IO3/ugTFeuFotwutvClu9PcOqYD+vBxL15bYUQ":{"chainKey":{"counter":-1,"key":"0k+NEAw5IBEiB4MF9maaLA5AivdMUcYo1/USJ8bXwkA="},"chainType":1,"messageKeys":{}}}},"BbpPwK5B9Co98ShisjTQgKFBtUq/zi+kPZyB3fH8XMZG":{"registrationId":91,"currentRatchet":{"ephemeralKeyPair":{"pubKey":"BSROHKLvF2wsdZiWXVky71hmvR9AhA/iV5Bw62uJ9Px2","privKey":"iAAewnd7A7ESZvuph4wFqB+LieqKZlGGZek1y7JxsEQ="},"lastRemoteEphemeralKey":"Beqn7n6otEl9s4e/ALiPSSAxkfUrQUUQwpmOB7J4DS4L","previousCounter":1,"rootKey":"qI4lua2YzUlIoEaagrD2qq/VpM+00DFBGdo8M1EpV5Y="},"indexInfo":{"baseKey":"BbpPwK5B9Co98ShisjTQgKFBtUq/zi+kPZyB3fH8XMZG","baseKeyType":2,"closed":-1,"used":1676799310324,"created":1676791392564,"remoteIdentityKey":"BQ2VhpI4rEmivLtgNeR8yHvXPoODgj6UxJ749ebGqbwe"},"_chains":{"BboAgSdSO9JYalJILfIjJ4VKJjSD241Q9ADibZswJt9U":{"chainKey":{"counter":1},"chainType":2,"messageKeys":{}},"BWGhoao/Foe5sh+KjPgUa3bzbDqn7vo1BeytcdfO3NhV":{"chainKey":{"counter":1},"chainType":2,"messageKeys":{}},"Beqn7n6otEl9s4e/ALiPSSAxkfUrQUUQwpmOB7J4DS4L":{"chainKey":{"counter":0,"key":"v/ntzHOYqJuzFUeXfECrbrcu65PJm34TpeXMnqHvI/w="},"chainType":2,"messageKeys":{}},"BSROHKLvF2wsdZiWXVky71hmvR9AhA/iV5Bw62uJ9Px2":{"chainKey":{"counter":0,"key":"QTMjghK7cjf0MsiHtWYdXbc2oaDUZsGgu6NvhCbgU9A="},"chainType":1,"messageKeys":{}}}}},"version":"v1"}