{"_sessions":{"BYZH47CZ4W3v0dhA3CZ3ryEpHd+9FhmT0A8Y7vG8Vjh7":{"registrationId":1247246869,"currentRatchet":{"ephemeralKeyPair":{"pubKey":"BX2G+2A1ooyPOYhQFcG2Vx6U7Y2S9bu1KV1606fUwadZ","privKey":"aGNS7ihtxmyRpLoz06EXeqFPEm6QwRMdbAY/2yyqy24="},"lastRemoteEphemeralKey":"BSWXaXXfZ+NHq/S7yLUvvNx7ZJMIoP1sEcuMe5Fko9ED","previousCounter":0,"rootKey":"+9JdsEMwiwpj7DkRSNuQ4Ao0O4aJpt9HqXf5qyFadnE="},"indexInfo":{"baseKey":"BYZH47CZ4W3v0dhA3CZ3ryEpHd+9FhmT0A8Y7vG8Vjh7","baseKeyType":1,"closed":-1,"used":1676784469474,"created":1676784469474,"remoteIdentityKey":"BU1r9C5bi2pItc5g82bE0+MZenqUHVfjugVHJeABr8Z5"},"_chains":{"BX2G+2A1ooyPOYhQFcG2Vx6U7Y2S9bu1KV1606fUwadZ":{"chainKey":{"counter":0,"key":"G9ToGTikxsM0M1nKN/CfiSyU17yY90TLv+kNxOIXQbM="},"chainType":1,"messageKeys":{}}},"pendingPreKey":{"signedKeyId":6,"baseKey":"BYZH47CZ4W3v0dhA3CZ3ryEpHd+9FhmT0A8Y7vG8Vjh7","preKeyId":2303514}}},"version":"v1"}