{"_sessions":{"BVahbG0CcQZHY8FiEO9DStvLhwzAbkAQYjnhUFMAVdcT":{"registrationId":1083301968,"currentRatchet":{"ephemeralKeyPair":{"pubKey":"BURz4LJrlFolXkukbcR9VQ/vnW5Db4bri33kQDoqCtRE","privKey":"6NKgBCDZjAeOtJSYR9THSEniM9nyMGSvJ8+R77RF+nY="},"lastRemoteEphemeralKey":"BbV7GS0z25QXocGSAPUvtlvg5F0kMaBkk7lQZQuoWg8c","previousCounter":0,"rootKey":"Yg6Ss82D4HEanHK2oNfE3k9GPY0NtICZcLpf8/FDltw="},"indexInfo":{"baseKey":"BVahbG0CcQZHY8FiEO9DStvLhwzAbkAQYjnhUFMAVdcT","baseKeyType":1,"closed":-1,"used":1676784469048,"created":1676784469048,"remoteIdentityKey":"BcVvNOmNrRnH+al8Rv+xWMdcTlq44B4Q9SMPKz/ETxtO"},"_chains":{"BURz4LJrlFolXkukbcR9VQ/vnW5Db4bri33kQDoqCtRE":{"chainKey":{"counter":0,"key":"C473DUNbr75GjZGx1hWzSQf7DIFJLsHSsXgoTKHfCK4="},"chainType":1,"messageKeys":{}}},"pendingPreKey":{"signedKeyId":7,"baseKey":"BVahbG0CcQZHY8FiEO9DStvLhwzAbkAQYjnhUFMAVdcT","preKeyId":2868542}}},"version":"v1"}