{"_sessions":{"BaBF+eBpvHl20EDrA7DwvakZxss3ZFbQPwehVFT9pFlz":{"registrationId":1139457407,"currentRatchet":{"ephemeralKeyPair":{"pubKey":"BRS9EkzNfh4WwtweUsNgS8XR6+Gis7zTxR2+t8tIv6Iy","privKey":"sM00XfBd5Q+noKIcR+/fDtJZszj28EtAQ0o68RO4vVY="},"lastRemoteEphemeralKey":"BX9TwuD8hQ/bHI/PaLrMlteH60yIT6//aK5qf3MyJSl3","previousCounter":0,"rootKey":"qmiKsl3lLcCkx1kKg0bbw6Ksoz64CtqPFnx9xFZK/CQ="},"indexInfo":{"baseKey":"BaBF+eBpvHl20EDrA7DwvakZxss3ZFbQPwehVFT9pFlz","baseKeyType":1,"closed":1676784472102,"used":1676784469902,"created":1676784469902,"remoteIdentityKey":"BdlpXf+83dT2EVM4EJmshnIyxUkh/BjFMRgBdamzOZ5i"},"_chains":{"BRS9EkzNfh4WwtweUsNgS8XR6+Gis7zTxR2+t8tIv6Iy":{"chainKey":{"counter":0,"key":"jw6SQhtYzesmkhK9oIUIbN5bxiq6LPk2/ISdaenscAA="},"chainType":1,"messageKeys":{}}},"pendingPreKey":{"signedKeyId":0,"baseKey":"BaBF+eBpvHl20EDrA7DwvakZxss3ZFbQPwehVFT9pFlz","preKeyId":10096347}},"BUhJwHHvj5x8Kh9NYEkqy5rfYHIalD6jjqC57zJY3spM":{"registrationId":1139457407,"currentRatchet":{"ephemeralKeyPair":{"pubKey":"BWcuQRxYVdFgDYN5pH03fZzrWstcNHZwTOjFkWrvwEQ1","privKey":"uGlDmow3fuqv5FxMy1LslnJb1/mYcpFPpNWWj95JhkE="},"lastRemoteEphemeralKey":"BayOH6yvJagbFt5ZYvZTgjUJ0C4+1YHaKXD7mp1qkLQg","previousCounter":0,"rootKey":"7ZLOe7k5gZ1VjoxbUCw9X1svhvkMtF4mu87EHEaKD6M="},"indexInfo":{"baseKey":"BUhJwHHvj5x8Kh9NYEkqy5rfYHIalD6jjqC57zJY3spM","baseKeyType":2,"closed":-1,"used":1676784472106,"created":1676784472106,"remoteIdentityKey":"BdlpXf+83dT2EVM4EJmshnIyxUkh/BjFMRgBdamzOZ5i"},"_chains":{"BayOH6yvJagbFt5ZYvZTgjUJ0C4+1YHaKXD7mp1qkLQg":{"chainKey":{"counter":0,"key":"DlsyRQc5wo2MdQV/r15FdAdEXYjnqxiJxaUaZSTRLBo="},"chainType":2,"messageKeys":{}},"BWcuQRxYVdFgDYN5pH03fZzrWstcNHZwTOjFkWrvwEQ1":{"chainKey":{"counter":-1,"key":"7AG2qNC7Wwiy3Q8UHGwU+c+ubwO3yjWU/VTTv3G2DTM="},"chainType":1,"messageKeys":{}}}}},"version":"v1"}