{"_sessions":{"BS7yo81C//KgSv7LinBYeBR36UerEN+Lzl8/Y6KqvNRE":{"registrationId":1623934255,"currentRatchet":{"ephemeralKeyPair":{"pubKey":"BYacNWCaOX6wNYwt33T31C7lLaL5lzxc/ELVD2IF7E53","privKey":"8EO3zmwOGdyjfKK+r5ichLnRCU1dsbUIPNt+Um2nzmE="},"lastRemoteEphemeralKey":"BUOVr9HHq4a7MIFXfO33pJN/R9PZQhGKaDz1Y5vjw6gn","previousCounter":0,"rootKey":"teZG6inzJ1DJ0rNR2doGxklNrydaB1B84rAaRLS1hVk="},"indexInfo":{"baseKey":"BS7yo81C//KgSv7LinBYeBR36UerEN+Lzl8/Y6KqvNRE","baseKeyType":1,"closed":-1,"used":1676784468730,"created":1676784468730,"remoteIdentityKey":"BdBGZnklmj+zhxn0YZEtEYIJIpXF8zHb64He5DFV/00U"},"_chains":{"BYacNWCaOX6wNYwt33T31C7lLaL5lzxc/ELVD2IF7E53":{"chainKey":{"counter":0,"key":"tV+xBGUhIFJDp8pGraOgRkveXhCuyNk4l7d1mBN5xiY="},"chainType":1,"messageKeys":{}}},"pendingPreKey":{"signedKeyId":1,"baseKey":"BS7yo81C//KgSv7LinBYeBR36UerEN+Lzl8/Y6KqvNRE","preKeyId":15733854}}},"version":"v1"}