{"_sessions":{"BasNdRQOkUgyGXNkNo8EWsZnfKwsim8GtcFLcvdrbk9i":{"registrationId":748920179,"currentRatchet":{"ephemeralKeyPair":{"pubKey":"BV5w1J1lHtQiP6JT/v0i2ycJW5HdCw0+JlcI8Tyr5cFO","privKey":"qI2fh5T02r+oomJCSbY3o4rCu8OPe21iXSDbZ4kwjFc="},"lastRemoteEphemeralKey":"BSHaOzUUuW1dYmzT5znnu7Uzsp1IX/CsXIeXnBBJ9BAT","previousCounter":0,"rootKey":"GJj8ZYYkDNvMVFXGoinZznUtUNuZCllbYQRg+sAU9d4="},"indexInfo":{"baseKey":"BasNdRQOkUgyGXNkNo8EWsZnfKwsim8GtcFLcvdrbk9i","baseKeyType":1,"closed":-1,"used":1676784468612,"created":1676784468612,"remoteIdentityKey":"BW2ghoCMqb/AKFlHfZ7j7Z8em9cOuR/lix4zgjn1HYYS"},"_chains":{"BV5w1J1lHtQiP6JT/v0i2ycJW5HdCw0+JlcI8Tyr5cFO":{"chainKey":{"counter":0,"key":"4SIKudSF79T6PpGzQ8mXS0KCk4tMhRKRfItnh1ZONoA="},"chainType":1,"messageKeys":{}}},"pendingPreKey":{"signedKeyId":2,"baseKey":"BasNdRQOkUgyGXNkNo8EWsZnfKwsim8GtcFLcvdrbk9i","preKeyId":11547736}}},"version":"v1"}