{"_sessions":{"BVJ1r+fp5Ofy/9LAfOdvsa3tegbHbPpFsOxOMSXhz6YO":{"registrationId":1214032245,"currentRatchet":{"ephemeralKeyPair":{"pubKey":"Bb0e4aqANVJHwUVLTZ87M/kNSPn9y27sbLq16NY7qj5D","privKey":"KFXvlLaW1zV/PLmFJBx15GiGJWr2DgF6Tprd7qGlnGQ="},"lastRemoteEphemeralKey":"BTGH6+LFILhV8kHHHAf4Lwxk3KkZNNG6X0+W1XQbx0tv","previousCounter":0,"rootKey":"chdL9BkozN4h9VNxzt+CWzuYb0BxPceJoBENNy5kUaA="},"indexInfo":{"baseKey":"BVJ1r+fp5Ofy/9LAfOdvsa3tegbHbPpFsOxOMSXhz6YO","baseKeyType":1,"closed":-1,"used":1676784469021,"created":1676784469021,"remoteIdentityKey":"BZFJaLUsQhG5ec8cFIfqoAATQhGHzWLOgoGPwR+4C+4F"},"_chains":{"Bb0e4aqANVJHwUVLTZ87M/kNSPn9y27sbLq16NY7qj5D":{"chainKey":{"counter":0,"key":"c2fnIzMaBxwvbzkZDXmBCUsD4j8ZtxoJi88mZWsNORk="},"chainType":1,"messageKeys":{}}},"pendingPreKey":{"signedKeyId":1,"baseKey":"BVJ1r+fp5Ofy/9LAfOdvsa3tegbHbPpFsOxOMSXhz6YO","preKeyId":11278521}}},"version":"v1"}