{"_sessions":{"BcdYcwSfsU7uuiqymW3QglIQQAll9fT94pQHMBy/SfRe":{"registrationId":1218382967,"currentRatchet":{"ephemeralKeyPair":{"pubKey":"BU+KdC0XicOZ6frhEDo6WuQbWZ2dmOuDUgWc9IpbwRsd","privKey":"OM4fkvJKf0BD9kHsjVqNeQdaeaNEyrx4USWmX1RsfEk="},"lastRemoteEphemeralKey":"BXY6VEkPG/WYPIee/vZ9uB72/wifT4Gw9d2bIxehalkQ","previousCounter":0,"rootKey":"bmQ07SAqmSFpOZuW9yArJG7onrA90xDhW39g0A0eyo0="},"indexInfo":{"baseKey":"BcdYcwSfsU7uuiqymW3QglIQQAll9fT94pQHMBy/SfRe","baseKeyType":1,"closed":-1,"used":1676784469625,"created":1676784469625,"remoteIdentityKey":"BcjlOJnNtV0mVoT8j87y4az/OoTrSlLYKIJXWYs1WVd+"},"_chains":{"BU+KdC0XicOZ6frhEDo6WuQbWZ2dmOuDUgWc9IpbwRsd":{"chainKey":{"counter":0,"key":"7bO9o3eXXTuej7uKkZ89cBM8ighGG1Bpdr0nrCExhFw="},"chainType":1,"messageKeys":{}}},"pendingPreKey":{"signedKeyId":1,"baseKey":"BcdYcwSfsU7uuiqymW3QglIQQAll9fT94pQHMBy/SfRe","preKeyId":5534232}}},"version":"v1"}