{"_sessions":{"BZOSvLSPyVyk5w9gUBd0DLrEOJmi/S8HMnLZUgFtjw97":{"registrationId":1396303065,"currentRatchet":{"ephemeralKeyPair":{"pubKey":"BS1DhlQgkI/lFhKM7FfPXWe6YJZ+RJet2EgQhfzF3pNJ","privKey":"0My0GbvZSLjU51idN47OX+c6FQkv9q2uxweuBlT7pEk="},"lastRemoteEphemeralKey":"BTlIr7qgAuaMMm0WnwJzuCr6VSGFvHXEyPMuBKgxxiUS","previousCounter":0,"rootKey":"J7fdgnINj6Bo9/+pLs24ezWmrBbFFOHThR9CvW5LbG4="},"indexInfo":{"baseKey":"BZOSvLSPyVyk5w9gUBd0DLrEOJmi/S8HMnLZUgFtjw97","baseKeyType":1,"closed":-1,"used":1676784470313,"created":1676784470313,"remoteIdentityKey":"BSODD9hSh63vL+boUChwCrZFP+R+XN5g9WcQgB3eft4j"},"_chains":{"BS1DhlQgkI/lFhKM7FfPXWe6YJZ+RJet2EgQhfzF3pNJ":{"chainKey":{"counter":0,"key":"Cz4iov1VIAfiBto/D1IYHK5QMc1shqhiAmD2SBv+X4E="},"chainType":1,"messageKeys":{}}},"pendingPreKey":{"signedKeyId":0,"baseKey":"BZOSvLSPyVyk5w9gUBd0DLrEOJmi/S8HMnLZUgFtjw97","preKeyId":4629516}}},"version":"v1"}