{"_sessions":{"BZ58vY1tgmvXACAoumIpufIfOfbJGfkLnjJZd6m/c2li":{"registrationId":172,"currentRatchet":{"ephemeralKeyPair":{"pubKey":"Ba13YyZn6yl2BA4uTsC6Jcfr2x+dxxln4PfQgapOQ8Rm","privKey":"uF27yqmIK2DKWZNqxiJw8igE+ZAT/adXoiCNjyIQR1c="},"lastRemoteEphemeralKey":"BRqQDUDsFMeNJaZGEbXn2YH8DJs6Qdtk1LnYqOSIMQlR","previousCounter":0,"rootKey":"5GaMJ5j8sdsvrEvRBvwWg0qFmQMF77wWIEGxIctNN6c="},"indexInfo":{"baseKey":"BZ58vY1tgmvXACAoumIpufIfOfbJGfkLnjJZd6m/c2li","baseKeyType":1,"closed":-1,"used":1676784467935,"created":1676784467935,"remoteIdentityKey":"BQSBYBCHIhh0PINL2OvnUTzdhpqYoTxwlWm6RTFl53Yo"},"_chains":{"Ba13YyZn6yl2BA4uTsC6Jcfr2x+dxxln4PfQgapOQ8Rm":{"chainKey":{"counter":0,"key":"a8fBJ7yudhghT9fZXzNq9Tnt5FDcDTBuJz9wXl/+6g4="},"chainType":1,"messageKeys":{}}},"pendingPreKey":{"signedKeyId":1,"baseKey":"BZ58vY1tgmvXACAoumIpufIfOfbJGfkLnjJZd6m/c2li"}}},"version":"v1"}