{"_sessions":{"BSxYsIoom9YzXoJYuHxQ5brmce3S3ZtKmL+y9ZzhNLQG":{"registrationId":272509477,"currentRatchet":{"ephemeralKeyPair":{"pubKey":"BdIEcSivp88uidxJV3BglVFloCAfhdh5fw6k7/sv3U0j","privKey":"6I7xUJZMn5pwAm/O8BXJWuUw+49GX+NKRC0fhsPqjmM="},"lastRemoteEphemeralKey":"BXQILdqrz4sTvq0o8lOx+WqFr7vUePRJgopEwHE2k88E","previousCounter":0,"rootKey":"KAnLW0c/3fTYvvlmU9UeGwGHsVRazwtdcs2mHFb/pBc="},"indexInfo":{"baseKey":"BSxYsIoom9YzXoJYuHxQ5brmce3S3ZtKmL+y9ZzhNLQG","baseKeyType":1,"closed":-1,"used":1676784469877,"created":1676784469877,"remoteIdentityKey":"BQAqkbkd+ReT00tFyQWGL3tl2Nr0KaxzOk7loovu+mpO"},"_chains":{"BdIEcSivp88uidxJV3BglVFloCAfhdh5fw6k7/sv3U0j":{"chainKey":{"counter":0,"key":"CBARV3kDrAwyQgN6wSgTV6CQKVsb/gcFx0MP6U0882g="},"chainType":1,"messageKeys":{}}},"pendingPreKey":{"signedKeyId":0,"baseKey":"BSxYsIoom9YzXoJYuHxQ5brmce3S3ZtKmL+y9ZzhNLQG","preKeyId":6349835}}},"version":"v1"}