{"_sessions":{"BSgaEZvVavb4RHxrcG3xHM2goePhkcSuVPuLR+wcehFG":{"registrationId":402404375,"currentRatchet":{"ephemeralKeyPair":{"pubKey":"BVbkaXPX3rLqdb1kP3GIjKnjul35UEVzqtuUJQkVYiFU","privKey":"sDr4+J1DCi5lQKfwiWDAN51OYrhQYountW5DM4qWyXQ="},"lastRemoteEphemeralKey":"BQ9Ap2ZFV1Gcs1TU7dkHu/nTMTDIYNECajeU2oAOJcgQ","previousCounter":0,"rootKey":"vMMxbBbWuLQr8pkgGsQbbfEvKeOAsT3ik2UYfQJxNyU="},"indexInfo":{"baseKey":"BSgaEZvVavb4RHxrcG3xHM2goePhkcSuVPuLR+wcehFG","baseKeyType":1,"closed":-1,"used":1676784469290,"created":1676784469290,"remoteIdentityKey":"BVbLvU1ovdzlJG3JVsW6no4TJ/QUS3uTG9nhx6keMEt6"},"_chains":{"BVbkaXPX3rLqdb1kP3GIjKnjul35UEVzqtuUJQkVYiFU":{"chainKey":{"counter":0,"key":"ckgs2NHnYshI2D8NS/cJe7uh91VN2k0lCIMQ4UyC8lw="},"chainType":1,"messageKeys":{}}},"pendingPreKey":{"signedKeyId":1,"baseKey":"BSgaEZvVavb4RHxrcG3xHM2goePhkcSuVPuLR+wcehFG","preKeyId":15487267}}},"version":"v1"}