{"_sessions":{"BZFqq+fs7rDE/YCTpeoWZUtAN4SrXrzpyrlR1VrUaEwY":{"registrationId":1785862433,"currentRatchet":{"ephemeralKeyPair":{"pubKey":"BfpLhBcIGBxXolrYbOL6GM8wUI+hWCYp/iZU54o+DXIn","privKey":"CLRFBWNnu8fNRwnQDaRG+ZllPe0dfRoa4ID23h0BClA="},"lastRemoteEphemeralKey":"BcJ0c6u/bfQsZIR5Pfn2IXQ3ljrlt7tAnxJARRmh7Y5h","previousCounter":0,"rootKey":"nPNTOAeRi83/dXZ+ISXuIsKIcLE79HD/NMHDwjZOmw0="},"indexInfo":{"baseKey":"BZFqq+fs7rDE/YCTpeoWZUtAN4SrXrzpyrlR1VrUaEwY","baseKeyType":1,"closed":-1,"used":1676784470092,"created":1676784470092,"remoteIdentityKey":"BT6HmO3IBeawA6ZQNP4SctmZus6Ypeg4jeaWZoz5zvd8"},"_chains":{"BfpLhBcIGBxXolrYbOL6GM8wUI+hWCYp/iZU54o+DXIn":{"chainKey":{"counter":0,"key":"TBBQofZNr9JRobRLG40mrBBDOpM8cA0G2uWsIvtJU6s="},"chainType":1,"messageKeys":{}}},"pendingPreKey":{"signedKeyId":4,"baseKey":"BZFqq+fs7rDE/YCTpeoWZUtAN4SrXrzpyrlR1VrUaEwY","preKeyId":15660801}}},"version":"v1"}