{"_sessions":{"BZK8y78K1Y87Gi/5CLLofYrfUDZtTIa7G+2fLOSzYWxF":{"registrationId":1591329843,"currentRatchet":{"ephemeralKeyPair":{"pubKey":"Bfw76vxRp2MCnK97x9MHNSKVFftq2LMeavHlPzNA9h4s","privKey":"sJYib31V9YQUzxA2CuWHZcSXhBSQgNf6a55c1oh1T0Q="},"lastRemoteEphemeralKey":"BT8zJZx6MKHJf1pcmP40ErCFW5xxUFG2+4pDf8sSr9Q1","previousCounter":0,"rootKey":"qEbk5jAhhgDqLv5wRn/YEieS24NOrGWiqN2h47JmYVM="},"indexInfo":{"baseKey":"BZK8y78K1Y87Gi/5CLLofYrfUDZtTIa7G+2fLOSzYWxF","baseKeyType":1,"closed":-1,"used":1676784469990,"created":1676784469990,"remoteIdentityKey":"BcbxJXMGS9pJMhjDby18T4mHJ4hQqL4qqV/66kaX42wK"},"_chains":{"Bfw76vxRp2MCnK97x9MHNSKVFftq2LMeavHlPzNA9h4s":{"chainKey":{"counter":0,"key":"MF5LUGdW3F98wtOaC06rCzc+/mBoj8P+0+OddOL4lzY="},"chainType":1,"messageKeys":{}}},"pendingPreKey":{"signedKeyId":0,"baseKey":"BZK8y78K1Y87Gi/5CLLofYrfUDZtTIa7G+2fLOSzYWxF"}}},"version":"v1"}