{"_sessions":{"BXN0oPBYKTlVcNqK0fX0LT+SfqjwdqMgX8Vez7Tb5610":{"registrationId":1564601490,"currentRatchet":{"ephemeralKeyPair":{"pubKey":"BTpZI16JTHcJYN47FBPd7YFVRUQ4AiNa3IwctcwTMiJN","privKey":"kAlnioEDY8+v67bWzmChGUpWptX4xvzM/NdjEXNaQ04="},"lastRemoteEphemeralKey":"BSoyeGcia64i6aoBRSlQ3ue+QAVWI9nXwXgamz20XgQC","previousCounter":0,"rootKey":"rPN0l/yeMXqI3C0LsKOMdQk16MTwQ2u78rf/Lztbu6Q="},"indexInfo":{"baseKey":"BXN0oPBYKTlVcNqK0fX0LT+SfqjwdqMgX8Vez7Tb5610","baseKeyType":1,"closed":-1,"used":1676784470549,"created":1676784470549,"remoteIdentityKey":"BckYUQHFQESMId9aH3MS+p2zXuf0EAHA98n3R8qzofBC"},"_chains":{"BTpZI16JTHcJYN47FBPd7YFVRUQ4AiNa3IwctcwTMiJN":{"chainKey":{"counter":0,"key":"JDTEgoWx6XEUE6Y8cE8S1D7jaIQBJL9jNTCkIUXDtIU="},"chainType":1,"messageKeys":{}}},"pendingPreKey":{"signedKeyId":0,"baseKey":"BXN0oPBYKTlVcNqK0fX0LT+SfqjwdqMgX8Vez7Tb5610","preKeyId":10852296}}},"version":"v1"}