{"_sessions":{"BQL7g0g1kJ6Xeb1s4JdyPKy1FyapMojY+t3wTJu9EN10":{"registrationId":326685683,"currentRatchet":{"ephemeralKeyPair":{"pubKey":"BVopqcPrSVnYK/k/c7ovj/ooU35gsVZZiR8tNhUlzR9n","privKey":"4Nu8RfS4CQFfSur7ir6UavnyThfvauks1YPqfCFai0Y="},"lastRemoteEphemeralKey":"BbHIrYiDKTRe6Bj8oBrUMf3NNo61X+wsonAPbw1Q3xJz","previousCounter":0,"rootKey":"M6k1MaZwf0CjQ1JaBPBZ6C1NEbWY6i3oFReArzx3Utg="},"indexInfo":{"baseKey":"BQL7g0g1kJ6Xeb1s4JdyPKy1FyapMojY+t3wTJu9EN10","baseKeyType":1,"closed":-1,"used":1676784468778,"created":1676784468778,"remoteIdentityKey":"BXp86BzncLJw84LRprc2sDuPglaSqTCNlgnYD2wtXVdV"},"_chains":{"BVopqcPrSVnYK/k/c7ovj/ooU35gsVZZiR8tNhUlzR9n":{"chainKey":{"counter":0,"key":"VROdoqLVgijIEi34uVstw9mXraDW8USSZxRTjvfePdI="},"chainType":1,"messageKeys":{}}},"pendingPreKey":{"signedKeyId":1,"baseKey":"BQL7g0g1kJ6Xeb1s4JdyPKy1FyapMojY+t3wTJu9EN10"}}},"version":"v1"}