{"_sessions":{"BUIqVogyLacCEquyRVTqJhSNSOVZq3INtczZ3VDbNJUX":{"registrationId":1740965180,"currentRatchet":{"ephemeralKeyPair":{"pubKey":"BXJoicm7AAlAjbwaoh8zOJSVk5PJ5ULkMiuj2yLRI1Fk","privKey":"sLIGbVYOa6HYyTbCjSOkhQ33BBs2g6yG6X+DofKEYnk="},"lastRemoteEphemeralKey":"BZ4vpgOwz/VxbFFc8Vc1q9DHYfjBqEIzWDX8uxacNdUx","previousCounter":0,"rootKey":"wcX+e33Vn4JnvKllTFg1kw2IIXWI8yN4HIZi9fc84UY="},"indexInfo":{"baseKey":"BUIqVogyLacCEquyRVTqJhSNSOVZq3INtczZ3VDbNJUX","baseKeyType":1,"closed":-1,"used":1676784470328,"created":1676784470328,"remoteIdentityKey":"BZKx2VNuzc7OSKC+zkvBNhtFLiDaBNBMHOljLB3sCmUc"},"_chains":{"BXJoicm7AAlAjbwaoh8zOJSVk5PJ5ULkMiuj2yLRI1Fk":{"chainKey":{"counter":0,"key":"yt0rNVPURS1/IVqtCgg3CqPQWr7EZ/UHcjZj6BF0XnA="},"chainType":1,"messageKeys":{}}},"pendingPreKey":{"signedKeyId":0,"baseKey":"BUIqVogyLacCEquyRVTqJhSNSOVZq3INtczZ3VDbNJUX"}}},"version":"v1"}