{"_sessions":{"Bfdv8sd+EeIPYsWR56hfoWYfp0fjTwHzx3BOdpiNV1cZ":{"registrationId":1142430002,"currentRatchet":{"ephemeralKeyPair":{"pubKey":"BSApThiyqWYYpf5N9VAmzYFcFSQfo4IDDYvhYJLIuTlY","privKey":"wGQ1Q6PJxKhXqKfN6WQUY5wxsVMXXANVX2KDIgwbx0Q="},"lastRemoteEphemeralKey":"BTroYjPhCxfJXfmnJwHOh+LpE63KDaDS+icBNDN+5604","previousCounter":0,"rootKey":"36Gjpa2D+zS5u0M0ak1pxqkH9IKa+/zxHWyr66Wyy04="},"indexInfo":{"baseKey":"Bfdv8sd+EeIPYsWR56hfoWYfp0fjTwHzx3BOdpiNV1cZ","baseKeyType":1,"closed":-1,"used":1676784468989,"created":1676784468989,"remoteIdentityKey":"BavF0+prXBmjGuhEGRP6A7aizPixLMPWUETGSGG4F81u"},"_chains":{"BSApThiyqWYYpf5N9VAmzYFcFSQfo4IDDYvhYJLIuTlY":{"chainKey":{"counter":0,"key":"GtsK5/TE/78h9UMnhU49YroCiLOet+9M3hKJQ8uq6EQ="},"chainType":1,"messageKeys":{}}},"pendingPreKey":{"signedKeyId":2,"baseKey":"Bfdv8sd+EeIPYsWR56hfoWYfp0fjTwHzx3BOdpiNV1cZ"}}},"version":"v1"}