{"_sessions":{"BU6NpZtgHxNo/Dz4U4lYFtqBMHyi5ejSmDUi2V/MrV4z":{"registrationId":2615729033,"currentRatchet":{"ephemeralKeyPair":{"pubKey":"BSbYs5BabaSnB2CXcxogXhVp+2ef7EqSmFr3AjCqLRt7","privKey":"cGDufI+44GHcgTd+HrJLFjTMtCMGm/B0JSggCscjhGE="},"lastRemoteEphemeralKey":"BWdK1H2A7Sq99AI9c1oBliZce3VgFKgVoxDOHZHvC55Q","previousCounter":0,"rootKey":"FKVvd4DPI6O6qENtj7CQ8qzKjIQTuNCqTS7kpf2zQkk="},"indexInfo":{"baseKey":"BU6NpZtgHxNo/Dz4U4lYFtqBMHyi5ejSmDUi2V/MrV4z","baseKeyType":1,"closed":-1,"used":1676784468418,"created":1676784468418,"remoteIdentityKey":"BZ9NMAOng+lRxxlRGz7AXKPovdks3HURd7gvbPhIz64E"},"_chains":{"BSbYs5BabaSnB2CXcxogXhVp+2ef7EqSmFr3AjCqLRt7":{"chainKey":{"counter":0,"key":"N4Y175rLafjQ6hh4v/58w3DkmaxXDtdMeOToDCB1dIg="},"chainType":1,"messageKeys":{}}},"pendingPreKey":{"signedKeyId":1,"baseKey":"BU6NpZtgHxNo/Dz4U4lYFtqBMHyi5ejSmDUi2V/MrV4z"}}},"version":"v1"}