{"_sessions":{"Bc0+zSYOBSuQIbFDh6lvafEMk1oy5/fe80HHlII8eh0V":{"registrationId":843277321,"currentRatchet":{"ephemeralKeyPair":{"pubKey":"BfUEfKPqM41dbEdSmJlAkoXyN7sc8JgIBKFUAe3kRZkC","privKey":"CHVdtEhEL9hecXzOsWAQ2Z5nEc+VjPN3gL+9spXcHWA="},"lastRemoteEphemeralKey":"BYfuLLbvhrNDI59p3Ytm/NtPx7ddknZ+jBAufYF5ehEK","previousCounter":0,"rootKey":"FjnY3P3JZrHGlZA7uwKZ3ZGivxpuit4qfn+cMsBARlI="},"indexInfo":{"baseKey":"Bc0+zSYOBSuQIbFDh6lvafEMk1oy5/fe80HHlII8eh0V","baseKeyType":1,"closed":-1,"used":1676784468495,"created":1676784468495,"remoteIdentityKey":"BZGV8EBjU0gLQ0YCyHqnWezDxr8t8enNZ0xyQ649g2xt"},"_chains":{"BfUEfKPqM41dbEdSmJlAkoXyN7sc8JgIBKFUAe3kRZkC":{"chainKey":{"counter":0,"key":"WixsBYrqcXZ0/Nfv2ezc/2HjKwP7gAygH2hHhB+IFz8="},"chainType":1,"messageKeys":{}}},"pendingPreKey":{"signedKeyId":1,"baseKey":"Bc0+zSYOBSuQIbFDh6lvafEMk1oy5/fe80HHlII8eh0V"}}},"version":"v1"}