{"_sessions":{"BQVbPldmNS6HYIn+SOiuWZMQ7AYNNMBn+AppQQoJYOFN":{"registrationId":33,"currentRatchet":{"ephemeralKeyPair":{"pubKey":"BQJ51v9S37RZ+kv7ARmAOPY0TO+tdYmI6bml62hBUewK","privKey":"uNPOTjat5UBhJcFInPGVA0lHZEKN+bnyQuQPCG2xC2s="},"lastRemoteEphemeralKey":"BXhNY8sVtdFyyHDMbJlOUk5uSJCl92F9a3bRd2lV4Ygd","previousCounter":0,"rootKey":"HWxdATTboOxGSpacCML0/Agt4eU9SVKpKALT1+WwEQU="},"indexInfo":{"baseKey":"BQVbPldmNS6HYIn+SOiuWZMQ7AYNNMBn+AppQQoJYOFN","baseKeyType":1,"closed":-1,"used":1676784468396,"created":1676784468396,"remoteIdentityKey":"BWyxsJVJjmngeLmzQoIcfa1CvcrJ1A7wVS8qfK59GDR4"},"_chains":{"BQJ51v9S37RZ+kv7ARmAOPY0TO+tdYmI6bml62hBUewK":{"chainKey":{"counter":0,"key":"L+m3YfBhfNksRNgsl+Xs8HlsNlEhBLGL2l7+NVvZbvk="},"chainType":1,"messageKeys":{}}},"pendingPreKey":{"signedKeyId":1,"baseKey":"BQVbPldmNS6HYIn+SOiuWZMQ7AYNNMBn+AppQQoJYOFN","preKeyId":176}}},"version":"v1"}