{"_sessions":{"BZIQGsHMAKSsXjzPhQATm9espBQpss+uxRhGptBmX1xg":{"registrationId":151257105,"currentRatchet":{"ephemeralKeyPair":{"pubKey":"BXOo2HN2d2evUOYirWTr01B6AanMJFLdxviK3ku36m4T","privKey":"GHOXwuQ7GpqLq13L2t9Z79/A0ExjW2ZIFiDL4eYufUk="},"lastRemoteEphemeralKey":"BaK9ufAsDtqwvOkoVollk7kbYRx1eSbsL6ba0vd5Z51l","previousCounter":0,"rootKey":"JNC9DdHlhw3N10ishhYUftlmbngkvNJAHG4xprSK3+k="},"indexInfo":{"baseKey":"BZIQGsHMAKSsXjzPhQATm9espBQpss+uxRhGptBmX1xg","baseKeyType":1,"closed":-1,"used":1676784469756,"created":1676784469756,"remoteIdentityKey":"BeeDPD8BfXG1dokwhXivou2H1PaWJi36Gl8wgMxkc+dl"},"_chains":{"BXOo2HN2d2evUOYirWTr01B6AanMJFLdxviK3ku36m4T":{"chainKey":{"counter":0,"key":"CmgmIcjmrBUpkKTs9mEGt+8/M0ctye8292VoE+/gVCE="},"chainType":1,"messageKeys":{}}},"pendingPreKey":{"signedKeyId":0,"baseKey":"BZIQGsHMAKSsXjzPhQATm9espBQpss+uxRhGptBmX1xg"}}},"version":"v1"}