{"_sessions":{"BRrN/gzQBLEfsz+AvbBa57ZTpzW7v1cXJ66+Fm6g9eFj":{"registrationId":2110779095,"currentRatchet":{"ephemeralKeyPair":{"pubKey":"Ba2K5wPMsYD0xptxmqRNHE9XDf5Jz9Mb1sI2xjUrLnE2","privKey":"qOa0scirhDdKPJJeOvbbbQXBnw3EZOIqgX1rqOXdx2U="},"lastRemoteEphemeralKey":"Bc6ycFEDPkrhecXctK3jwhdKxNKyOyw8XG2xwyr8RMsL","previousCounter":0,"rootKey":"C4z1JU+A2HsqNJ2e/mLbWId9myeyWAGZHzWlslh4cZ4="},"indexInfo":{"baseKey":"BRrN/gzQBLEfsz+AvbBa57ZTpzW7v1cXJ66+Fm6g9eFj","baseKeyType":1,"closed":-1,"used":1676784468786,"created":1676784468786,"remoteIdentityKey":"BfihNR77bQvclD5hcWpFEnEC/pWNDQ1AurvKMnCMXv4I"},"_chains":{"Ba2K5wPMsYD0xptxmqRNHE9XDf5Jz9Mb1sI2xjUrLnE2":{"chainKey":{"counter":0,"key":"LCD3f0e40HRyr55XdC6/RYvSpdG8sE2zjfXE15OeWqk="},"chainType":1,"messageKeys":{}}},"pendingPreKey":{"signedKeyId":0,"baseKey":"BRrN/gzQBLEfsz+AvbBa57ZTpzW7v1cXJ66+Fm6g9eFj","preKeyId":11979385}}},"version":"v1"}