{"_sessions":{"BaLkklbh6b4ei9oSnutj6AfgVwNnJROkuf05XBozRlxo":{"registrationId":804726255,"currentRatchet":{"ephemeralKeyPair":{"pubKey":"BZgDiL8lmpR6lvMzeiYgLW6yjXpd/tnfBSA8ogn17Cwm","privKey":"qKm9puAvOrXDJzGGVqhJyfb50IC/s5fUe3yTYxyElGo="},"lastRemoteEphemeralKey":"BQw1FnUQ8qfz9Q4/a5Wf5dbmS0qaVQJXirvM4QIHI+Na","previousCounter":0,"rootKey":"7/oqpBtRH/nh/f6BKV3bz+AadjS2FxbDvRbBgnDHG+o="},"indexInfo":{"baseKey":"BaLkklbh6b4ei9oSnutj6AfgVwNnJROkuf05XBozRlxo","baseKeyType":1,"closed":-1,"used":1676784468661,"created":1676784468661,"remoteIdentityKey":"BYa9Jv6LmTE5iZgHumjDJbktmZGTZPoHe9dT9cwTRxgn"},"_chains":{"BZgDiL8lmpR6lvMzeiYgLW6yjXpd/tnfBSA8ogn17Cwm":{"chainKey":{"counter":0,"key":"Xy8BPaQNoQvqhuQ1twOpuUmCM8ZDFCq30gokJNV/Q/k="},"chainType":1,"messageKeys":{}}},"pendingPreKey":{"signedKeyId":1,"baseKey":"BaLkklbh6b4ei9oSnutj6AfgVwNnJROkuf05XBozRlxo"}}},"version":"v1"}