{"_sessions":{"Baam6PkE3P8/0CWD/Cn3uASEzIrlDXOXAJiRlOE/LBEk":{"registrationId":79,"currentRatchet":{"ephemeralKeyPair":{"pubKey":"BVE+kKQPX1ux0oJd0mGsHK1TOX7A26Z21B9lTB8Fn1Qw","privKey":"qPDaAn9MVjK4/AAazuD/JNCzrwDsJIKMKG122MWVsFg="},"lastRemoteEphemeralKey":"BSUkMRqTlk7MnqGl5ESeWBOr6bGZxrO0MZiE5/B80/5Y","previousCounter":0,"rootKey":"nTTOCSQE9Q/ZprT2yOECKA9CCdWZsCqVv71EUO5ZzZw="},"indexInfo":{"baseKey":"Baam6PkE3P8/0CWD/Cn3uASEzIrlDXOXAJiRlOE/LBEk","baseKeyType":1,"closed":-1,"used":1676784468007,"created":1676784468007,"remoteIdentityKey":"BRbYd9Zsb2l2qe3IBBj+C5C3DKVUKB2BRSh9xQbfWXU9"},"_chains":{"BVE+kKQPX1ux0oJd0mGsHK1TOX7A26Z21B9lTB8Fn1Qw":{"chainKey":{"counter":0,"key":"soD7+ECsVWEdxfYPw2NyCk6NdXPtzAwc/yGjhPQQDV4="},"chainType":1,"messageKeys":{}}},"pendingPreKey":{"signedKeyId":1,"baseKey":"Baam6PkE3P8/0CWD/Cn3uASEzIrlDXOXAJiRlOE/LBEk"}}},"version":"v1"}