{"_sessions":{"BTcSWRDuCjM/119A0Vc5Dg3xkF3LizZ4h0nF0ZTVqmlo":{"registrationId":237,"currentRatchet":{"ephemeralKeyPair":{"pubKey":"BYHvcVGYXbihGZ3fpOh2LSCn0y639SmRqz3EpQG407ob","privKey":"WNRP4HR++exi/TJRxF9QNFDA3RpOcnWwes4w34++GG4="},"lastRemoteEphemeralKey":"BV25RYaOvS8mETUS61joafziP+KcLHl2kj4u4hLCDjA8","previousCounter":0,"rootKey":"GUxRIobCggLxWlm8PnhjxNlYgJUurjxItB1VJGHdaYI="},"indexInfo":{"baseKey":"BTcSWRDuCjM/119A0Vc5Dg3xkF3LizZ4h0nF0ZTVqmlo","baseKeyType":1,"closed":-1,"used":1676741018098,"created":1676741018098,"remoteIdentityKey":"Bbds395cCZ2IK6ERm9KDvbjATTdbggB1Xj0Oo8svqqoX"},"_chains":{"BYHvcVGYXbihGZ3fpOh2LSCn0y639SmRqz3EpQG407ob":{"chainKey":{"counter":109,"key":"0lnp6IQvzXJ8v0m0EDsjj3PJRY8AO0l9iKgwt4WyjhE="},"chainType":1,"messageKeys":{}}},"pendingPreKey":{"signedKeyId":1,"baseKey":"BTcSWRDuCjM/119A0Vc5Dg3xkF3LizZ4h0nF0ZTVqmlo","preKeyId":54}}},"version":"v1"}