{"_sessions":{"BYGv5G96UVM7awQL/GGagmN4VFKPzWNgmYMtDu3yaRtd":{"registrationId":111,"currentRatchet":{"ephemeralKeyPair":{"pubKey":"Bd6Py2l8k7VlXnnAQjBtsdX1E8dxiHbN3oX0+jevUAwl","privKey":"qF1JmPfAl6S89H9qr1G0z+HiAGxFM3ZE9ySPLyyoXGc="},"lastRemoteEphemeralKey":"BYBizlkeGlZVzVCl8NpmORj34U1Jhllko4KQH9WBS9t/","previousCounter":0,"rootKey":"IogqO/NEE9s0FzehMwFcHo3lKjy7tC/7DtznzQtkbvc="},"indexInfo":{"baseKey":"BYGv5G96UVM7awQL/GGagmN4VFKPzWNgmYMtDu3yaRtd","baseKeyType":1,"closed":-1,"used":1676784468065,"created":1676784468065,"remoteIdentityKey":"BR6TrIBj5WZnscsaSoNgjwAqRKZiNfWvzEDBUIXhk0E1"},"_chains":{"Bd6Py2l8k7VlXnnAQjBtsdX1E8dxiHbN3oX0+jevUAwl":{"chainKey":{"counter":0,"key":"IENeWv2sMBA6FzaJPVTMy7Ofwdg97WF2N+4ARc/RI18="},"chainType":1,"messageKeys":{}}},"pendingPreKey":{"signedKeyId":1,"baseKey":"BYGv5G96UVM7awQL/GGagmN4VFKPzWNgmYMtDu3yaRtd"}}},"version":"v1"}