{"_sessions":{"BVk2CkCRLpYgvw1q4lBMI3k708wfMXLDovDLLG9PZPIm":{"registrationId":543472041,"currentRatchet":{"ephemeralKeyPair":{"pubKey":"BX4+dEU8VPmeT8MR7YUU/EU8x+Ltw7rT54Iu9Tn0wbEP","privKey":"MKJCraHu9o+uYr7w+nXwxOHIV0t7JLS48ae6Z63E7W4="},"lastRemoteEphemeralKey":"BWpVIktJN0Aqee7biQ1riqF+MXCQeykBs+pZ5mst6tov","previousCounter":0,"rootKey":"IONmUhR8nCnkGrlnMd5vhW853ywjnYvIsaCmCoCx2Og="},"indexInfo":{"baseKey":"BVk2CkCRLpYgvw1q4lBMI3k708wfMXLDovDLLG9PZPIm","baseKeyType":1,"closed":-1,"used":1676784469169,"created":1676784469169,"remoteIdentityKey":"BRr8DXvrHjje4TOQTd99IDTmxhmSNhdIN3gcaUw3EgsZ"},"_chains":{"BX4+dEU8VPmeT8MR7YUU/EU8x+Ltw7rT54Iu9Tn0wbEP":{"chainKey":{"counter":0,"key":"JxC5OIttdGh3AptmmS4B3Kx7DP6XOIcTEtHrCeDBTgk="},"chainType":1,"messageKeys":{}}},"pendingPreKey":{"signedKeyId":1,"baseKey":"BVk2CkCRLpYgvw1q4lBMI3k708wfMXLDovDLLG9PZPIm","preKeyId":6806805}}},"version":"v1"}