{"_sessions":{"Bb1erhzGEkBqM5rwiT7qpa/fnlrZs8oKsnLNjAb3ZcBo":{"registrationId":1031075332,"currentRatchet":{"ephemeralKeyPair":{"pubKey":"BQaZHteCUpqWVQpD2A2yswtx8rj5jhzSHNPcyvX/NslO","privKey":"MEjAvSWK60MP73DmWr/mC6vDafcE5cVQoLx/4OTKoWs="},"lastRemoteEphemeralKey":"BbdqYjhFzRwbgktSm+hRkStvSOfY7NxWQWVFpCUUqhAd","previousCounter":0,"rootKey":"KUxsyH0eYEFK/wvi68wlR+6v7hE8KFnNjdt5jpHfObw="},"indexInfo":{"baseKey":"Bb1erhzGEkBqM5rwiT7qpa/fnlrZs8oKsnLNjAb3ZcBo","baseKeyType":1,"closed":-1,"used":1676784469434,"created":1676784469434,"remoteIdentityKey":"BVW1G1LTSR5BVsgf1vjsk7xNpWrymT97GsL1LRnZtDZF"},"_chains":{"BQaZHteCUpqWVQpD2A2yswtx8rj5jhzSHNPcyvX/NslO":{"chainKey":{"counter":0,"key":"9wktqlNQKGfvtJ7lVCxvnuH6StUZNjiaHDOxRr9CIsw="},"chainType":1,"messageKeys":{}}},"pendingPreKey":{"signedKeyId":2,"baseKey":"Bb1erhzGEkBqM5rwiT7qpa/fnlrZs8oKsnLNjAb3ZcBo","preKeyId":5691442}}},"version":"v1"}