{"_sessions":{"BTBDFSV61Q/I0rYYHXgWiaDOD4Aq01eNnzank/S88CBI":{"registrationId":692229623,"currentRatchet":{"ephemeralKeyPair":{"pubKey":"BXoDtPGs7UniG4kDXT6BOcDdpDDr8k5mBe9jRlzDCiwA","privKey":"MJYSKttv3EckBWotTtnzfHjjF1B+NTsftslDB4t/jHw="},"lastRemoteEphemeralKey":"BbltwMgQGdxcYg6Lr1t0BBb851Ggs+xmfilS971QSCdS","previousCounter":0,"rootKey":"8LWEdgAiH1ZmOHs5GjwElB7k0mpf9kWweJTeY4S1Ozw="},"indexInfo":{"baseKey":"BTBDFSV61Q/I0rYYHXgWiaDOD4Aq01eNnzank/S88CBI","baseKeyType":1,"closed":-1,"used":1676784469100,"created":1676784469100,"remoteIdentityKey":"Bbs+VwLacNqGTYveECiInLJh0eRn7dWfJNCzglogxGMx"},"_chains":{"BXoDtPGs7UniG4kDXT6BOcDdpDDr8k5mBe9jRlzDCiwA":{"chainKey":{"counter":0,"key":"O9DntHn/hnLLJBrKdAbxvfWHbh8F/2cyor78ZGAIUU0="},"chainType":1,"messageKeys":{}}},"pendingPreKey":{"signedKeyId":0,"baseKey":"BTBDFSV61Q/I0rYYHXgWiaDOD4Aq01eNnzank/S88CBI"}}},"version":"v1"}