{"_sessions":{"BUB9gU65fIk+N2h+CyT0mHncbFLa9N0Zq3MpJQtBXYlo":{"registrationId":65,"currentRatchet":{"ephemeralKeyPair":{"pubKey":"Bc4hDobc1lQE9fymPo3JmE4d7ai6C145ooEMTzNubBtN","privKey":"cJtX386q1xrhw4oCgVHOsI4u9TcUk37FhOG2YBuB51Y="},"lastRemoteEphemeralKey":"BYZzZB6tVm09TKs0suqtaC0k1vxbdQ2OlEuVHV0qz1dQ","previousCounter":0,"rootKey":"tq0FDGCOckZBHUw7NEKCRTshZmnk1R/8+LcwjrSs/RM="},"indexInfo":{"baseKey":"BUB9gU65fIk+N2h+CyT0mHncbFLa9N0Zq3MpJQtBXYlo","baseKeyType":1,"closed":-1,"used":1676784468278,"created":1676784468278,"remoteIdentityKey":"BVQGJP0R9qF/z/vlIazNG7OOaa4/BdapQJ8l0yj4Ujou"},"_chains":{"Bc4hDobc1lQE9fymPo3JmE4d7ai6C145ooEMTzNubBtN":{"chainKey":{"counter":0,"key":"n6R0DQhZTCfbAPpWbhDF8Sy2IXuxoYj9jVKqnLSz2V4="},"chainType":1,"messageKeys":{}}},"pendingPreKey":{"signedKeyId":1,"baseKey":"BUB9gU65fIk+N2h+CyT0mHncbFLa9N0Zq3MpJQtBXYlo"}}},"version":"v1"}