{"_sessions":{"BeWSb/Zawxclbg8sTvnoD44nVRGHaCBBDHB+jq3p3d4R":{"registrationId":67,"currentRatchet":{"ephemeralKeyPair":{"pubKey":"BVASs6VO/874PYJmKB1H8vMGGUq9AgjYVsmhogHu8/oE","privKey":"8IUBxyychahDuxquUDHtD2ucpa+dGgH+dktF+1IwxF0="},"lastRemoteEphemeralKey":"BQW5qtvEugq79jMCWY9BLrWOhYNDkd9aremwkXWoJe44","previousCounter":0,"rootKey":"ZJFEsbWVlE+EaiE6+42+Y99qWrEcA5eA+h0VSmw4g7g="},"indexInfo":{"baseKey":"BeWSb/Zawxclbg8sTvnoD44nVRGHaCBBDHB+jq3p3d4R","baseKeyType":1,"closed":-1,"used":1676784467922,"created":1676784467922,"remoteIdentityKey":"BYZgUAJK18FMr9bT3b+HUJxEFRmYvbmMqkt4UFV6DdpQ"},"_chains":{"BVASs6VO/874PYJmKB1H8vMGGUq9AgjYVsmhogHu8/oE":{"chainKey":{"counter":0,"key":"jta4frYQuql2sUn/l1lAuv4TcRVJN6VEXDqwsUnYCps="},"chainType":1,"messageKeys":{}}},"pendingPreKey":{"signedKeyId":1,"baseKey":"BeWSb/Zawxclbg8sTvnoD44nVRGHaCBBDHB+jq3p3d4R"}}},"version":"v1"}