{"_sessions":{"BRVG3hy6/CYmyNGTbJ041YOXfiktKJDD0/fjPP3TqCkG":{"registrationId":1091458091,"currentRatchet":{"ephemeralKeyPair":{"pubKey":"BR6ZyYIQyEkzqyIg5yNXINU09ym1hT2BQC5eUkvuSTk2","privKey":"2MdSgzzLm45bsjKrtoBdwzbo3F1dQ/33byyIx07/MGQ="},"lastRemoteEphemeralKey":"BWxglwYbFG7PVE/cGz4EAFb+bmI5+Bs87A/pc07jCuQp","previousCounter":0,"rootKey":"RU2y4zihMBYkkOLAhagqsw7+awFbQHyGM/v7aIwZEcE="},"indexInfo":{"baseKey":"BRVG3hy6/CYmyNGTbJ041YOXfiktKJDD0/fjPP3TqCkG","baseKeyType":1,"closed":-1,"used":1676784470174,"created":1676784470174,"remoteIdentityKey":"BW5zROvqvC+8H2jL5YEpL9i+k8IRgrnbjcgHCQdmtd9B"},"_chains":{"BR6ZyYIQyEkzqyIg5yNXINU09ym1hT2BQC5eUkvuSTk2":{"chainKey":{"counter":0,"key":"UMXDC161myTM0MicwaDIRvi9YkUYXTIYhizj6e38kuc="},"chainType":1,"messageKeys":{}}},"pendingPreKey":{"signedKeyId":0,"baseKey":"BRVG3hy6/CYmyNGTbJ041YOXfiktKJDD0/fjPP3TqCkG","preKeyId":11728287}}},"version":"v1"}