{"_sessions":{"BSWMaGTVhBQw1a5Lp0Bs1g70TnVQQfm9oRBgBg8jQJkK":{"registrationId":227,"currentRatchet":{"ephemeralKeyPair":{"pubKey":"Ba8vPtYn57AsdBDSstyRkVf4/wBY8WmWr7vO6jZXfPMU","privKey":"gBa1C1Yub8ahlrn40zO8ZYrAccDjucyMVBrkjdD/yUM="},"lastRemoteEphemeralKey":"BReFnrJ/wra9bvnbCjRXn8OORTe4vHbhEyQw9FL6zGYb","previousCounter":0,"rootKey":"j84DTr5IoDyv/uthbdFQOoN9ylwYUFG/kjRpiD68+Es="},"indexInfo":{"baseKey":"BSWMaGTVhBQw1a5Lp0Bs1g70TnVQQfm9oRBgBg8jQJkK","baseKeyType":1,"closed":-1,"used":1676776034776,"created":1676776034776,"remoteIdentityKey":"BRmmZPXsPBSNCKQ324eRZYh55L6yxfV+PpDEJLIMOakj"},"_chains":{"Ba8vPtYn57AsdBDSstyRkVf4/wBY8WmWr7vO6jZXfPMU":{"chainKey":{"counter":0,"key":"s7+NWOsyKRIJsEsXtSlAusMTsehiNH8/gveA4A2R9AM="},"chainType":1,"messageKeys":{}}},"pendingPreKey":{"signedKeyId":1,"baseKey":"BSWMaGTVhBQw1a5Lp0Bs1g70TnVQQfm9oRBgBg8jQJkK","preKeyId":14}}},"version":"v1"}