{"_sessions":{"BTJR6CiA+9ndN9F1pSl3mZNxFTw7zTELZZBviekpGDwZ":{"registrationId":1871671344,"currentRatchet":{"ephemeralKeyPair":{"pubKey":"BUNHthfUsrWpVJk6bdD/nSMUPhZJCqbAifbC4mhmiiIG","privKey":"qMsrkYbDVxC3ln/PqCVjclRXjSxikvaCYOO2KFmW9Uw="},"lastRemoteEphemeralKey":"BbJOVFHdOX36+mU2XH5/lYNOI+PEpvym3/ismQ7RdRRi","previousCounter":0,"rootKey":"RLW26nXhD+MC+xriNBLQhZ0xE6n2tBnkMox/Zdztuyw="},"indexInfo":{"baseKey":"BTJR6CiA+9ndN9F1pSl3mZNxFTw7zTELZZBviekpGDwZ","baseKeyType":1,"closed":-1,"used":1676784469268,"created":1676784469268,"remoteIdentityKey":"BQJl+WhyZUQmLFv3xfx8P3HSDCaV9W7U3WPLbnGPRdxe"},"_chains":{"BUNHthfUsrWpVJk6bdD/nSMUPhZJCqbAifbC4mhmiiIG":{"chainKey":{"counter":0,"key":"oll1UWHnFxQIva6sEUXa6CNHaIKvwIo0wwX0Mbhj+To="},"chainType":1,"messageKeys":{}}},"pendingPreKey":{"signedKeyId":13,"baseKey":"BTJR6CiA+9ndN9F1pSl3mZNxFTw7zTELZZBviekpGDwZ","preKeyId":11164704}}},"version":"v1"}