{"_sessions":{"BYB1VMxq7AIkYr0bLYY6gEG2FfHhesA4lSB6iMcmWyA6":{"registrationId":105,"currentRatchet":{"ephemeralKeyPair":{"pubKey":"BQFep3rN4MbSiWPDURHu1Acnp7UNBU7TKN34Gqtcmnhq","privKey":"eKUmSBCAPn95nB26qWOKbkCSe783PzO1JM8tx13M4mI="},"lastRemoteEphemeralKey":"BXV3ueHp3b35X1fiGSh6qaUGLlRg/cRA5G51MSCYpotV","previousCounter":0,"rootKey":"R15nmu5V7+I/VCor9kdgDUDAHqMztzdpCRr0KEnh5DU="},"indexInfo":{"baseKey":"BYB1VMxq7AIkYr0bLYY6gEG2FfHhesA4lSB6iMcmWyA6","baseKeyType":1,"closed":-1,"used":1676784468189,"created":1676784468189,"remoteIdentityKey":"BZfEVGDHW7mNEDRLChghCfkTfsbzzef/7JWajgd9cIkq"},"_chains":{"BQFep3rN4MbSiWPDURHu1Acnp7UNBU7TKN34Gqtcmnhq":{"chainKey":{"counter":0,"key":"japTthcC8oHLkYHUG8ISvWqkATLF9ShQIIHtIQ+y2cs="},"chainType":1,"messageKeys":{}}},"pendingPreKey":{"signedKeyId":1,"baseKey":"BYB1VMxq7AIkYr0bLYY6gEG2FfHhesA4lSB6iMcmWyA6"}}},"version":"v1"}