{"_sessions":{"BR9nU0xuhFnKeit4WGHj/Gw4/MjJa61a0WCAaLPs7iMl":{"registrationId":32,"currentRatchet":{"ephemeralKeyPair":{"pubKey":"BfW1jvpKDjeFiT1uVamTjF2EUl9CE3x4A6ZFVpmn7ZgD","privKey":"oAPZGSfFCnKzhVAxxNtKDo2Ka3bjK4u9Xajg47Gm5kk="},"lastRemoteEphemeralKey":"BREz9A6Mw/dKNV10aJY7SGMXwYxTc0DzrETR/nASzbVU","previousCounter":0,"rootKey":"IZClelIu4cvPMkw0hPrtQGZF0WyWE/y1JuMnPLgIEvg="},"indexInfo":{"baseKey":"BR9nU0xuhFnKeit4WGHj/Gw4/MjJa61a0WCAaLPs7iMl","baseKeyType":1,"closed":-1,"used":1676784468090,"created":1676784468090,"remoteIdentityKey":"BUIUXSmMzYm0IIHKx69I5JrHo7j4hjBI9WAAeH+Y/qkv"},"_chains":{"BfW1jvpKDjeFiT1uVamTjF2EUl9CE3x4A6ZFVpmn7ZgD":{"chainKey":{"counter":0,"key":"kJq8TgeZlFTdUhJoy0alN+Q+oK0fWLSOqP00vCms7hU="},"chainType":1,"messageKeys":{}}},"pendingPreKey":{"signedKeyId":1,"baseKey":"BR9nU0xuhFnKeit4WGHj/Gw4/MjJa61a0WCAaLPs7iMl"}}},"version":"v1"}