{"_sessions":{"Bd94PtsKd3tFWsF3jM44WfxGYrdgUxD5ZK1Baffh0P9g":{"registrationId":557826867,"currentRatchet":{"ephemeralKeyPair":{"pubKey":"Bbd7sy5RJq4eIQsoNEJgYXpG1cr0L37vRgSsAjbvXAla","privKey":"kO+NguHetYf+NKhuk3gAoNf1MQ7Aaj5qUbMoGla/v34="},"lastRemoteEphemeralKey":"BYarzBl4XOHNpDg/vpBVXR1pG1VgFOrZy0uorST4Ompo","previousCounter":0,"rootKey":"ZLcPnEodnF0O/qaSdalOx1hKSh+NXGblRI6jOQuIUgk="},"indexInfo":{"baseKey":"Bd94PtsKd3tFWsF3jM44WfxGYrdgUxD5ZK1Baffh0P9g","baseKeyType":1,"closed":-1,"used":1676784470256,"created":1676784470256,"remoteIdentityKey":"BQkB/OmPp+q1cwcaZGwkzLPboBbb1lMnC3tHr4J7xkst"},"_chains":{"Bbd7sy5RJq4eIQsoNEJgYXpG1cr0L37vRgSsAjbvXAla":{"chainKey":{"counter":0,"key":"dYG8Y8t5VmVbQ9/o62fzQUK6sAM/ewl0xxfU92sQ/38="},"chainType":1,"messageKeys":{}}},"pendingPreKey":{"signedKeyId":13945905,"baseKey":"Bd94PtsKd3tFWsF3jM44WfxGYrdgUxD5ZK1Baffh0P9g"}}},"version":"v1"}