{"_sessions":{"BZOfGT4nYLzAg4qHlGPzzWjKZzmLJAQfs5sTbigGgwhX":{"registrationId":435323652,"currentRatchet":{"ephemeralKeyPair":{"pubKey":"Bd8Sbwgcqu4fVRk4X9N4jeQ6o70c4gaycs7dxnr+dKU8","privKey":"0LB371LgDzY4L6qG1EnDXvurMWnVBUBM1/CGHq7rn2Q="},"lastRemoteEphemeralKey":"BccxUM5X8vSD0shxNOC+Ayb6wSbqyugUY+2YX44UH1wk","previousCounter":0,"rootKey":"07zsbK4c86LAVpmh8ztmJd8aRqk9Fn+BBwQ7uikg/vk="},"indexInfo":{"baseKey":"BZOfGT4nYLzAg4qHlGPzzWjKZzmLJAQfs5sTbigGgwhX","baseKeyType":1,"closed":-1,"used":1676784468440,"created":1676784468440,"remoteIdentityKey":"BbBF4Rmg8/nSjzTzrMurY0ahFnoqv0OrB23E9I8AatBN"},"_chains":{"Bd8Sbwgcqu4fVRk4X9N4jeQ6o70c4gaycs7dxnr+dKU8":{"chainKey":{"counter":0,"key":"aB3wh2veyZ+adExTn9pHl+NCMA38DlMD0PMusNt87AY="},"chainType":1,"messageKeys":{}}},"pendingPreKey":{"signedKeyId":11529541,"baseKey":"BZOfGT4nYLzAg4qHlGPzzWjKZzmLJAQfs5sTbigGgwhX","preKeyId":1007}}},"version":"v1"}