{"_sessions":{"BdckGucEQNhDpkZP1Qcor/pgR4sEOBBEeDJkw+jYWkYk":{"registrationId":2038394197,"currentRatchet":{"ephemeralKeyPair":{"pubKey":"BTu10QV5zGAQ9hoUqzv3a6kstTK1qU4pktj+mTHB5Slg","privKey":"wGp4zbBGBZMrGbrP8qEezDrVi0n3f7HS5XGFstpuB3E="},"lastRemoteEphemeralKey":"BTpI+4bkXd6DzXnt0Z/fBZvfhHYzdQWzIhsT1XnbQws+","previousCounter":0,"rootKey":"7E35m/WZ2MEDSO974lGXnRDZxAhxHi3UaPQF6wGKdiA="},"indexInfo":{"baseKey":"BdckGucEQNhDpkZP1Qcor/pgR4sEOBBEeDJkw+jYWkYk","baseKeyType":1,"closed":-1,"used":1676784469929,"created":1676784469929,"remoteIdentityKey":"BaTXv9miIaxfpkqemHdWgqnGjLGgZuUOCcvFwidmmfgN"},"_chains":{"BTu10QV5zGAQ9hoUqzv3a6kstTK1qU4pktj+mTHB5Slg":{"chainKey":{"counter":0,"key":"eS6rOSMB3bzpKoPA+F/RgsGtOe9EaELXdYPpqEtbYqo="},"chainType":1,"messageKeys":{}}},"pendingPreKey":{"signedKeyId":32,"baseKey":"BdckGucEQNhDpkZP1Qcor/pgR4sEOBBEeDJkw+jYWkYk"}}},"version":"v1"}