{"_sessions":{"BTtcZAY76UmN/6clyIoRwkVfGA3Up9g2ZImRmwbV3tMv":{"registrationId":128,"currentRatchet":{"ephemeralKeyPair":{"pubKey":"BfrBmtHFjG9Fbt1Z10jGpNwUt7z9j6b3vQ8/n85D8GAF","privKey":"8Iui8FTKzzfpE3Hg6js2LqbqGTq6OZVmzuIe7jqaLWI="},"lastRemoteEphemeralKey":"BZNNgsRE/nOVj+8s0b1USZkJ4UBsWdtByn8sNtebKns8","previousCounter":0,"rootKey":"8BcAmrgkYiADVsKWfYHProOwBn7FrnnH9v5ySgnkPx0="},"indexInfo":{"baseKey":"BTtcZAY76UmN/6clyIoRwkVfGA3Up9g2ZImRmwbV3tMv","baseKeyType":1,"closed":1676784472069,"used":1676784468267,"created":1676784468267,"remoteIdentityKey":"BTncx08S2MMSWVqSqQOCUxCw8o9ROCjBzfsrE/KZZFlw"},"_chains":{"BfrBmtHFjG9Fbt1Z10jGpNwUt7z9j6b3vQ8/n85D8GAF":{"chainKey":{"counter":0,"key":"z3Boy4B42irT+4EZ5SrUk3Y15cfq69Mug9SLYQPeJwE="},"chainType":1,"messageKeys":{}}},"pendingPreKey":{"signedKeyId":1,"baseKey":"BTtcZAY76UmN/6clyIoRwkVfGA3Up9g2ZImRmwbV3tMv","preKeyId":334}},"BYwL/gSRqYmFaKFUbHYrtVD6rhDEHGLoyXoL+thXRzwH":{"registrationId":128,"currentRatchet":{"ephemeralKeyPair":{"pubKey":"BR8EC+C0UNjg5i3LZFiala4K3N3utCKOx86v9BIbKHok","privKey":"OHo8qJbiSuioG13QHw1yzg6j/sqkCQ2xex0Kv0yZdk0="},"lastRemoteEphemeralKey":"BW9mIZfiow1W88VPniecFA5NS6TO4xLP3SewPKPmNKF5","previousCounter":0,"rootKey":"uJzBnrJgm2lRCKRNq6UNJchEfb6taNHpHE23BXzlkl0="},"indexInfo":{"baseKey":"BYwL/gSRqYmFaKFUbHYrtVD6rhDEHGLoyXoL+thXRzwH","baseKeyType":2,"closed":-1,"used":1676784472074,"created":1676784472074,"remoteIdentityKey":"BTncx08S2MMSWVqSqQOCUxCw8o9ROCjBzfsrE/KZZFlw"},"_chains":{"BW9mIZfiow1W88VPniecFA5NS6TO4xLP3SewPKPmNKF5":{"chainKey":{"counter":0,"key":"REMRkkBkoyRF+J/GjvCTFD08GPFUy1LeurURAz3LznU="},"chainType":2,"messageKeys":{}},"BR8EC+C0UNjg5i3LZFiala4K3N3utCKOx86v9BIbKHok":{"chainKey":{"counter":-1,"key":"DNgx1SD46jXt2Ey75/wXvwRbPztdoKy8WBoXzQ+ME8s="},"chainType":1,"messageKeys":{}}}}},"version":"v1"}