{"_sessions":{"BeBw98n2wxUrfsk17nC37dbmAzxiExLBxWLLmgt440xA":{"registrationId":1926984884,"currentRatchet":{"ephemeralKeyPair":{"pubKey":"BZWqvdeNtwXBFDv9yuIsvbR0/rMv1erx10eaFL7oLtB5","privKey":"KLuAzVaMtoDS4LRXF11gjApCNCySIVnGjBZcHo9jsFo="},"lastRemoteEphemeralKey":"BUQbO99t7/Vp75A6/5GhCooWnRxT/MBelRjY7oIdMBMR","previousCounter":0,"rootKey":"emycjTdJEtxPOD8yf2ioMHGzXbE5ehIUi+Gc//+cfdg="},"indexInfo":{"baseKey":"BeBw98n2wxUrfsk17nC37dbmAzxiExLBxWLLmgt440xA","baseKeyType":1,"closed":-1,"used":1676784469322,"created":1676784469322,"remoteIdentityKey":"BTV0fozPQRiE9TYa8o+bJLtCxvaBizoFfmOumhb3Kh14"},"_chains":{"BZWqvdeNtwXBFDv9yuIsvbR0/rMv1erx10eaFL7oLtB5":{"chainKey":{"counter":0,"key":"RO6br3ZYTQjNe9ddXsYLJ3LEkTtBfk3G9uB9FCQCXsA="},"chainType":1,"messageKeys":{}}},"pendingPreKey":{"signedKeyId":0,"baseKey":"BeBw98n2wxUrfsk17nC37dbmAzxiExLBxWLLmgt440xA","preKeyId":13906508}}},"version":"v1"}