{"_sessions":{"BYr7C1BIzSoC4eLH5+jtbHl9lKWbVeX1xvNjlqqW7UFD":{"registrationId":1131124793,"currentRatchet":{"ephemeralKeyPair":{"pubKey":"BVCQZy6uJI9M/HOKGICifUZO6wT1nWNV6dGCu5ThpKB6","privKey":"SA5oOie4kUlSzoc1IAAm8AaqICliag1DdGx1Ml3RjEI="},"lastRemoteEphemeralKey":"BXyVnvcLUPfn8/oVReefvOeoi8ZyLPlTt/wlFOadjTN0","previousCounter":0,"rootKey":"rDQFiHr032fnXz4FhYvwJfgS9tdPZhFcEb1krBf//nk="},"indexInfo":{"baseKey":"BYr7C1BIzSoC4eLH5+jtbHl9lKWbVeX1xvNjlqqW7UFD","baseKeyType":1,"closed":-1,"used":1676784470442,"created":1676784470442,"remoteIdentityKey":"BQYpQXSdci+KrfVLbArCrzWnqLqNy+MbK/132NLd8Edy"},"_chains":{"BVCQZy6uJI9M/HOKGICifUZO6wT1nWNV6dGCu5ThpKB6":{"chainKey":{"counter":0,"key":"Vol13bhy0RNC3TVZS/M+h6aq6j4mdrZFz6s6gegN9Lc="},"chainType":1,"messageKeys":{}}},"pendingPreKey":{"signedKeyId":0,"baseKey":"BYr7C1BIzSoC4eLH5+jtbHl9lKWbVeX1xvNjlqqW7UFD","preKeyId":2635912}}},"version":"v1"}