{"_sessions":{"BQ2UH3+CugKalYMjbpVTS1742ipj9v5ItbM6953Ql1F5":{"registrationId":1273647410,"currentRatchet":{"ephemeralKeyPair":{"pubKey":"BfKwQ4GiYwCUAdbAZO1MEJtbUy4rKwfvR6bcImr8maVi","privKey":"uItY5E4dB7/agBa6ZZYWKh5C+2WTen0gtt9RA+P3Amg="},"lastRemoteEphemeralKey":"BRXFdb1ESbkK5RY/JePrUiHAnzssRkIJ3dXd8aFDS3dD","previousCounter":0,"rootKey":"FHEuZ220fCFbKn7oV3npeKCUVBM+PnCCnl6y80OUNhY="},"indexInfo":{"baseKey":"BQ2UH3+CugKalYMjbpVTS1742ipj9v5ItbM6953Ql1F5","baseKeyType":1,"closed":-1,"used":1676784470533,"created":1676784470533,"remoteIdentityKey":"BX5mj9aJz9YKtugUROHx5SJ+Pwnh7W2QupRDbca2EGkk"},"_chains":{"BfKwQ4GiYwCUAdbAZO1MEJtbUy4rKwfvR6bcImr8maVi":{"chainKey":{"counter":0,"key":"KM2BqjedN7SFqZbdmruu0IpBWD9sz7Fw73+1x7hHo+M="},"chainType":1,"messageKeys":{}}},"pendingPreKey":{"signedKeyId":1,"baseKey":"BQ2UH3+CugKalYMjbpVTS1742ipj9v5ItbM6953Ql1F5","preKeyId":11071513}}},"version":"v1"}