{"_sessions":{"BfqDadID5cCRsur2wstcGXRJZxP4QaFdGMujDP8udacE":{"registrationId":1361394322,"currentRatchet":{"ephemeralKeyPair":{"pubKey":"BXPbqYVNv2Ole29S77M3dRJ8JNQJpnRD2Gnk/xUFprcK","privKey":"CIa84K5yjwnMWI9t8Xi8Ww7JuA5F9m+fS3XXhlptaVI="},"lastRemoteEphemeralKey":"BU8ES1TFphquHjWc/TljqEYQOu+KCToiKoUxrlNcgT9a","previousCounter":0,"rootKey":"yOTnQBMg6DebHvljaT4telxokYKysP6JSpvglO7olpI="},"indexInfo":{"baseKey":"BfqDadID5cCRsur2wstcGXRJZxP4QaFdGMujDP8udacE","baseKeyType":1,"closed":-1,"used":1676784468386,"created":1676784468386,"remoteIdentityKey":"Bc+Quk8ORUUZyVU0xApXY9ZLPviVLC2O58Jq8ut1yPZE"},"_chains":{"BXPbqYVNv2Ole29S77M3dRJ8JNQJpnRD2Gnk/xUFprcK":{"chainKey":{"counter":0,"key":"byRZj9WgLvMw5kJgT0zOSUbAIeZDIVwP9VwHD88ExWU="},"chainType":1,"messageKeys":{}}},"pendingPreKey":{"signedKeyId":1,"baseKey":"BfqDadID5cCRsur2wstcGXRJZxP4QaFdGMujDP8udacE","preKeyId":12425933}}},"version":"v1"}