{"_sessions":{"Bcl8A5B3cXEPjuKnTpb5VGwrG5rcoL7aQqFdifE/kzhw":{"registrationId":12672,"currentRatchet":{"ephemeralKeyPair":{"pubKey":"BWMqibILPePwc/YmcY3oq/a2UJBJYvs19IlTO923Cy88","privKey":"APlMIbD1/6uWe3PBzjyiUdJwBvQEwz8oPhEHLHMM2Gg="},"lastRemoteEphemeralKey":"BRYWTXCesD4epiB3wIbcUY40AuloOHH0Eb5Lmk7NWAAm","previousCounter":0,"rootKey":"aVQJTpBiuWnyXjbkyyjuseUyIVAhFC1kEVYiHAnbOU0="},"indexInfo":{"baseKey":"Bcl8A5B3cXEPjuKnTpb5VGwrG5rcoL7aQqFdifE/kzhw","baseKeyType":1,"closed":-1,"used":1676784468054,"created":1676784468054,"remoteIdentityKey":"BVFWJD8i9LtNKH44i4EnKhV0sH37u0sTjCjov1YbKO0C"},"_chains":{"BWMqibILPePwc/YmcY3oq/a2UJBJYvs19IlTO923Cy88":{"chainKey":{"counter":0,"key":"5OicgejU1c31NcNFjzU+CbSiruvmKSOom33yPtup8XY="},"chainType":1,"messageKeys":{}}},"pendingPreKey":{"signedKeyId":1,"baseKey":"Bcl8A5B3cXEPjuKnTpb5VGwrG5rcoL7aQqFdifE/kzhw","preKeyId":398}}},"version":"v1"}