{"_sessions":{"BWXxr8d2461cwC4SpxhabkNa7QtU7tK8E/faNhTKKPAG":{"registrationId":2107491646,"currentRatchet":{"ephemeralKeyPair":{"pubKey":"BR2TdM++6Dxv1RnFZPBhuyr1Y5yn3GxewfIVJcUh/Rko","privKey":"2ASIQCr3HXxJIijMT8JBBNNYgMtK/s0eeUjRSRTPH2g="},"lastRemoteEphemeralKey":"Be5I6tMSSyzpNvnLe2B8MOIOnjcRPz+o4Vxe4F25crow","previousCounter":0,"rootKey":"zQa392MJ1zdwk+QDH2ux3cPtwf2iMDal+CiYt5n/qMw="},"indexInfo":{"baseKey":"BWXxr8d2461cwC4SpxhabkNa7QtU7tK8E/faNhTKKPAG","baseKeyType":1,"closed":-1,"used":1676784469907,"created":1676784469907,"remoteIdentityKey":"Ba61hb0FhN8G8gwEAHNtinHS0dTLOLU6VD3krewVUUUf"},"_chains":{"BR2TdM++6Dxv1RnFZPBhuyr1Y5yn3GxewfIVJcUh/Rko":{"chainKey":{"counter":0,"key":"wYuKTY4rA3QBWmi5UhJEnLYja49H9sBBV+Z49wMEGHE="},"chainType":1,"messageKeys":{}}},"pendingPreKey":{"signedKeyId":0,"baseKey":"BWXxr8d2461cwC4SpxhabkNa7QtU7tK8E/faNhTKKPAG"}}},"version":"v1"}