{"_sessions":{"BeCwgQs50hNniq1dLuQtg14E+CrEahPLomtifPSQDURr":{"registrationId":2038004637,"currentRatchet":{"ephemeralKeyPair":{"pubKey":"Bak7r58ZrcUiJtT+YjP95MWJUTR578RfGsHpSDLVqh9+","privKey":"GD2GiXgogTxRbjS03ZoIDYE2VARVGy3hr/dpa//5Ckc="},"lastRemoteEphemeralKey":"BSV1RrZUfdVn/Al+VmvAz3F+KC3R/rJGqIP36UfPt0hY","previousCounter":0,"rootKey":"vzlSs9D3oftqZ7d/uTMKyGQd1xL52WGSa2WQZE4ABSw="},"indexInfo":{"baseKey":"BeCwgQs50hNniq1dLuQtg14E+CrEahPLomtifPSQDURr","baseKeyType":1,"closed":-1,"used":1676784469604,"created":1676784469604,"remoteIdentityKey":"BUZoCT1NAKbanf+i75IHDkcCFwacbsRGyhVEcby/+jAu"},"_chains":{"Bak7r58ZrcUiJtT+YjP95MWJUTR578RfGsHpSDLVqh9+":{"chainKey":{"counter":0,"key":"jLzUMQYmQe5O2Obsp1cjDZBlT+/oDYTko/Irnl3pQzk="},"chainType":1,"messageKeys":{}}},"pendingPreKey":{"signedKeyId":8,"baseKey":"BeCwgQs50hNniq1dLuQtg14E+CrEahPLomtifPSQDURr","preKeyId":1948952}}},"version":"v1"}