{"_sessions":{"BfHTBaQ3BDf7FU4ot9CtbZaeocf+x//u0FlPyJ2cLS5r":{"registrationId":664516159,"currentRatchet":{"ephemeralKeyPair":{"pubKey":"BT7ZlLIClYXH2HVBSuLdRqFj7XkfvMl4ItWuebwfZVc7","privKey":"wPks827CGS4bQoIeXkCY+ipftt8l809tmetR8kAat0E="},"lastRemoteEphemeralKey":"BfkoG09Do3GSW1Gn2mhdxkIbY9DVTmFIho/+5uZEC6V5","previousCounter":0,"rootKey":"alyqKY+Jcd7aztzzPM/KlAEi4T7UE+iZwNb5UX7nKiM="},"indexInfo":{"baseKey":"BfHTBaQ3BDf7FU4ot9CtbZaeocf+x//u0FlPyJ2cLS5r","baseKeyType":1,"closed":-1,"used":1676784469725,"created":1676784469725,"remoteIdentityKey":"BfJFkgUcvax/a7imjE0Wn5vNQC01WnEDkcwfnQ7wpCx1"},"_chains":{"BT7ZlLIClYXH2HVBSuLdRqFj7XkfvMl4ItWuebwfZVc7":{"chainKey":{"counter":0,"key":"maOXWCvfi2myspe5gxHrOqw6Hqdo3bdl4JFMQgdlLVc="},"chainType":1,"messageKeys":{}}},"pendingPreKey":{"signedKeyId":0,"baseKey":"BfHTBaQ3BDf7FU4ot9CtbZaeocf+x//u0FlPyJ2cLS5r","preKeyId":8481342}}},"version":"v1"}