{"_sessions":{"BXqYuCgy0hFvJZ88r00gTOqYHyUnkZ69WsqZHfKlxNka":{"registrationId":311188276,"currentRatchet":{"ephemeralKeyPair":{"pubKey":"Bem78OQQGKahTcw7isoNYzkyhU2XpT7BBCHp1DoJmQ99","privKey":"OJOq5U59Hm9zSCtlxW6Q5E4kmZtkeClkfcVxgTvACn8="},"lastRemoteEphemeralKey":"BQWQCKipjOZeiIrg2UHt1T1jSF9BVGUNg4+DnPhI5pYe","previousCounter":0,"rootKey":"btU7+5dIBsRE7riXJoVvWFQdBvHC65i6qEujudl2Iic="},"indexInfo":{"baseKey":"BXqYuCgy0hFvJZ88r00gTOqYHyUnkZ69WsqZHfKlxNka","baseKeyType":1,"closed":-1,"used":1676784470136,"created":1676784470136,"remoteIdentityKey":"BeYSTxa0hYLjz1kidJu/iP9ur7wVaAROFV5qTSXIbI5/"},"_chains":{"Bem78OQQGKahTcw7isoNYzkyhU2XpT7BBCHp1DoJmQ99":{"chainKey":{"counter":0,"key":"D5nm+E8nDnqUDeaADvanohZ/82sTp3W3nO19W433OgI="},"chainType":1,"messageKeys":{}}},"pendingPreKey":{"signedKeyId":0,"baseKey":"BXqYuCgy0hFvJZ88r00gTOqYHyUnkZ69WsqZHfKlxNka"}}},"version":"v1"}