{"_sessions":{"Bddp9MRq5L3l9/scbZfayAgAngqPz+fHqe2g7hGV3KMu":{"registrationId":4387452,"currentRatchet":{"ephemeralKeyPair":{"pubKey":"BVNq6GnEDVxOlLui/0Jt9d2m5UFhAxJHZLqXCLkPD2se","privKey":"UGKX/HHNpHcm28brHRSpRX762b/Qypnz/V2rr4weTnk="},"lastRemoteEphemeralKey":"Bc7C05UAWO6IBiBMsSxbQ6XSDUJ6u+rBouXMZdAzKiUi","previousCounter":0,"rootKey":"I9jwqvI/iBsXw7B7TyCYGqlPpQcYUuC3XvaNr8v1gbQ="},"indexInfo":{"baseKey":"Bddp9MRq5L3l9/scbZfayAgAngqPz+fHqe2g7hGV3KMu","baseKeyType":1,"closed":-1,"used":1676784470453,"created":1676784470453,"remoteIdentityKey":"Bf/ygL78dGOpAu0oiFQ4zVqRjsiTWFl4khX3i08IuGUJ"},"_chains":{"BVNq6GnEDVxOlLui/0Jt9d2m5UFhAxJHZLqXCLkPD2se":{"chainKey":{"counter":0,"key":"LxfiVbuD82m6cL9A542HXVTXhyoratmWVD2xAR2JYcc="},"chainType":1,"messageKeys":{}}},"pendingPreKey":{"signedKeyId":0,"baseKey":"Bddp9MRq5L3l9/scbZfayAgAngqPz+fHqe2g7hGV3KMu","preKeyId":16098240}}},"version":"v1"}