{"_sessions":{"BVLF4xB1RbR4qFQ8DKxXw8O2VIj5Tfw/Rh0e5wEvkptZ":{"registrationId":163,"currentRatchet":{"ephemeralKeyPair":{"pubKey":"BVxrK28zSVFCLLun6HhNaTTrOHX1aJS3A2IzqRFPdlh6","privKey":"6EIuQI5ObL58p1wfTfOb56V1hjSVtqlIKIUZDuIZA2c="},"lastRemoteEphemeralKey":"BQscZQGofapLZBNA3YN+SFw6BgDZAM4le3QVUVbAsVQj","previousCounter":0,"rootKey":"9MdMj1WOTxFia2/lvI/7TfNWu2UBfKnLTjv3LoqfzN0="},"indexInfo":{"baseKey":"BVLF4xB1RbR4qFQ8DKxXw8O2VIj5Tfw/Rh0e5wEvkptZ","baseKeyType":1,"closed":-1,"used":1676784468307,"created":1676784468307,"remoteIdentityKey":"BTjkG9F0u6HRJos9M/dhBa4qXsXH4JJDSE6CEU6nq3R2"},"_chains":{"BVxrK28zSVFCLLun6HhNaTTrOHX1aJS3A2IzqRFPdlh6":{"chainKey":{"counter":0,"key":"uIXmnla1NH5T5aMHUV8X21w5ggbFHB0lySFwxj/OESo="},"chainType":1,"messageKeys":{}}},"pendingPreKey":{"signedKeyId":1,"baseKey":"BVLF4xB1RbR4qFQ8DKxXw8O2VIj5Tfw/Rh0e5wEvkptZ"}}},"version":"v1"}