{"_sessions":{"BdY3zdfnbfaGD+XEvo7A3b5ON8pRw6u7w5t2yLLh6bYb":{"registrationId":623483507,"currentRatchet":{"ephemeralKeyPair":{"pubKey":"BZPWJmuX4o+CniW+VRJtwCdcPBwg0s4p3r1uLRoBTawj","privKey":"cGF9C11KSWZqS/X74YlTDjsprzMFJAlys+LSw7n6p1w="},"lastRemoteEphemeralKey":"BSSJiJOrV0o1vRy5klqNJIIvCKqdm9sx1Y3mGXND3QlH","previousCounter":0,"rootKey":"qFrI7KwMzDovrtQct5mRXSXLY4CygqvKGLrW01tPsAE="},"indexInfo":{"baseKey":"BdY3zdfnbfaGD+XEvo7A3b5ON8pRw6u7w5t2yLLh6bYb","baseKeyType":1,"closed":-1,"used":1676784468831,"created":1676784468831,"remoteIdentityKey":"Bd+/8vlHcO/uowpv9LyHjarubsvIrcN+P8qux9gcy2Aa"},"_chains":{"BZPWJmuX4o+CniW+VRJtwCdcPBwg0s4p3r1uLRoBTawj":{"chainKey":{"counter":0,"key":"oJ0bbvq9Vbd48kvxeJszUhfu82POzIEo9gGtBx3yGxw="},"chainType":1,"messageKeys":{}}},"pendingPreKey":{"signedKeyId":1,"baseKey":"BdY3zdfnbfaGD+XEvo7A3b5ON8pRw6u7w5t2yLLh6bYb"}}},"version":"v1"}