{"_sessions":{"Bb3s1NAL6wqfkWfgbwiaeFpialixLSlfL9cjul+mjK5H":{"registrationId":59,"currentRatchet":{"ephemeralKeyPair":{"pubKey":"BeaBhH0vk5dS7DhWJqH3YY3TGx41k9wdm6KeQbhR7m8r","privKey":"GILloSRwv0nYG+BY9HQ/08B9JP/y1U2pWbjBJAsKA1c="},"lastRemoteEphemeralKey":"BaSkJUXD1WMc9J61WNxJmVvC440Z+jLA+BFhKI/8Ck1K","previousCounter":0,"rootKey":"fJaHVhdtLkEOSiRbuHHeh0CL1Be4v6chrOJt7CIVbKA="},"indexInfo":{"baseKey":"Bb3s1NAL6wqfkWfgbwiaeFpialixLSlfL9cjul+mjK5H","baseKeyType":1,"closed":-1,"used":1676784467891,"created":1676784467891,"remoteIdentityKey":"BamlDy1D0msOCO28GNeDFiBxW+LqFBootgVdNljdDuRm"},"_chains":{"BeaBhH0vk5dS7DhWJqH3YY3TGx41k9wdm6KeQbhR7m8r":{"chainKey":{"counter":0,"key":"9YMCGLns7u5VGydSe0y3dUXk4tGIJ0gESy/hu8XH0AM="},"chainType":1,"messageKeys":{}}},"pendingPreKey":{"signedKeyId":1,"baseKey":"Bb3s1NAL6wqfkWfgbwiaeFpialixLSlfL9cjul+mjK5H"}}},"version":"v1"}