{"_sessions":{"BeDNGYsPWsCuk+BcUfN7Z+Ek66NhigLAEP9G5CNmAZgC":{"registrationId":1632459597,"currentRatchet":{"ephemeralKeyPair":{"pubKey":"BSVgnYvvsz/eEwZAV0uW7EHZk/tj1LRzSL0pfrUkb4Br","privKey":"SOMzgSgXEMOwlAWXq6kZFac7hwSax+LiL4Fmv7ye9nk="},"lastRemoteEphemeralKey":"BWqzh0/ciONo363/aKdLtCr59YAhgu7bmYviTqij4dQq","previousCounter":0,"rootKey":"u8nmjnCRSmZsDmXnltXlkt/4ZsEooSo1EdZ+JTBek0I="},"indexInfo":{"baseKey":"BeDNGYsPWsCuk+BcUfN7Z+Ek66NhigLAEP9G5CNmAZgC","baseKeyType":1,"closed":-1,"used":1676784469241,"created":1676784469241,"remoteIdentityKey":"BfvjAMWo7jiEJ4Ww/4mB/ad6bfmSBC3xWPyN25Q+DY5V"},"_chains":{"BSVgnYvvsz/eEwZAV0uW7EHZk/tj1LRzSL0pfrUkb4Br":{"chainKey":{"counter":0,"key":"5Xb21NIoqrnXLhgk7OYmdE8TDEgNmjaRl4Vu2To019o="},"chainType":1,"messageKeys":{}}},"pendingPreKey":{"signedKeyId":21,"baseKey":"BeDNGYsPWsCuk+BcUfN7Z+Ek66NhigLAEP9G5CNmAZgC","preKeyId":9552355}}},"version":"v1"}