{"_sessions":{"BSBxyANTBGbQNh3fGRq/eC8Lk9ThtgKB4RhsKnEn76lA":{"registrationId":212,"currentRatchet":{"ephemeralKeyPair":{"pubKey":"BQ2P6MyY+/UixJ1aOcrufm0polR+ftlP/00UIjPN2+NT","privKey":"CCt5cRL6TPwY7zXeAjn+mhggnoNo+qBAiuwivbjqBkA="},"lastRemoteEphemeralKey":"BXlH/HlBLAgcGKFlxF9qralBAJ8Mc0OBALxTL1ZKk0A4","previousCounter":0,"rootKey":"qrROH52Wd1Kj5NCbb2wO1ViNJzLRSeNigK3nIW0UozI="},"indexInfo":{"baseKey":"BSBxyANTBGbQNh3fGRq/eC8Lk9ThtgKB4RhsKnEn76lA","baseKeyType":1,"closed":-1,"used":1676784468082,"created":1676784468082,"remoteIdentityKey":"BfJdfWgco44YQP3R91b6Ug6Ror/YLVpFdz0MFlm2j2t/"},"_chains":{"BQ2P6MyY+/UixJ1aOcrufm0polR+ftlP/00UIjPN2+NT":{"chainKey":{"counter":0,"key":"Ha6W4CGJXLZ/r16SMDSlJMQSc8bTWfZwQRe0sozRhFo="},"chainType":1,"messageKeys":{}}},"pendingPreKey":{"signedKeyId":1,"baseKey":"BSBxyANTBGbQNh3fGRq/eC8Lk9ThtgKB4RhsKnEn76lA"}}},"version":"v1"}