{"_sessions":{"BbqGjByLj5TVhs/xDm/HI4ibHu1LVoHQJjVHLj/sO8dm":{"registrationId":343753316,"currentRatchet":{"ephemeralKeyPair":{"pubKey":"BVF/g1GOvyKiI6BftUAJ0iwApxHsLPk34VBwR02VzAUL","privKey":"GFZxHzTRBoYePSKjCfJNlkIZ12scxtYZqeXuNOyIsFA="},"lastRemoteEphemeralKey":"BVlXeJ2Ln35ChVFxNBmi681tjOVq4jS+IJnKEe9cvvgZ","previousCounter":0,"rootKey":"oCMKtddizvOyN39wtOIfKwSxX2XouIW3duooXKQMKYQ="},"indexInfo":{"baseKey":"BbqGjByLj5TVhs/xDm/HI4ibHu1LVoHQJjVHLj/sO8dm","baseKeyType":1,"closed":-1,"used":1676784468619,"created":1676784468619,"remoteIdentityKey":"BQ1GsHQEAV2W2TCHwOqkVBQA1S5XWw5T0D2bre9hFkx8"},"_chains":{"BVF/g1GOvyKiI6BftUAJ0iwApxHsLPk34VBwR02VzAUL":{"chainKey":{"counter":0,"key":"Dy/nRlUDQoEXPiPeGgD0x5ayQxKvZY3V7ADwxEz+CH4="},"chainType":1,"messageKeys":{}}},"pendingPreKey":{"signedKeyId":0,"baseKey":"BbqGjByLj5TVhs/xDm/HI4ibHu1LVoHQJjVHLj/sO8dm","preKeyId":8818134}}},"version":"v1"}