{"_sessions":{"BYPvGSKZIpjsamK7js8FMaOdW5t2DW+w3brpqYLaHrJY":{"registrationId":2139949082,"currentRatchet":{"ephemeralKeyPair":{"pubKey":"BSKxGaMe0ZE+WlDeZYJgmoRm3TYSGf1AKdt4J6Uis5x0","privKey":"mJW9BUmX388bqwaHzqIjMJTiiu21dduWgtrkRWJmgXk="},"lastRemoteEphemeralKey":"BUPSQNBemw95vGcGITRYdnYvEnKbiaoCHmQ0MXYn/pFc","previousCounter":0,"rootKey":"X2pKjmBV5TvTtr5vnW7efcSrDwj6Cz/mQ1bLMSHTeoM="},"indexInfo":{"baseKey":"BYPvGSKZIpjsamK7js8FMaOdW5t2DW+w3brpqYLaHrJY","baseKeyType":1,"closed":-1,"used":1676784469308,"created":1676784469308,"remoteIdentityKey":"BYJ0yT+qj1Q6uCzBB6Lr5vRMjsFKlcjF7ME+37GXyY0K"},"_chains":{"BSKxGaMe0ZE+WlDeZYJgmoRm3TYSGf1AKdt4J6Uis5x0":{"chainKey":{"counter":0,"key":"1L8H9B4WCT6CuVDE+yE5McyHLy2UTh6oKDC5pVVmATw="},"chainType":1,"messageKeys":{}}},"pendingPreKey":{"signedKeyId":2,"baseKey":"BYPvGSKZIpjsamK7js8FMaOdW5t2DW+w3brpqYLaHrJY","preKeyId":7826256}}},"version":"v1"}