{"_sessions":{"BSyZvsp+ybvW+Cly4BDkfe9zdLgN8YKZZB5g4Wbw2pVv":{"registrationId":2981434,"currentRatchet":{"ephemeralKeyPair":{"pubKey":"BUIqdagekR9lsweS8lVApf5cWXAXjr6BCBdp37OW2csm","privKey":"EGzSJQmG6gQt9wf7qe0PLzg0QHJ/ATlCOejhxoMhgE0="},"lastRemoteEphemeralKey":"BRJ/1cEpLMcPDu+5VRs1b+GkSE2b+Jv1H7NTaq2JDAQy","previousCounter":0,"rootKey":"XBu4I5D9zvc5EqaLGmRUW1m4jNoAW7zuMTsIgC6nrr8="},"indexInfo":{"baseKey":"BSyZvsp+ybvW+Cly4BDkfe9zdLgN8YKZZB5g4Wbw2pVv","baseKeyType":1,"closed":-1,"used":1676784468655,"created":1676784468655,"remoteIdentityKey":"BaVnwLQHIbBOcWVCfJXUJ/k2oTutRt1VTNWjz++sZvsv"},"_chains":{"BUIqdagekR9lsweS8lVApf5cWXAXjr6BCBdp37OW2csm":{"chainKey":{"counter":0,"key":"CxDIqlBxBK0eP9mFnTmZK/C3dh8d1uj7v8oP11waYhQ="},"chainType":1,"messageKeys":{}}},"pendingPreKey":{"signedKeyId":4,"baseKey":"BSyZvsp+ybvW+Cly4BDkfe9zdLgN8YKZZB5g4Wbw2pVv","preKeyId":12051362}}},"version":"v1"}