{"_sessions":{"BRloeREz4ZaRL9KsaIcfCHBrhwU4oUJiLa4hxoSQpmlr":{"registrationId":734691208,"currentRatchet":{"ephemeralKeyPair":{"pubKey":"BYd0F1qt5pq2tzrhd88W3+CxZ5hlrhVQiSx+Kz8LyXR2","privKey":"6BfiTFh3Tw+2hfbgfaqZCthqi8w4ah4mo7AA+bDB0WA="},"lastRemoteEphemeralKey":"BRccaBToihNpEwXWarLdMjjHhZkSVmkMkRcdz1I8/2Zt","previousCounter":0,"rootKey":"iDxe+vHYJo9CyZ43BqlXuSqf5oaO0fK89D4UrK2iS2k="},"indexInfo":{"baseKey":"BRloeREz4ZaRL9KsaIcfCHBrhwU4oUJiLa4hxoSQpmlr","baseKeyType":1,"closed":-1,"used":1676784469224,"created":1676784469224,"remoteIdentityKey":"BSgSpVQJ641NKtcILuXMTHdlIssJC/uwehuDHCRN4+4n"},"_chains":{"BYd0F1qt5pq2tzrhd88W3+CxZ5hlrhVQiSx+Kz8LyXR2":{"chainKey":{"counter":0,"key":"km9UfWL91YT2VJjWaajIsZVQr8dGHW26skVfHvcFb6E="},"chainType":1,"messageKeys":{}}},"pendingPreKey":{"signedKeyId":6,"baseKey":"BRloeREz4ZaRL9KsaIcfCHBrhwU4oUJiLa4hxoSQpmlr","preKeyId":9898593}}},"version":"v1"}