{"_sessions":{"BeJrgFCy8c6sKLGug1DlvmFrXSN6I5XPtDmYTFANNrxJ":{"registrationId":344045582,"currentRatchet":{"ephemeralKeyPair":{"pubKey":"BRhNGZXsneScx0OX4yStxYVVl1qd1QI5JDsn8vDvNIMD","privKey":"GHYqqdJTUlRaazQMqRcS3UUrT9gOplzuWLba8ytxPF4="},"lastRemoteEphemeralKey":"BdMjpVW/1fY7b1c0+qGg8hFiQbIBOoa7OQHhpqwp6upt","previousCounter":0,"rootKey":"hp88ZIa4hyQ//4f7OrwJLVjHUsQOfoadjRRg40MS4nY="},"indexInfo":{"baseKey":"BeJrgFCy8c6sKLGug1DlvmFrXSN6I5XPtDmYTFANNrxJ","baseKeyType":1,"closed":-1,"used":1676784469367,"created":1676784469367,"remoteIdentityKey":"BSN6h07xGQbTRl/a5ov2ogLn/Sj4kRxp3i4c0fc6th4p"},"_chains":{"BRhNGZXsneScx0OX4yStxYVVl1qd1QI5JDsn8vDvNIMD":{"chainKey":{"counter":0,"key":"wCz6ETxrQHjRuQoNDXnr3YD6wQJkOKndhqtcDB8b3Pg="},"chainType":1,"messageKeys":{}}},"pendingPreKey":{"signedKeyId":2,"baseKey":"BeJrgFCy8c6sKLGug1DlvmFrXSN6I5XPtDmYTFANNrxJ","preKeyId":7817491}}},"version":"v1"}