{"_sessions":{"BbsPQ9ZxWPVgI+QbGP/0LlPrzeV11r6A4AYBx3wZmT8t":{"registrationId":1621641710,"currentRatchet":{"ephemeralKeyPair":{"pubKey":"Bey3hxTLdwFwHzyVtImfEIRmrmjap2OsN52TZ9RMOSpl","privKey":"IGNOUZxTRb0Gytd91PuyPG4iu3Got7Z0WY1yZVuDTE4="},"lastRemoteEphemeralKey":"BTZ+f8RIXvU0JfwTTAWF9VhGOouQZKJrExTsLPRGXVoo","previousCounter":0,"rootKey":"Ej5VdYYQThWOfPKDFhQln99RW4suOTBskG48WXVEcsw="},"indexInfo":{"baseKey":"BbsPQ9ZxWPVgI+QbGP/0LlPrzeV11r6A4AYBx3wZmT8t","baseKeyType":1,"closed":-1,"used":1676784469866,"created":1676784469866,"remoteIdentityKey":"BbnOfh6rU/AhnzxFb5BDhsPeI6Pd+ueKE+wgndC5a+JU"},"_chains":{"Bey3hxTLdwFwHzyVtImfEIRmrmjap2OsN52TZ9RMOSpl":{"chainKey":{"counter":0,"key":"YlaVu86RV0raJ9NuHBikUkIrol6A6HLBC1HSY+flyGo="},"chainType":1,"messageKeys":{}}},"pendingPreKey":{"signedKeyId":6,"baseKey":"BbsPQ9ZxWPVgI+QbGP/0LlPrzeV11r6A4AYBx3wZmT8t","preKeyId":2137681}}},"version":"v1"}