{"_sessions":{"BWpUkmI2N9H3bsH2WVdhJuvFnTByMTlWSdqIuMdPUghp":{"registrationId":1369752540,"currentRatchet":{"ephemeralKeyPair":{"pubKey":"Ba1iLl2r/demYpgJ4Q9eBGXnTNbitWgSGMQYiDHNxhpG","privKey":"yIZmago8327xbw6idFZFYI1/Pm7tJT5sq7DGLXmBM04="},"lastRemoteEphemeralKey":"BYA7KKgNZtRTaD7lOaipnr/K/ZUahLrjcr1Buhnfl2oN","previousCounter":0,"rootKey":"qvWKxx+TX+xfmHuMp9g2Qc0SCEaG04Lu/kwXucpYkuE="},"indexInfo":{"baseKey":"BWpUkmI2N9H3bsH2WVdhJuvFnTByMTlWSdqIuMdPUghp","baseKeyType":1,"closed":-1,"used":1676784469410,"created":1676784469410,"remoteIdentityKey":"BfOwCEmth4ltGywmJN9HXtGWWNmQ8ZSTjRHB3wGtBP8U"},"_chains":{"Ba1iLl2r/demYpgJ4Q9eBGXnTNbitWgSGMQYiDHNxhpG":{"chainKey":{"counter":0,"key":"wXzobrIB/a252UD7gCL8+upfHuysa620Uk5HEABVx0Q="},"chainType":1,"messageKeys":{}}},"pendingPreKey":{"signedKeyId":2,"baseKey":"BWpUkmI2N9H3bsH2WVdhJuvFnTByMTlWSdqIuMdPUghp"}}},"version":"v1"}