{"_sessions":{"Bb/kRWI4kz+//qSznRLqaqHq4dYPSwuG/10mE/whPShQ":{"registrationId":14,"currentRatchet":{"ephemeralKeyPair":{"pubKey":"BQc99Yhj8oNTOk9C5ZVYis86bFxgFZsR+HMrM1pHrssB","privKey":"QDnClbUBhk/SCjxmHBpE4wPim9EMpTSpeSy1V1eq+V8="},"lastRemoteEphemeralKey":"BX0k2vCpREY/dmaXMHtVFJWBqZxBQFrJpMOOXB1eIPFj","previousCounter":0,"rootKey":"U+yUO72rhFiGay7OQW+5PrS6qtYFiHa+JOas9wPTmGA="},"indexInfo":{"baseKey":"Bb/kRWI4kz+//qSznRLqaqHq4dYPSwuG/10mE/whPShQ","baseKeyType":1,"closed":-1,"used":1676784467978,"created":1676784467978,"remoteIdentityKey":"BTEw2/YZH15BlyOTJIVeghSTad3iLdKX3zmzRkuL5IRo"},"_chains":{"BQc99Yhj8oNTOk9C5ZVYis86bFxgFZsR+HMrM1pHrssB":{"chainKey":{"counter":0,"key":"8AtrWMQ8c3qP3J4NuDY+Avsrqf+fpWNPU1txsuZfXx4="},"chainType":1,"messageKeys":{}}},"pendingPreKey":{"signedKeyId":1,"baseKey":"Bb/kRWI4kz+//qSznRLqaqHq4dYPSwuG/10mE/whPShQ"}}},"version":"v1"}