{"_sessions":{"BcivHYTtqvRcKO+6gilYwxeUxJnSIEyJj2JvMFAyuj5B":{"registrationId":274263369,"currentRatchet":{"ephemeralKeyPair":{"pubKey":"BSJElPbhV5pPnOmMawe0YGWKCbCv6ye0kIG9DivdiEs2","privKey":"OAEzw9olE2WeQTt/XGRUaNSU/qkKT7TG6UG51tyBwmU="},"lastRemoteEphemeralKey":"BWMWTixxiTJuw/wFvKtZ5S1eh+1CfNyO6nrinx7g3NgN","previousCounter":0,"rootKey":"4xz9bbsBtM8DtWoinrHWy650i3sXBbuqfBWOYG2AS00="},"indexInfo":{"baseKey":"BcivHYTtqvRcKO+6gilYwxeUxJnSIEyJj2JvMFAyuj5B","baseKeyType":1,"closed":-1,"used":1676784469490,"created":1676784469490,"remoteIdentityKey":"BUJ3TmcaCVZDMefBe88XRGLsKCxpOXxVUHsjtZhl4Pc9"},"_chains":{"BSJElPbhV5pPnOmMawe0YGWKCbCv6ye0kIG9DivdiEs2":{"chainKey":{"counter":0,"key":"xvt8MNW0sS1HcHT0J5gbN377XPMgjihzOseYZ/ZlrQc="},"chainType":1,"messageKeys":{}}},"pendingPreKey":{"signedKeyId":0,"baseKey":"BcivHYTtqvRcKO+6gilYwxeUxJnSIEyJj2JvMFAyuj5B"}}},"version":"v1"}