{"_sessions":{"BRBBkma5zSze/PVLffN2C0Xhhd1O0qihAn6p63iCC9wI":{"registrationId":1863888104,"currentRatchet":{"ephemeralKeyPair":{"pubKey":"BS5r22nRwIfND3YDfxcCw1s38VRPCi9xw7eG5JqkjlVw","privKey":"eGxSe1rxNfBsuIWHw+qxo5hjQlS9+UD/WsvDnuYnQ3A="},"lastRemoteEphemeralKey":"BQKOA2ciWN3PQmuJtiyp0dmY9FwyYFHUoFncD8WKl+Us","previousCounter":0,"rootKey":"4G5rX8Cie3+Chl/rndb1yWRPfD8ooNRupM3QQocEFMk="},"indexInfo":{"baseKey":"BRBBkma5zSze/PVLffN2C0Xhhd1O0qihAn6p63iCC9wI","baseKeyType":1,"closed":-1,"used":1676784469872,"created":1676784469872,"remoteIdentityKey":"BRfve58uHN1AWmZkC6EczmBcA35aCAMGyfcvYAHl9/Z/"},"_chains":{"BS5r22nRwIfND3YDfxcCw1s38VRPCi9xw7eG5JqkjlVw":{"chainKey":{"counter":0,"key":"/K5jpC+2XXqeeugfSrYDoR8y2VDH6MbJUY2oqVWJ9CI="},"chainType":1,"messageKeys":{}}},"pendingPreKey":{"signedKeyId":11,"baseKey":"BRBBkma5zSze/PVLffN2C0Xhhd1O0qihAn6p63iCC9wI","preKeyId":6708825}}},"version":"v1"}