{"_sessions":{"BYGJFg1YCha1C+L24FTcglJt/BadFjpa5vhPtRrrLnM6":{"registrationId":1009949049,"currentRatchet":{"ephemeralKeyPair":{"pubKey":"Bb4pvSpTn8jA04RqUV3Xj/xHXmc4fgXfFljENW33628g","privKey":"+GEsFe+b7VopnIqozBDW04+ZRFOTvY4NVG+ovbUhCG4="},"lastRemoteEphemeralKey":"BfOK3xEXDprYkcZIKPrWSwEfg46ISHt/92c8fqlA7Dwh","previousCounter":0,"rootKey":"UR/f0wOY47YpmjzlZmR2rFq6kQMjT2PQL16J71W+sXs="},"indexInfo":{"baseKey":"BYGJFg1YCha1C+L24FTcglJt/BadFjpa5vhPtRrrLnM6","baseKeyType":1,"closed":-1,"used":1676784469610,"created":1676784469610,"remoteIdentityKey":"BYugf5Q5+frfeqpNZJPrsVLFmQi1XgCVRdtBpQdFNGt+"},"_chains":{"Bb4pvSpTn8jA04RqUV3Xj/xHXmc4fgXfFljENW33628g":{"chainKey":{"counter":0,"key":"XN0bWkREBxnQEt0oKa+7ldBbbiMNdU/Qmv3xGMyk54I="},"chainType":1,"messageKeys":{}}},"pendingPreKey":{"signedKeyId":0,"baseKey":"BYGJFg1YCha1C+L24FTcglJt/BadFjpa5vhPtRrrLnM6"}}},"version":"v1"}