{"_sessions":{"BZkrDdQHqfIe1HcVUrsydB5aKpDiLZBgXlHTdKZwjKse":{"registrationId":2126621021,"currentRatchet":{"ephemeralKeyPair":{"pubKey":"BdzmH8m7NmiFzSDiz5elPlbElO2GGl87rQIvTm1Nk9gX","privKey":"OE8KdLuzFumNzepFbvd1EQ+dGhPBKw9BZkW+Zjutqnw="},"lastRemoteEphemeralKey":"BZ+/J0qw+/PTmJvMN9sts+20kmLlsIQoNOKPOJ0sdENz","previousCounter":0,"rootKey":"YghpuIRd4NeLyM+14IuxKSqMuHej6OdxSxD//GAXCro="},"indexInfo":{"baseKey":"BZkrDdQHqfIe1HcVUrsydB5aKpDiLZBgXlHTdKZwjKse","baseKeyType":1,"closed":-1,"used":1676784468691,"created":1676784468691,"remoteIdentityKey":"BSUBk8421jgO7LG7kshuwvv1ztaxmnj+XULEFYcpYP1f"},"_chains":{"BdzmH8m7NmiFzSDiz5elPlbElO2GGl87rQIvTm1Nk9gX":{"chainKey":{"counter":0,"key":"lIk797c+ElSNpofEYpGSxHjqYl5VEuyAgoNj/34HZlU="},"chainType":1,"messageKeys":{}}},"pendingPreKey":{"signedKeyId":4,"baseKey":"BZkrDdQHqfIe1HcVUrsydB5aKpDiLZBgXlHTdKZwjKse","preKeyId":6941961}}},"version":"v1"}