{"_sessions":{"BRuvPXIEbhThkLwWBG8ZMAATiD7+x9KE1jzQGoncXtwO":{"registrationId":1199934489,"currentRatchet":{"ephemeralKeyPair":{"pubKey":"BYJfAs+kLf/ubdY8kNn11p0TdJrKrfEvDGpg3j1GQ8Y+","privKey":"+LIEe5UNg3ci7u99FzEZ4qmtocrhYt/FnUm64dan6UM="},"lastRemoteEphemeralKey":"BaZgw8nZeI4ur65CwzC+ZdnxDzOOCGtBNG5NOTW6ejpF","previousCounter":0,"rootKey":"PNL8VDWMwRJ+Utgylu9cK8+YSNcKSK6xfqn3wQs4tn4="},"indexInfo":{"baseKey":"BRuvPXIEbhThkLwWBG8ZMAATiD7+x9KE1jzQGoncXtwO","baseKeyType":1,"closed":-1,"used":1676784468489,"created":1676784468489,"remoteIdentityKey":"BSlhjoEMb371M5518Xl2JC//hZwI264GVLTBluVe9REB"},"_chains":{"BYJfAs+kLf/ubdY8kNn11p0TdJrKrfEvDGpg3j1GQ8Y+":{"chainKey":{"counter":0,"key":"Q4RU9SfbXxllBDNRwe+8R08e5YII8V+EZ/v5+adAFf8="},"chainType":1,"messageKeys":{}}},"pendingPreKey":{"signedKeyId":0,"baseKey":"BRuvPXIEbhThkLwWBG8ZMAATiD7+x9KE1jzQGoncXtwO","preKeyId":12422001}}},"version":"v1"}