{"_sessions":{"BcCTQ3646E2vgTPoB5AjmsDzOXqJ1Y9aXkauSuq4c4cy":{"registrationId":1535948212,"currentRatchet":{"ephemeralKeyPair":{"pubKey":"BS3AQFeCjkH+Lhimbi5yaosTBdLMPeaSKDecV+z591Jy","privKey":"SD8rk6++7+ZSij2P+Ji2zAfamm4X8XatszD/sDJsFHA="},"lastRemoteEphemeralKey":"BbYRv3SAA992Cy1xvVAqFVqTCSIDTrhWA0qW1rlIuxoO","previousCounter":0,"rootKey":"/xoVV0AKlhKXvx9zGUbXfIMP8QfVINQvAvhifNSPzuM="},"indexInfo":{"baseKey":"BcCTQ3646E2vgTPoB5AjmsDzOXqJ1Y9aXkauSuq4c4cy","baseKeyType":1,"closed":-1,"used":1676784468800,"created":1676784468800,"remoteIdentityKey":"BX/QF07FF5z1OUZwCs+Ljj23n28Y2gSTN783tSzt1cVD"},"_chains":{"BS3AQFeCjkH+Lhimbi5yaosTBdLMPeaSKDecV+z591Jy":{"chainKey":{"counter":0,"key":"3KPzNL4Qa+N7mDJaW4mzpkBCzMB66Qr1Wykc867SHQk="},"chainType":1,"messageKeys":{}}},"pendingPreKey":{"signedKeyId":0,"baseKey":"BcCTQ3646E2vgTPoB5AjmsDzOXqJ1Y9aXkauSuq4c4cy","preKeyId":7480785}}},"version":"v1"}