{"_sessions":{"BcOQdiqw48Cb44EFdXUUG1MDmKHNqb7b3Y26Iw134Doh":{"registrationId":1178378375,"currentRatchet":{"ephemeralKeyPair":{"pubKey":"BRcFCn1KknNc56oj6jEE93qa4UxbFQAY3HQJlMzD1Clo","privKey":"QBirInZqG+/ekh7Xszs+pTT55YLm/AVQKVJ5kgtZFGY="},"lastRemoteEphemeralKey":"BWRC1aP/hFw962g2PuZoDvCILTCYaJ2sNoDqZIe0hHIh","previousCounter":0,"rootKey":"1gNjeyUrMIpUv+nIHphXz3WfDV9DhA87mceFJA59t90="},"indexInfo":{"baseKey":"BcOQdiqw48Cb44EFdXUUG1MDmKHNqb7b3Y26Iw134Doh","baseKeyType":1,"closed":-1,"used":1676784470559,"created":1676784470559,"remoteIdentityKey":"BXbhbf+j14HIh07HehIHanKHyIrINV5OFzH5O4/gcCtf"},"_chains":{"BRcFCn1KknNc56oj6jEE93qa4UxbFQAY3HQJlMzD1Clo":{"chainKey":{"counter":0,"key":"f7TdRsIhg8NR+Gu2/7iCfSDu42ndWOvXGdkiNiJq2e8="},"chainType":1,"messageKeys":{}}},"pendingPreKey":{"signedKeyId":0,"baseKey":"BcOQdiqw48Cb44EFdXUUG1MDmKHNqb7b3Y26Iw134Doh"}}},"version":"v1"}