{"_sessions":{"BfZsssQ1lHbc6k3j5WVb/f/SoUsUVODhanJsOagkGB51":{"registrationId":1544437817,"currentRatchet":{"ephemeralKeyPair":{"pubKey":"BWVMWfeKtNDBq1gxt0d2G8Sw/YhJ75+fXluI6hMJOhky","privKey":"OJCDwaq1LKng8Qbm3kXX9xwl1jLKkpDDWkOUvyYWREI="},"lastRemoteEphemeralKey":"BZcfbJLmNsq4NAgcKTzkEiWI6D7FK5c2wGPJUaodM4Ui","previousCounter":0,"rootKey":"QuGfjj7/pnhaEkdNjJyT1kIZWphBRP1KCpRJ0cf+wg8="},"indexInfo":{"baseKey":"BfZsssQ1lHbc6k3j5WVb/f/SoUsUVODhanJsOagkGB51","baseKeyType":1,"closed":-1,"used":1676784470462,"created":1676784470462,"remoteIdentityKey":"BQf9WxeHrQ7A/l47kbBVwtGg+5FvU9uKr09outcZo+5a"},"_chains":{"BWVMWfeKtNDBq1gxt0d2G8Sw/YhJ75+fXluI6hMJOhky":{"chainKey":{"counter":0,"key":"ePZ+UPnFATV1BVIlPE5v5X6aUzNUfCICJXP6DMkYKA8="},"chainType":1,"messageKeys":{}}},"pendingPreKey":{"signedKeyId":0,"baseKey":"BfZsssQ1lHbc6k3j5WVb/f/SoUsUVODhanJsOagkGB51"}}},"version":"v1"}