{"_sessions":{"BR+O3AOVp2HWA6gEJGmO5h8xBOd9P+2VixSM4iH0m7NO":{"registrationId":215,"currentRatchet":{"ephemeralKeyPair":{"pubKey":"BVKqibkUsO8syTZCyWt+QKSMOlkI79bKfG+9M3bbl+R8","privKey":"QJHiQ1XirC+hZoKC0IeeFGsEVsqiW/uboQkS8QtEPX4="},"lastRemoteEphemeralKey":"BTjxM+AiORIyIz+ihCy9YiQpj1fQjpUO3XVTv1Sd7opB","previousCounter":0,"rootKey":"LscZUEAtwMi5Zh8s/jum8drwqgaMGQwvb55hH6YR0WQ="},"indexInfo":{"baseKey":"BR+O3AOVp2HWA6gEJGmO5h8xBOd9P+2VixSM4iH0m7NO","baseKeyType":1,"closed":-1,"used":1676784468149,"created":1676784468149,"remoteIdentityKey":"Beof06PxqiOb2K0n1XSCqWHBLhFUE4N2aGFxg0OLflQm"},"_chains":{"BVKqibkUsO8syTZCyWt+QKSMOlkI79bKfG+9M3bbl+R8":{"chainKey":{"counter":0,"key":"ij9XIZ772NaJKuVGQF7cJhc9Pzqx4GCpabKLyJ7IIic="},"chainType":1,"messageKeys":{}}},"pendingPreKey":{"signedKeyId":1,"baseKey":"BR+O3AOVp2HWA6gEJGmO5h8xBOd9P+2VixSM4iH0m7NO"}}},"version":"v1"}