{"_sessions":{"BRkWKaJKIzKRf6nn3pgfh8/YVn9BVAb+/RQZOcA9C+Q9":{"registrationId":2034174461,"currentRatchet":{"ephemeralKeyPair":{"pubKey":"BQ9/t6SxrjLC8aDh/Rl+q8NHvHEOu/4RpgqCZy1rcgoL","privKey":"uDUqCJjToz6qh8eqPcKoeQWgzTYN4ZmKAiocibPQH0k="},"lastRemoteEphemeralKey":"BRRthsjE13dNr8W/nyOdPvV4IOnADoYikNcspFdWe1Ew","previousCounter":0,"rootKey":"vODUgD/V1TybaTJtecHCZU1tfJW6yCubrOMwYQB8FK8="},"indexInfo":{"baseKey":"BRkWKaJKIzKRf6nn3pgfh8/YVn9BVAb+/RQZOcA9C+Q9","baseKeyType":1,"closed":-1,"used":1676784468471,"created":1676784468471,"remoteIdentityKey":"BU9i9Za+3dfN0Nnrl5qgW4ol+ysZ4Xhy0FSPaMyPs99t"},"_chains":{"BQ9/t6SxrjLC8aDh/Rl+q8NHvHEOu/4RpgqCZy1rcgoL":{"chainKey":{"counter":0,"key":"SlnJ4VS1KP5LzvFbUrE6qHGpjdJvTlxpilfnwv8T1B4="},"chainType":1,"messageKeys":{}}},"pendingPreKey":{"signedKeyId":0,"baseKey":"BRkWKaJKIzKRf6nn3pgfh8/YVn9BVAb+/RQZOcA9C+Q9"}}},"version":"v1"}