{"_sessions":{"BbRnf8yC+U0/ebzzJifgG9Ni1Ml+5mh9oZdV7UJcuFl2":{"registrationId":296439175,"currentRatchet":{"ephemeralKeyPair":{"pubKey":"BT2ql2jVIxHGy0oRypNnXwYQtRMnYl8LjrzyTM3bIr0g","privKey":"4HHVRIoWfct7AQrXAqh/NxH8cWXNhCSgNY2izEVWe0I="},"lastRemoteEphemeralKey":"Bf/kBQi/zap1KqnWd2b4XmufvPHZYmizel2j2lXa7vIz","previousCounter":0,"rootKey":"Xd++/PBIEjCLO1yrxPNRdOzLI0VBsL0EgAHJBHmy6wc="},"indexInfo":{"baseKey":"BbRnf8yC+U0/ebzzJifgG9Ni1Ml+5mh9oZdV7UJcuFl2","baseKeyType":1,"closed":-1,"used":1676784469192,"created":1676784469192,"remoteIdentityKey":"BY8lDtsYWLudl/31CqO3VUYcT152jC+Ja0UFiyXDhbhc"},"_chains":{"BT2ql2jVIxHGy0oRypNnXwYQtRMnYl8LjrzyTM3bIr0g":{"chainKey":{"counter":0,"key":"XiT/avIw7p513mjHdZGZoDN+0louBXylA+aRG/A3rS4="},"chainType":1,"messageKeys":{}}},"pendingPreKey":{"signedKeyId":1,"baseKey":"BbRnf8yC+U0/ebzzJifgG9Ni1Ml+5mh9oZdV7UJcuFl2","preKeyId":13010680}}},"version":"v1"}