{"_sessions":{"BQ/HT9/+vgpAtPBFjvuBtdOnkU39ugCjreTuehYV62UJ":{"registrationId":11288,"currentRatchet":{"ephemeralKeyPair":{"pubKey":"BXpp1936UfoLZTnGUeSXLHYzOY2eso17ye1Vjibkh4wD","privKey":"YFdxnGh6gdJocpkt0vuFsuWgUgfqPKG1+qhIgj/vy0E="},"lastRemoteEphemeralKey":"BcEWEadGxJMQUD9fRW6iSuSM8/WF+FB3w6WbWBy3lkMo","previousCounter":0,"rootKey":"wcQIzng+B4E69e/hecfXSnNxkc3vtWUwJom8ulIHRyk="},"indexInfo":{"baseKey":"BQ/HT9/+vgpAtPBFjvuBtdOnkU39ugCjreTuehYV62UJ","baseKeyType":1,"closed":-1,"used":1676784468337,"created":1676784468337,"remoteIdentityKey":"BakYWB8gex0s0Eeh+G0EUQAyy9/1JJOB5/Tjfv8hBQ5o"},"_chains":{"BXpp1936UfoLZTnGUeSXLHYzOY2eso17ye1Vjibkh4wD":{"chainKey":{"counter":0,"key":"ZdYaHexVlqWBOgyCfpsvQyBJL7C3tqzyT7HO2Naq/QQ="},"chainType":1,"messageKeys":{}}},"pendingPreKey":{"signedKeyId":1,"baseKey":"BQ/HT9/+vgpAtPBFjvuBtdOnkU39ugCjreTuehYV62UJ","preKeyId":2495}}},"version":"v1"}