{"_sessions":{"BSoESzXoJ6oo/e0gVcsoHv4BnUahn4+5QnTu2jrEk3Fc":{"registrationId":7838,"currentRatchet":{"ephemeralKeyPair":{"pubKey":"BQ4mnQW75mZZFlkMujsWBOUeDxFI7SSZGArQ/tN+lToN","privKey":"UDY3dQr8ZnTzZekcNm8JmWTbEAuXB5sBF1HzfvdSkXo="},"lastRemoteEphemeralKey":"BRz6S/kKQh++wfDAvbvDtE8rpt0qKLYMtvsR/+0HzuQI","previousCounter":0,"rootKey":"VbWBwxxxqi8C5iL8KrrrGr3xKJDYnQAdLSXbGlI3iEs="},"indexInfo":{"baseKey":"BSoESzXoJ6oo/e0gVcsoHv4BnUahn4+5QnTu2jrEk3Fc","baseKeyType":1,"closed":-1,"used":1676784468409,"created":1676784468409,"remoteIdentityKey":"BUH09XdxDHyH6HFahUBk/O3AHn4fzvnzhnOUkPuSo+gf"},"_chains":{"BQ4mnQW75mZZFlkMujsWBOUeDxFI7SSZGArQ/tN+lToN":{"chainKey":{"counter":0,"key":"GRSYj7BMe1On5i+nvR1HR5vNhlDBcurrN1D6ZJQvFzs="},"chainType":1,"messageKeys":{}}},"pendingPreKey":{"signedKeyId":1,"baseKey":"BSoESzXoJ6oo/e0gVcsoHv4BnUahn4+5QnTu2jrEk3Fc","preKeyId":1092}}},"version":"v1"}