{"_sessions":{"Ba6Nh3C8EseK6h+Gw06Jq/9KKduk+ns+KpocPT281QFj":{"registrationId":840995549,"currentRatchet":{"ephemeralKeyPair":{"pubKey":"BXR7oj6jeqpagozZLHzkD9BfIF2TxKEE+++GZMO0/Csp","privKey":"ODEB2zW7M6Japh7uA/ZDPGG5ZsjvFQyymILqMZbiq0w="},"lastRemoteEphemeralKey":"BcAVNaMNEphiRClsk1GpYlpk+1CS0/T0wi4Awb13v/Mc","previousCounter":0,"rootKey":"wBtl9i9sMS7b6Z2A+NonGdlywRhYWVsoBdtu88kWE78="},"indexInfo":{"baseKey":"Ba6Nh3C8EseK6h+Gw06Jq/9KKduk+ns+KpocPT281QFj","baseKeyType":2,"closed":-1,"used":1676789323591,"created":1676789323591,"remoteIdentityKey":"BdFohLyMtiphRybhepJjX9QzeaI5O1mrv9JZiIFGgrJG"},"_chains":{"BcAVNaMNEphiRClsk1GpYlpk+1CS0/T0wi4Awb13v/Mc":{"chainKey":{"counter":2,"key":"oycbJTTn6fOLNcTZkLOcPFG8EUedi8FrngOBo182F6E="},"chainType":2,"messageKeys":{}},"BXR7oj6jeqpagozZLHzkD9BfIF2TxKEE+++GZMO0/Csp":{"chainKey":{"counter":-1,"key":"KpVbAqjIdKTuu0JEUwLHT0+2KTOFL2hb3zV1Uzizz44="},"chainType":1,"messageKeys":{}}}}},"version":"v1"}