{"_sessions":{"BdU/t26xwnIQfBDbwseJOGtMbDQfgcfZTdy80HUeeKUl":{"registrationId":1230853109,"currentRatchet":{"ephemeralKeyPair":{"pubKey":"BfyF53M9zi85kjQhxKWbwa8sUsMMq+JRFySB2l1MEGcC","privKey":"wFyNBGsuHSJKvhE/mR8SqFCtcWkOK1HnFwR1uij2WVw="},"lastRemoteEphemeralKey":"BW5hXBOvCXiGTb7lsRmtRVIKGvXJYtXzDB6aoPHiB09K","previousCounter":0,"rootKey":"OEZZ22N+o9+qO2aNo2maolXEnypvgdFr6XqyHhWNP9k="},"indexInfo":{"baseKey":"BdU/t26xwnIQfBDbwseJOGtMbDQfgcfZTdy80HUeeKUl","baseKeyType":1,"closed":-1,"used":1676784470376,"created":1676784470376,"remoteIdentityKey":"BWs/XGsO4k/6yIWDAgSwu8QalRBdOXRU+MYejzMrPB56"},"_chains":{"BfyF53M9zi85kjQhxKWbwa8sUsMMq+JRFySB2l1MEGcC":{"chainKey":{"counter":0,"key":"jTaYNKoWSTdOBSIeQkrTH5qhxiWHQ/y/Oi9t7/5Wtgg="},"chainType":1,"messageKeys":{}}},"pendingPreKey":{"signedKeyId":1,"baseKey":"BdU/t26xwnIQfBDbwseJOGtMbDQfgcfZTdy80HUeeKUl","preKeyId":14762531}}},"version":"v1"}