{"_sessions":{"BcfNxor1Jz7rrQSQPyghVMZuZGOK05/MX7BvyXn9a7Fd":{"registrationId":580868147,"currentRatchet":{"ephemeralKeyPair":{"pubKey":"BRM652rGWDWJwUAo2qchY8Oj5/hWvkG+zVb2mAnFNEkE","privKey":"qCGY0/bJS8raRqitgLeCf6kZw7EbRNEMZgb2B5pjH2s="},"lastRemoteEphemeralKey":"BZFjelrx75UOs/OMy4yiytRHfmwBXdiDfiJWMN/7eAFP","previousCounter":0,"rootKey":"lJKHMzEAHPb89Uctdetv2lqXbBrVkMYgjabtqvyEqmU="},"indexInfo":{"baseKey":"BcfNxor1Jz7rrQSQPyghVMZuZGOK05/MX7BvyXn9a7Fd","baseKeyType":1,"closed":-1,"used":1676784469344,"created":1676784469344,"remoteIdentityKey":"BU5WabbqvuCboYtTF0wh+iBiV8zc1WArZrw+YVDCWHNS"},"_chains":{"BRM652rGWDWJwUAo2qchY8Oj5/hWvkG+zVb2mAnFNEkE":{"chainKey":{"counter":0,"key":"sIZUWIePSVCoHEt4Rht9ohIaZMEk+aeXMlETiot4zH8="},"chainType":1,"messageKeys":{}}},"pendingPreKey":{"signedKeyId":0,"baseKey":"BcfNxor1Jz7rrQSQPyghVMZuZGOK05/MX7BvyXn9a7Fd","preKeyId":3862547}}},"version":"v1"}