{"_sessions":{"BaMn8WOqrvzO+wDG1Q0mDpCNpDe4FAv1oHQm2KchYNd/":{"registrationId":1861444162,"currentRatchet":{"ephemeralKeyPair":{"pubKey":"BRoBEd14iC9QyBHXod5XXQP8Ni1Xi8cTIAiss0HFBp5B","privKey":"aJKREmnUy2Zgujdr1JrOX7QbwGzjJlNFnyG0ML4cRHo="},"lastRemoteEphemeralKey":"BYlaY7t/PALEEEWQ4Ta+BHocbu9Z/b0xKJ6B66wq3O1G","previousCounter":0,"rootKey":"XQFTWTBP3Y4TeU3yDnqU9Zp2L59XyCYPDVTE5LhiBXg="},"indexInfo":{"baseKey":"BaMn8WOqrvzO+wDG1Q0mDpCNpDe4FAv1oHQm2KchYNd/","baseKeyType":1,"closed":-1,"used":1676784470162,"created":1676784470162,"remoteIdentityKey":"Bb/qdbAVbbyLTdw7PMQGSqWVg8UdkKqZ3hSY+y5QABUJ"},"_chains":{"BRoBEd14iC9QyBHXod5XXQP8Ni1Xi8cTIAiss0HFBp5B":{"chainKey":{"counter":0,"key":"HQ+pcq3zYu//9yfDN8FVk3ME0Y6IMdkwvO1cfADCQyQ="},"chainType":1,"messageKeys":{}}},"pendingPreKey":{"signedKeyId":0,"baseKey":"BaMn8WOqrvzO+wDG1Q0mDpCNpDe4FAv1oHQm2KchYNd/"}}},"version":"v1"}