{"_sessions":{"BQDGrbnLWL7KeUJ99pCUDxXVF1KLpbTLcXuR6TZPIzQJ":{"registrationId":35,"currentRatchet":{"ephemeralKeyPair":{"pubKey":"BUCyuKdlDD0RFhRksX50chzJno4v/UhtloZTYrsKblp9","privKey":"SJXz+pse8/tftjNBRyrU/x5wSFICyZWG4GEsOcFcanM="},"lastRemoteEphemeralKey":"BRj7ftr9a2SHl+Jdq19Vl6GkcuD291Ac1w78e7rc6dE2","previousCounter":0,"rootKey":"jfxVx8YAArKZMzlUmdXuZYv8twPX+mGs5whxeaqBr/c="},"indexInfo":{"baseKey":"BQDGrbnLWL7KeUJ99pCUDxXVF1KLpbTLcXuR6TZPIzQJ","baseKeyType":1,"closed":-1,"used":1676784467997,"created":1676784467997,"remoteIdentityKey":"BRCPTOuuqztMNse98Pe1duGFLUGxHwEkey+syyA7rPw+"},"_chains":{"BUCyuKdlDD0RFhRksX50chzJno4v/UhtloZTYrsKblp9":{"chainKey":{"counter":0,"key":"i/hqLV40u1lqPDm8UKWO0h0oRyrS211Ue1k7nbSZ7uU="},"chainType":1,"messageKeys":{}}},"pendingPreKey":{"signedKeyId":1,"baseKey":"BQDGrbnLWL7KeUJ99pCUDxXVF1KLpbTLcXuR6TZPIzQJ"}}},"version":"v1"}