{"_sessions":{"BRkdJ23qr6l3hcY83uS08qGotMaFWJypJevgsJ2kwqkK":{"registrationId":16253,"currentRatchet":{"ephemeralKeyPair":{"pubKey":"BRh8j555ZFXWpaRuqSC94a61ruHTteUkWHPoWpARmr5O","privKey":"uBifqlY/GR8kTb0OUief549jqE/bEAn2Rc13hN0JHWs="},"lastRemoteEphemeralKey":"Bd0nNvnw7P+8YN72bwbtHBTjouDpDUI7WjBGxh167Kx9","previousCounter":0,"rootKey":"w+mx3rN8fmGUj5E9qk/L2ya13psc4cC95iF2B5QUcuo="},"indexInfo":{"baseKey":"BRkdJ23qr6l3hcY83uS08qGotMaFWJypJevgsJ2kwqkK","baseKeyType":1,"closed":-1,"used":1676784468413,"created":1676784468413,"remoteIdentityKey":"BV3O4E9HYtyWKgl+0aNKqLekYXBlfmUX2ftANTImCCRa"},"_chains":{"BRh8j555ZFXWpaRuqSC94a61ruHTteUkWHPoWpARmr5O":{"chainKey":{"counter":0,"key":"K/IzwNipIH/h5l6L5jgx/sL9nTzFSHFxvqbVD4ledkk="},"chainType":1,"messageKeys":{}}},"pendingPreKey":{"signedKeyId":1,"baseKey":"BRkdJ23qr6l3hcY83uS08qGotMaFWJypJevgsJ2kwqkK"}}},"version":"v1"}