{"_sessions":{"BdIo3NI6U0vHo4a8N5reP8LEYVIRzdtlm+s8tg560jdI":{"registrationId":212,"currentRatchet":{"ephemeralKeyPair":{"pubKey":"Bdqs+XqAmfZHzD9rDTg78WI0ED89WCA9qgPKQO+gyaNF","privKey":"yNkh3a3OhagOa3txah4NtcfYVF1rqoSTya4ksNtCmUQ="},"lastRemoteEphemeralKey":"BaraS8DlQiII/TfoT71lCKJ/MLd4ASvCQyqZelzGFStU","previousCounter":0,"rootKey":"pv8WlAOUBFPtVR9FOTTE/I+YyIOTAzp2e5xIIYr2G6I="},"indexInfo":{"baseKey":"BdIo3NI6U0vHo4a8N5reP8LEYVIRzdtlm+s8tg560jdI","baseKeyType":1,"closed":-1,"used":1676784467960,"created":1676784467960,"remoteIdentityKey":"Bad3EaBOVwpWVaIKfhtkWxjMy20PxedtpwXoYvkgbxMc"},"_chains":{"Bdqs+XqAmfZHzD9rDTg78WI0ED89WCA9qgPKQO+gyaNF":{"chainKey":{"counter":0,"key":"WIICXCWLvWwBB1HDb6ILZ2tpmzZA8V4XedjEA/6kdBg="},"chainType":1,"messageKeys":{}}},"pendingPreKey":{"signedKeyId":1,"baseKey":"BdIo3NI6U0vHo4a8N5reP8LEYVIRzdtlm+s8tg560jdI"}}},"version":"v1"}