{"_sessions":{"BXuWRIB8kv+L+3zerP3WWN6CtbxHqGkW4HkA9MLFsMcY":{"registrationId":106,"currentRatchet":{"ephemeralKeyPair":{"pubKey":"BeAyL/oUU4flmrDpRJyfbf/aEDxeDeFIrV4KriQxRhMc","privKey":"KHEuECgXG4CjKha1kTc+tPCMkppCzw4H/jCc1yj7MEo="},"lastRemoteEphemeralKey":"BdNlU24NLqpK8iJHuO0SXWVj454WbhaNHC+OwGlzHmQd","previousCounter":0,"rootKey":"2xr14+C0TMqxLXxTaVjfAEZohXG8S5x+XZBIsZa/cN4="},"indexInfo":{"baseKey":"BXuWRIB8kv+L+3zerP3WWN6CtbxHqGkW4HkA9MLFsMcY","baseKeyType":1,"closed":-1,"used":1676784467964,"created":1676784467964,"remoteIdentityKey":"Ba4+lpYEhKYYhFVd1nw8OywwrK6UDOAs2q01HOz7QU8J"},"_chains":{"BeAyL/oUU4flmrDpRJyfbf/aEDxeDeFIrV4KriQxRhMc":{"chainKey":{"counter":0,"key":"o5mjx7QeTPvQZLPSCFqLd7Fn/j/EYXI7b97mkjsQYUo="},"chainType":1,"messageKeys":{}}},"pendingPreKey":{"signedKeyId":1,"baseKey":"BXuWRIB8kv+L+3zerP3WWN6CtbxHqGkW4HkA9MLFsMcY"}}},"version":"v1"}