{"_sessions":{"BQ2nZ4sKU4LZwzOrcZueMF2GDJYkV0GeS6M+zHTXYeB3":{"registrationId":2140692545,"currentRatchet":{"ephemeralKeyPair":{"pubKey":"BcAVJjaDQP61V9tjgLTBZwAySilCl4wkAIzpTZ97bWYp","privKey":"yN748Gr2Smm99b1kIIIP5Kf1f3zkA7U5wknrtFBtnEk="},"lastRemoteEphemeralKey":"BRRU7I5jIelMu0VfT2yKpUZJPJ4S/daiPvylEldE+blm","previousCounter":0,"rootKey":"mqt0aMgCdu6toPaHbJ5abBCXB4kXK+gSxY6ybpTcg/k="},"indexInfo":{"baseKey":"BQ2nZ4sKU4LZwzOrcZueMF2GDJYkV0GeS6M+zHTXYeB3","baseKeyType":1,"closed":-1,"used":1676784470080,"created":1676784470080,"remoteIdentityKey":"BVgrMcI9oxfsgTEYp/kT0xobS+37IeiC/+PG4OPXopRm"},"_chains":{"BcAVJjaDQP61V9tjgLTBZwAySilCl4wkAIzpTZ97bWYp":{"chainKey":{"counter":0,"key":"Nmi5GuzCclNCaUcl/VrKIFYbKeh73QTlJ0/zI9ilWu8="},"chainType":1,"messageKeys":{}}},"pendingPreKey":{"signedKeyId":0,"baseKey":"BQ2nZ4sKU4LZwzOrcZueMF2GDJYkV0GeS6M+zHTXYeB3"}}},"version":"v1"}