{"_sessions":{"BZjtwptCi3owT9TfPzOfWYaPjBZTXpATQZv0pUscKFMm":{"registrationId":580316086,"currentRatchet":{"ephemeralKeyPair":{"pubKey":"BYac3gSxWngcciiTGkqMISufPiYg6PybtNI1m67DWBtd","privKey":"uIsMD8kYUe9RKEHzzvzU1PG0OVzekcxn1dqPYMAbakE="},"lastRemoteEphemeralKey":"BfZbUjTz1z3jH5ou9Dz0N10szsGjQFTcoHo31g9EzJ06","previousCounter":0,"rootKey":"EosdOEATgo0skM7JNVGmea48pun2R9RHzNRDSPHf1L4="},"indexInfo":{"baseKey":"BZjtwptCi3owT9TfPzOfWYaPjBZTXpATQZv0pUscKFMm","baseKeyType":1,"closed":-1,"used":1676784468974,"created":1676784468974,"remoteIdentityKey":"BVtqnrLoP6fQgzO5dDwbuDqtiDt5RPLpWkK2hQtFM7Y/"},"_chains":{"BYac3gSxWngcciiTGkqMISufPiYg6PybtNI1m67DWBtd":{"chainKey":{"counter":0,"key":"njSfhDbzDHQnHynGLlSEOvRF5/0BYj5kW+5FeX1Y9mE="},"chainType":1,"messageKeys":{}}},"pendingPreKey":{"signedKeyId":1,"baseKey":"BZjtwptCi3owT9TfPzOfWYaPjBZTXpATQZv0pUscKFMm","preKeyId":7431998}}},"version":"v1"}