{"_sessions":{"BZOg2R3KxpKf40wMl7oy8N4gR0ntzdionia0abWLKmkN":{"registrationId":1045990699,"currentRatchet":{"ephemeralKeyPair":{"pubKey":"Beu9yMPC6QZc/h8+IB/Uck0xdRqDenaxcPJ6CAE44dgb","privKey":"2GszGofCHIzJM6Si+MDMgGL75qStmhutrEpb/70kYWc="},"lastRemoteEphemeralKey":"BQpXrQ7WbGYJ+5UbBFCjiD3L/HaDtxnPLQTT/Vs+118U","previousCounter":0,"rootKey":"lVz6QF4crYEwqw8JvJBkQ5CSs75n1ylpWyMrmpP3m5M="},"indexInfo":{"baseKey":"BZOg2R3KxpKf40wMl7oy8N4gR0ntzdionia0abWLKmkN","baseKeyType":1,"closed":-1,"used":1676784469797,"created":1676784469797,"remoteIdentityKey":"Ba0CZXdTqXYCK0R4WWoOqC/V6aK1DFB8n3mZSsxjdO5r"},"_chains":{"Beu9yMPC6QZc/h8+IB/Uck0xdRqDenaxcPJ6CAE44dgb":{"chainKey":{"counter":0,"key":"e3HGll+5GmipWvGVuvsS2whOG0COU8vzik1eCHGYvl8="},"chainType":1,"messageKeys":{}}},"pendingPreKey":{"signedKeyId":0,"baseKey":"BZOg2R3KxpKf40wMl7oy8N4gR0ntzdionia0abWLKmkN"}}},"version":"v1"}