{"_sessions":{"Bf8ZR3lcEAMffRW9QGa8mjMfbeoy/hdLf40gLIuIG1Ij":{"registrationId":424689236,"currentRatchet":{"ephemeralKeyPair":{"pubKey":"BbqRSgcQSVn3xcCckjgWBNZByhKaODtfVRXQJFTOJOZh","privKey":"8Axmgip+t4W3xGDCwb/Duu1FM/FaX/v90yrncrawJVQ="},"lastRemoteEphemeralKey":"BTLpc21OtCfV8fXzrVVFSSKM1bJuiHYjqUjVPpliQ4tn","previousCounter":0,"rootKey":"LHD0N99ynjWm7vopzcbTF86oLJG8/EbPqT+NhGvxgGk="},"indexInfo":{"baseKey":"Bf8ZR3lcEAMffRW9QGa8mjMfbeoy/hdLf40gLIuIG1Ij","baseKeyType":1,"closed":-1,"used":1676784469462,"created":1676784469462,"remoteIdentityKey":"Be8G/PjXvJ2E0ESB41bttDmHiIX/zoSiFSxwZu8Mxpdo"},"_chains":{"BbqRSgcQSVn3xcCckjgWBNZByhKaODtfVRXQJFTOJOZh":{"chainKey":{"counter":0,"key":"a7vdVIamIeY9Z5M8ZPPo/j01FN9rFO11wzc2gbNeJQU="},"chainType":1,"messageKeys":{}}},"pendingPreKey":{"signedKeyId":0,"baseKey":"Bf8ZR3lcEAMffRW9QGa8mjMfbeoy/hdLf40gLIuIG1Ij"}}},"version":"v1"}