{"_sessions":{"BbTpOJGqP/QeEukQc+FmshHzApGVBTlfRBPqwCQoBlpM":{"registrationId":894470085,"currentRatchet":{"ephemeralKeyPair":{"pubKey":"BXLpt3EptwsYJHno2pcdM88VPQ4HGoh2fih+Pb6IsFpZ","privKey":"eJ+TkrLoI016nlUtjPlgzFRxRP8q1EnVR6PVPLwM6HI="},"lastRemoteEphemeralKey":"Be0jwmJWzTieKh+EsleL2Nmpf0sWEAnr9kbkPLEV51tx","previousCounter":0,"rootKey":"ZvJEQzUFgbYfDhBUAgy4E51c4qE1OR8zov5RlZy+MNQ="},"indexInfo":{"baseKey":"BbTpOJGqP/QeEukQc+FmshHzApGVBTlfRBPqwCQoBlpM","baseKeyType":2,"closed":-1,"used":1676743777037,"created":1676743777037,"remoteIdentityKey":"BRYWZ6Uiuk74qSSP0kD9wU5u+Ps1r2G7gOeWWi5TRShw"},"_chains":{"Be0jwmJWzTieKh+EsleL2Nmpf0sWEAnr9kbkPLEV51tx":{"chainKey":{"counter":0,"key":"dvkuRwqChw21hbQXtESpGoTiSfHsKGVHQJCDsmGTJUg="},"chainType":2,"messageKeys":{}},"BXLpt3EptwsYJHno2pcdM88VPQ4HGoh2fih+Pb6IsFpZ":{"chainKey":{"counter":-1,"key":"T+olrpaQSmFoOEmbkWcUJMThK26fm0QPsoW98JY9Mms="},"chainType":1,"messageKeys":{}}}}},"version":"v1"}