{"_sessions":{"BQWs7vtnNUb4LDq6wAZBRGK4QCNHBoTWgaQnGdmdSHwm":{"registrationId":1236350756,"currentRatchet":{"ephemeralKeyPair":{"pubKey":"BQduzblAIM7OwZuHoZQ7DKkVk5/IPPdbalHapTtuLCYX","privKey":"QNz8iLiJ4ebNPSORElYA0nbbSwJ69IrgGPGKbU8/vm8="},"lastRemoteEphemeralKey":"BZ51ENDKtIa1EDDE+PwMwns5vgrfms85/km2wlDh4xYb","previousCounter":0,"rootKey":"kgrw7bI94n11J2XBQEH08hg6j4QR/amCehg04g877RM="},"indexInfo":{"baseKey":"BQWs7vtnNUb4LDq6wAZBRGK4QCNHBoTWgaQnGdmdSHwm","baseKeyType":1,"closed":-1,"used":1676784469581,"created":1676784469581,"remoteIdentityKey":"BSXx1+TKV9rv1EprrGLEiKJDsZ3rBLZPZabpjKK6nUN5"},"_chains":{"BQduzblAIM7OwZuHoZQ7DKkVk5/IPPdbalHapTtuLCYX":{"chainKey":{"counter":0,"key":"kFIWx6M9hTtV5zVktsUpteeFdjxzpDXMt+5THjzSg50="},"chainType":1,"messageKeys":{}}},"pendingPreKey":{"signedKeyId":0,"baseKey":"BQWs7vtnNUb4LDq6wAZBRGK4QCNHBoTWgaQnGdmdSHwm","preKeyId":4527799}}},"version":"v1"}