{"_sessions":{"BYNWMPx213BiuSl7bc4kHWdgI1DRS9gxCLGHIbab1X42":{"registrationId":22512847,"currentRatchet":{"ephemeralKeyPair":{"pubKey":"BSLkHeBwyyuWurOKito60ORfWx1HJCWLguH7uqVMtVxq","privKey":"SEVHeQiLlxMATVYRBJJyge+mEfiRg23FYK/loUJFWEQ="},"lastRemoteEphemeralKey":"BfKvQVUw5IfUUFjBA7g25EDw24MxHdVl6BIhEujR5Fpu","previousCounter":0,"rootKey":"+7FXJgdMnc7jkQJOES0z1YZCdGzFsOMYEjwIC9RYCOI="},"indexInfo":{"baseKey":"BYNWMPx213BiuSl7bc4kHWdgI1DRS9gxCLGHIbab1X42","baseKeyType":1,"closed":-1,"used":1676784470527,"created":1676784470527,"remoteIdentityKey":"BWD0h3E4tQhhY7R+NoV2U0BxHTAZ6sKHCSxzYiLa4SJC"},"_chains":{"BSLkHeBwyyuWurOKito60ORfWx1HJCWLguH7uqVMtVxq":{"chainKey":{"counter":0,"key":"rKDbtdRGC8gq8153HDXJx7I4jdsc4dE4bPCz4q3JJz8="},"chainType":1,"messageKeys":{}}},"pendingPreKey":{"signedKeyId":0,"baseKey":"BYNWMPx213BiuSl7bc4kHWdgI1DRS9gxCLGHIbab1X42"}}},"version":"v1"}