{"_sessions":{"BXNm3I+BsrDFCr4UhtSOZvG9Dgn4P840w9gh0U8fXJ8h":{"registrationId":357824042,"currentRatchet":{"ephemeralKeyPair":{"pubKey":"BVopF8DxiPXijts9DijKJd2ThW+IbtS63bkzXmgAN78y","privKey":"qKhDV3a8W7bd/69N0J4PKrCpViig/4ITvgE8MHtV32Q="},"lastRemoteEphemeralKey":"Ba96Vcuy2t/HsRGItEdfM1IoBjv+zyBukysWSToKUphP","previousCounter":0,"rootKey":"ck9FYF0vSnFhQmq9ZD6LDpBEnP7ck6ZbK3ljcORvJAI="},"indexInfo":{"baseKey":"BXNm3I+BsrDFCr4UhtSOZvG9Dgn4P840w9gh0U8fXJ8h","baseKeyType":1,"closed":-1,"used":1676784468555,"created":1676784468555,"remoteIdentityKey":"BZJjM8N6DqEMKyGt2Q4cuTlwhXqF06LNdWJA1ZfoChcO"},"_chains":{"BVopF8DxiPXijts9DijKJd2ThW+IbtS63bkzXmgAN78y":{"chainKey":{"counter":0,"key":"cPgxTNBukqIGf7awZSH2b9n7yk/TNvh7NqOTmB/Om8Y="},"chainType":1,"messageKeys":{}}},"pendingPreKey":{"signedKeyId":1,"baseKey":"BXNm3I+BsrDFCr4UhtSOZvG9Dgn4P840w9gh0U8fXJ8h","preKeyId":7643419}}},"version":"v1"}