{"_sessions":{"BdbXmFVAyc11v4SdG7aSSvmRsdwYdRJCxx+uxRhMnqBy":{"registrationId":170170239,"currentRatchet":{"ephemeralKeyPair":{"pubKey":"BWEJvhr8lD+3Si+u82GZDIDwV6c5eUKH0JzCDuXKUDMh","privKey":"wD+t1oil3t3FVtoT5VhuzIGYrM5drX1AYBK8AcxYWnY="},"lastRemoteEphemeralKey":"BUsIz0D1msQ0ZVx7WIrWOX6GK0BReZBEZaOh5lPTUSQ0","previousCounter":0,"rootKey":"CeZxHAi8HIua9Gv7jkmusGzGUMi19XCc6uwOg37fdMk="},"indexInfo":{"baseKey":"BdbXmFVAyc11v4SdG7aSSvmRsdwYdRJCxx+uxRhMnqBy","baseKeyType":1,"closed":-1,"used":1676784469144,"created":1676784469144,"remoteIdentityKey":"BTAfBq07hNpcLI9NCER4UAwT6Aukb7TiWttNWIcvVWBh"},"_chains":{"BWEJvhr8lD+3Si+u82GZDIDwV6c5eUKH0JzCDuXKUDMh":{"chainKey":{"counter":0,"key":"/k19Er95+sof9Kj8rVVE/Z7NzxG2nUVYJSau3srZq3U="},"chainType":1,"messageKeys":{}}},"pendingPreKey":{"signedKeyId":1,"baseKey":"BdbXmFVAyc11v4SdG7aSSvmRsdwYdRJCxx+uxRhMnqBy"}}},"version":"v1"}