{"_sessions":{"BWAMBw5zGagCNwhnJDJIEP9J6bgCCCJUmVgM8Z2I8OJG":{"registrationId":680257054,"currentRatchet":{"ephemeralKeyPair":{"pubKey":"BX5vmcKnRe0fI3M97weGs7UUFnOgZi5CTezq+WJTzLIv","privKey":"cMi1oDLOLxyXACEeKrBiRckV2ur1OWGyhdtTbOT4xUQ="},"lastRemoteEphemeralKey":"BalfjqgM4bp64V5DISVHzysCScsqX14EWQeSDV27/REq","previousCounter":0,"rootKey":"7LL4JWM+2VTWpas9nYGSou9BDL7hfBZAsnAMp0cgOTI="},"indexInfo":{"baseKey":"BWAMBw5zGagCNwhnJDJIEP9J6bgCCCJUmVgM8Z2I8OJG","baseKeyType":1,"closed":-1,"used":1676784470233,"created":1676784470233,"remoteIdentityKey":"BaZ62ftmTBgsY/aFZrHww9I/jc+q0chvCZ2F6TgIXcsj"},"_chains":{"BX5vmcKnRe0fI3M97weGs7UUFnOgZi5CTezq+WJTzLIv":{"chainKey":{"counter":0,"key":"IWDihhaLy71s9Ph+w/tGm6HPzIKj66Wmv3ROGdBM0i0="},"chainType":1,"messageKeys":{}}},"pendingPreKey":{"signedKeyId":0,"baseKey":"BWAMBw5zGagCNwhnJDJIEP9J6bgCCCJUmVgM8Z2I8OJG","preKeyId":13123199}}},"version":"v1"}