{"_sessions":{"Bc5f44/XVoVgGWFxagPiy7wZSN1llRM9/8Wc77XXxmU+":{"registrationId":1389427239,"currentRatchet":{"ephemeralKeyPair":{"pubKey":"BS5E4Fsy6Tx1AAGNddXe1p+TClnmF1qcW23L0ehsnYYb","privKey":"8GNfsLdIovzCER87NclCMBVMK5sXvSwaQcaMmPUjCGw="},"lastRemoteEphemeralKey":"BezRb+617AdlplApPJDJqFsONlU/Y8uSFyIxPgw6iSE3","previousCounter":0,"rootKey":"Gf/tDyb+bFNmrMhIAciM5o7zp12FVtb8FHK27KYkqU0="},"indexInfo":{"baseKey":"Bc5f44/XVoVgGWFxagPiy7wZSN1llRM9/8Wc77XXxmU+","baseKeyType":1,"closed":-1,"used":1676784469079,"created":1676784469079,"remoteIdentityKey":"BeoVujTyKi3MShsZylUNmtQYQEiB2vDVMpWbdvQf9EQW"},"_chains":{"BS5E4Fsy6Tx1AAGNddXe1p+TClnmF1qcW23L0ehsnYYb":{"chainKey":{"counter":0,"key":"fmdCt9t4PfEanrOrJtB56DzzyFn1jRaocbqHT7hN49k="},"chainType":1,"messageKeys":{}}},"pendingPreKey":{"signedKeyId":1,"baseKey":"Bc5f44/XVoVgGWFxagPiy7wZSN1llRM9/8Wc77XXxmU+"}}},"version":"v1"}