{"_sessions":{"BX+QznSpAhZgr5YHONRs9rjzpeZZuXja4iAB6h4BlxR1":{"registrationId":1656092396,"currentRatchet":{"ephemeralKeyPair":{"pubKey":"Bcj8OmqoUtth1b9IK+mRMVXc46dHBP5qeNWErgt7OfQz","privKey":"cH2w6OudD66OgO5gOdXt1ubgqWEwc5kzbe/jqWgiFlg="},"lastRemoteEphemeralKey":"BZq4s/3N/+RC9FoJiRkmg2Svvp8eIdTluhNGBAhWb7sG","previousCounter":0,"rootKey":"YrTC2K6vE2j3zjSFiuGjQdnGDJ9Pfk9fO6Q9LxWKoJU="},"indexInfo":{"baseKey":"BX+QznSpAhZgr5YHONRs9rjzpeZZuXja4iAB6h4BlxR1","baseKeyType":1,"closed":-1,"used":1676784470020,"created":1676784470020,"remoteIdentityKey":"BTAA/WMCAFnOX7Ebw4IMlOxDhZ0ZCB+996C+HePK0vYr"},"_chains":{"Bcj8OmqoUtth1b9IK+mRMVXc46dHBP5qeNWErgt7OfQz":{"chainKey":{"counter":0,"key":"1gOa6+kKwD9oc6gYvoIJQ+G2yk7jyAiTcVn7wF9mlzg="},"chainType":1,"messageKeys":{}}},"pendingPreKey":{"signedKeyId":0,"baseKey":"BX+QznSpAhZgr5YHONRs9rjzpeZZuXja4iAB6h4BlxR1","preKeyId":5806479}}},"version":"v1"}