{"_sessions":{"BeCpLLauGjL7E3vcNhliel8058Z6leZXGUqFD1sVBVQ4":{"registrationId":829301567,"currentRatchet":{"ephemeralKeyPair":{"pubKey":"BdZiM3Rz7pXBuprX52nnEHLfhD5PsOP385pTcpVWsdxa","privKey":"4BNk06ASL+Ro67i584XGz0umfljXnFEf1Px8ZwG8HlI="},"lastRemoteEphemeralKey":"BbjWFE0vZoRqjunG9ZXvtCPpmTN/bgxfvhiKygRKfIYY","previousCounter":0,"rootKey":"En9sOEAp2ZkfhLiXUujtm4AnAJsGawnaH0GmwkwwcUc="},"indexInfo":{"baseKey":"BeCpLLauGjL7E3vcNhliel8058Z6leZXGUqFD1sVBVQ4","baseKeyType":1,"closed":-1,"used":1676784468684,"created":1676784468684,"remoteIdentityKey":"BWgc5/dhCUh6oq+rTwQVQ8HT/G8/NcidefvgTrOJ3z5g"},"_chains":{"BdZiM3Rz7pXBuprX52nnEHLfhD5PsOP385pTcpVWsdxa":{"chainKey":{"counter":0,"key":"G6Jzet0oza/xLf5GDYZEa4eAB03HX4+YvM5VJEvPGMc="},"chainType":1,"messageKeys":{}}},"pendingPreKey":{"signedKeyId":1,"baseKey":"BeCpLLauGjL7E3vcNhliel8058Z6leZXGUqFD1sVBVQ4"}}},"version":"v1"}