{"_sessions":{"BX4ImRJ2KgMUe/Wsjk3ArvDGfyc18qgmHNyaAsY3qicZ":{"registrationId":1605990634,"currentRatchet":{"ephemeralKeyPair":{"pubKey":"Bf4msWSR4xi83GchoEln8Sb+tghTjmPmeB8af6PLsHg2","privKey":"UAzh+nEAr8Lh+XtcqNAmB4IU19pDALuE7Ssk2Ei603I="},"lastRemoteEphemeralKey":"BSwks4Hfi63b24jGUWTz08/Ja0j37dZjWaoTo+4O0b1E","previousCounter":0,"rootKey":"t4WjhI29lL9O5CSzYGSDbigpLza3qjyVeDKbgHb0TB4="},"indexInfo":{"baseKey":"BX4ImRJ2KgMUe/Wsjk3ArvDGfyc18qgmHNyaAsY3qicZ","baseKeyType":1,"closed":-1,"used":1676784469521,"created":1676784469521,"remoteIdentityKey":"BWEOuyeVSywjhg1G0r6TXqcvU6/e2NaCEeC2nrRZOjUH"},"_chains":{"Bf4msWSR4xi83GchoEln8Sb+tghTjmPmeB8af6PLsHg2":{"chainKey":{"counter":0,"key":"LIH9JpvSMavPH2FUsuWyE0LKJLTx68tMXVXo35qaEPE="},"chainType":1,"messageKeys":{}}},"pendingPreKey":{"signedKeyId":0,"baseKey":"BX4ImRJ2KgMUe/Wsjk3ArvDGfyc18qgmHNyaAsY3qicZ"}}},"version":"v1"}