{"_sessions":{"BWv1aayQ3gCMrBnQI40CQVBsyRqlkQpxEI96+b2/Skkp":{"registrationId":1226157924,"currentRatchet":{"ephemeralKeyPair":{"pubKey":"BcVAb7TnGWFUMcjOpzeqC6rcDfPyV2woG77vm6JUW3kz","privKey":"2DQaDbpePedx2tcjbOu74TaT4rcjwCzdfDIcS/aW6FQ="},"lastRemoteEphemeralKey":"BeMKMasseJABrByNpWEH9DkVXdGR4yw6luRTVeSdH8Ma","previousCounter":0,"rootKey":"4Mc6nph8/UO3m8n06SJBw7GJIryFgnxZYm/yARzxskQ="},"indexInfo":{"baseKey":"BWv1aayQ3gCMrBnQI40CQVBsyRqlkQpxEI96+b2/Skkp","baseKeyType":1,"closed":-1,"used":1676784468641,"created":1676784468641,"remoteIdentityKey":"BV1golBxkdj2DOqMPROXoIXoyCX8Z/r+XakKT0VcdKwl"},"_chains":{"BcVAb7TnGWFUMcjOpzeqC6rcDfPyV2woG77vm6JUW3kz":{"chainKey":{"counter":0,"key":"BQVVbGdV/SP3Zlv4HIdwxL+knwXfKmA5hhZC7KESyDk="},"chainType":1,"messageKeys":{}}},"pendingPreKey":{"signedKeyId":1,"baseKey":"BWv1aayQ3gCMrBnQI40CQVBsyRqlkQpxEI96+b2/Skkp","preKeyId":11198683}}},"version":"v1"}