{"_sessions":{"BbADw4rfi23/rMAIDQ6rHhzxgpIVQWFBudc1EpwBss8S":{"registrationId":1861444162,"currentRatchet":{"ephemeralKeyPair":{"pubKey":"Be54A+YjB1yWCg4osMdbD3EYynhNFs6agO1t3ZDJDTpn","privKey":"6HSTedmzF5zL5wCH7C6Euc84prEwVBSupoU5ycdOfWU="},"lastRemoteEphemeralKey":"Baw88Y/i9hQ1v9a+NkUThPVkST7+TEWeD2lFKoLbDgld","previousCounter":0,"rootKey":"L6IHH7gH01FUHtewitffZVtBqD1FAj0kgY9iCw+YH6o="},"indexInfo":{"baseKey":"BbADw4rfi23/rMAIDQ6rHhzxgpIVQWFBudc1EpwBss8S","baseKeyType":1,"closed":-1,"used":1676784469618,"created":1676784469618,"remoteIdentityKey":"Bb/qdbAVbbyLTdw7PMQGSqWVg8UdkKqZ3hSY+y5QABUJ"},"_chains":{"Be54A+YjB1yWCg4osMdbD3EYynhNFs6agO1t3ZDJDTpn":{"chainKey":{"counter":0,"key":"QWA9snOh9LcOI/J/huTden7qQk0xmUzNgKP6GuGC4SE="},"chainType":1,"messageKeys":{}}},"pendingPreKey":{"signedKeyId":1,"baseKey":"BbADw4rfi23/rMAIDQ6rHhzxgpIVQWFBudc1EpwBss8S","preKeyId":16626471}}},"version":"v1"}