{"_sessions":{"BcOI93E2Ipd/WJmb2Z+IYXR1KcLtGoxo0y/hdjysCqRX":{"registrationId":1740485258,"currentRatchet":{"ephemeralKeyPair":{"pubKey":"BQyHUcykJATeZUolMl2p3CvyXYUyVxZgxxd2/12ZcGcl","privKey":"UC7vKnJXxNiQfA9Wesnk+uo3DfB5hckGuO31C/ANenw="},"lastRemoteEphemeralKey":"BeVpw2uess7iaIxqe0uJDWA4BIMhMNVUpFYDOH7Cuotr","previousCounter":0,"rootKey":"O0AZIyrEOtcnHab9cab+UI4s1REjXzrMTTHUqCvgU1I="},"indexInfo":{"baseKey":"BcOI93E2Ipd/WJmb2Z+IYXR1KcLtGoxo0y/hdjysCqRX","baseKeyType":1,"closed":-1,"used":1676784469479,"created":1676784469479,"remoteIdentityKey":"BbfKEWGYwEGDnxhZIOiwIN7h00QXMsmiVwGJ947bdhQE"},"_chains":{"BQyHUcykJATeZUolMl2p3CvyXYUyVxZgxxd2/12ZcGcl":{"chainKey":{"counter":0,"key":"MxxQreK4MhdCWLhSDJtY7p82NY+upLebkMGMC3L+alU="},"chainType":1,"messageKeys":{}}},"pendingPreKey":{"signedKeyId":6,"baseKey":"BcOI93E2Ipd/WJmb2Z+IYXR1KcLtGoxo0y/hdjysCqRX","preKeyId":6569511}}},"version":"v1"}