{"_sessions":{"BXoGwNdSUSXoH1XxHKKt1QlPE102mCOyj5jMosOgTJ5t":{"registrationId":1348744879,"currentRatchet":{"ephemeralKeyPair":{"pubKey":"BZO0PiYXBUzqgH/QoHG5ciEr3QvRt2Pvg4UbP94wmqMB","privKey":"mKEcT22dn4qjZbPuTeLcIizUYhCW3jtLd3Lp1SdF51s="},"lastRemoteEphemeralKey":"BeObcjCYnGyrZggktoofnFOF7HiGSUYIpzkOz3w9k1M8","previousCounter":0,"rootKey":"nPPAI8w9+RxQj3IsJIJrCSOhMLfYRmrmzcbW/2QjAHw="},"indexInfo":{"baseKey":"BXoGwNdSUSXoH1XxHKKt1QlPE102mCOyj5jMosOgTJ5t","baseKeyType":1,"closed":-1,"used":1676784469985,"created":1676784469985,"remoteIdentityKey":"BeOpu8k+jwi8V2cLrFNXg1RcSqndEoZ5VGsHVUA2HkRP"},"_chains":{"BZO0PiYXBUzqgH/QoHG5ciEr3QvRt2Pvg4UbP94wmqMB":{"chainKey":{"counter":0,"key":"29KTM1l2UkdyPsLK/wp+me6DH3tiK3jSVnfda8lbaCI="},"chainType":1,"messageKeys":{}}},"pendingPreKey":{"signedKeyId":5,"baseKey":"BXoGwNdSUSXoH1XxHKKt1QlPE102mCOyj5jMosOgTJ5t","preKeyId":14743705}}},"version":"v1"}