{"_sessions":{"BQqCYJoX+RCBVIP02WCdc95sCBkD1LY1r2FfH/k9cL44":{"registrationId":2007103984,"currentRatchet":{"ephemeralKeyPair":{"pubKey":"BdiRGJutSI6pjJs9rJl8Px7sbwuD5GyJH4DUjKRpWJhv","privKey":"2PKuwKyKbDWYZBIMyfUxWjc/xayfzmYSxmzXtRUlsFE="},"lastRemoteEphemeralKey":"Bb7QNCWL7EJnxuwQCZJ5G0EPTS25lb/FDTvelqGVu08m","previousCounter":0,"rootKey":"JOS9khbDyQFIs7cNn5oa6/bCj3paFnuRWFdgYgD35+s="},"indexInfo":{"baseKey":"BQqCYJoX+RCBVIP02WCdc95sCBkD1LY1r2FfH/k9cL44","baseKeyType":1,"closed":1676791530873,"used":1676784469496,"created":1676784469496,"remoteIdentityKey":"Bei0Eykk7s6UR24KSWSsQ0xkcfXaWeTHBZaIWFaL8Iof"},"_chains":{"BdiRGJutSI6pjJs9rJl8Px7sbwuD5GyJH4DUjKRpWJhv":{"chainKey":{"counter":0,"key":"EABvNNKnX07rkbgl5tXyJFEqLvJ46EAkt6V75U8mHmI="},"chainType":1,"messageKeys":{}}},"pendingPreKey":{"signedKeyId":13,"baseKey":"BQqCYJoX+RCBVIP02WCdc95sCBkD1LY1r2FfH/k9cL44","preKeyId":4730348}},"BTrTZRTUw6GFaP3aF3NjV8gQoum9X+gQoodeQ/8uSp00":{"registrationId":1551533562,"currentRatchet":{"ephemeralKeyPair":{"pubKey":"BVH+CNHZWk5iJUfVO/rE8pub4raLWy37rqs0vjmKUqBg","privKey":"2AtWUyJWPpvJGkThWXxCEDIHDysaHIr9Pp7O71TQfls="},"lastRemoteEphemeralKey":"BRMhHrBBIhHLdi+i52GcJwb9/7eDhfV0h5inJ2iZ1J1J","previousCounter":0,"rootKey":"G+wBnjL6jJVVX/XCYVaDUTSTn1shD0nI5db0tHLumeQ="},"indexInfo":{"baseKey":"BTrTZRTUw6GFaP3aF3NjV8gQoum9X+gQoodeQ/8uSp00","baseKeyType":1,"closed":-1,"used":1676791530870,"created":1676791530870,"remoteIdentityKey":"BdQrGoHr4AoLnaMFKArJlCzBamHgtMNZ8dobdAeHgiN6"},"_chains":{"BVH+CNHZWk5iJUfVO/rE8pub4raLWy37rqs0vjmKUqBg":{"chainKey":{"counter":-1,"key":"3KmuWg/aLElY6UrDAUoyF6WdBYU1juenzQ0tNQdamJU="},"chainType":1,"messageKeys":{}}},"pendingPreKey":{"signedKeyId":0,"baseKey":"BTrTZRTUw6GFaP3aF3NjV8gQoum9X+gQoodeQ/8uSp00","preKeyId":191504}}},"version":"v1"}