{"_sessions":{"BWipA2zkINU3SgrGFx/1iYd41ousmjU5papb16dFbDM1":{"registrationId":24,"currentRatchet":{"ephemeralKeyPair":{"pubKey":"BfPNuiKKg8r6cT0RhOZgFTaSGOtFY2oj5EsVY7VQpbl8","privKey":"YPur8RJgmo5VL7tRnwYjY6H4ijEXeQq9gDPHV0nbNHc="},"lastRemoteEphemeralKey":"BaJdRD+TZT6KUcDaVidT0CjvAw0ifsOi/KWOcEnoumFs","previousCounter":0,"rootKey":"mgo5fHidKvU9/Q7k24TwWrDEHFPH7Fr7WKePcajUb9s="},"indexInfo":{"baseKey":"BWipA2zkINU3SgrGFx/1iYd41ousmjU5papb16dFbDM1","baseKeyType":1,"closed":-1,"used":1676784468355,"created":1676784468355,"remoteIdentityKey":"BdEi4qe2CcuLAHnIZnXo5ENcYs1I1bhl4AWTWpSxxNoP"},"_chains":{"BfPNuiKKg8r6cT0RhOZgFTaSGOtFY2oj5EsVY7VQpbl8":{"chainKey":{"counter":0,"key":"ujLmvVIwQtPihH4wyoI2fIXsoZpOS4MGIiqQKkY432Y="},"chainType":1,"messageKeys":{}}},"pendingPreKey":{"signedKeyId":1,"baseKey":"BWipA2zkINU3SgrGFx/1iYd41ousmjU5papb16dFbDM1"}}},"version":"v1"}