{"_sessions":{"Bd5oUmpNB21ko5WBAZfmc1iEBtdF4SMgDoyZU9NQOWhe":{"registrationId":363942783,"currentRatchet":{"ephemeralKeyPair":{"pubKey":"BTNFp6Vv0UmdW+lRTRfGeejG8+8+AYahQc0LohhvTDt1","privKey":"eO5D8qfZY5csLcHv1bZ5UbcPjfz2K0tr8e+iPnZ7s1M="},"lastRemoteEphemeralKey":"BZoev0QutxKM869lDVbbY2ogdAbLwAkFUupjhSCK+R9w","previousCounter":0,"rootKey":"NpvaORUo4w10LzvLSCE/OsfufzmF80UtqWzHHQfvJZo="},"indexInfo":{"baseKey":"Bd5oUmpNB21ko5WBAZfmc1iEBtdF4SMgDoyZU9NQOWhe","baseKeyType":1,"closed":-1,"used":1676784468697,"created":1676784468697,"remoteIdentityKey":"Bfl6stDGF0Adjvg3O6BHIq3emRiSVDeB/ZJdCMiKjpJd"},"_chains":{"BTNFp6Vv0UmdW+lRTRfGeejG8+8+AYahQc0LohhvTDt1":{"chainKey":{"counter":0,"key":"nzEhkReyyrS5WPFAKqOicY83AL82/dzl+RyNu1KSKzA="},"chainType":1,"messageKeys":{}}},"pendingPreKey":{"signedKeyId":1,"baseKey":"Bd5oUmpNB21ko5WBAZfmc1iEBtdF4SMgDoyZU9NQOWhe","preKeyId":2735571}}},"version":"v1"}