{"_sessions":{"BfQ4JezphXxZe29ac46uHdqY6ope5T/SKrhUd0TFsgZE":{"registrationId":1650491215,"currentRatchet":{"ephemeralKeyPair":{"pubKey":"BXqS3z7kxLnP0tt1Jk5JF6oFLKRVf8f1J9l1b6O6GlVg","privKey":"sN4mP5E2EGNEVCI/oc4Uh0Y392YQng8TDBNNupI9bVQ="},"lastRemoteEphemeralKey":"BQp3R2eAL5VT1Dbzufk6Mx5mJWhrOMXDYD9+VgFwqCYA","previousCounter":0,"rootKey":"yRIEA3HPqcOyDMGDLs++upjmaVGadfB7ovrOpPunNdQ="},"indexInfo":{"baseKey":"BfQ4JezphXxZe29ac46uHdqY6ope5T/SKrhUd0TFsgZE","baseKeyType":1,"closed":-1,"used":1676784468431,"created":1676784468431,"remoteIdentityKey":"Bc6kr4Lw15Qjf2bUkRPy/2hCj9QF6WTjWdrvF+bicCJz"},"_chains":{"BXqS3z7kxLnP0tt1Jk5JF6oFLKRVf8f1J9l1b6O6GlVg":{"chainKey":{"counter":0,"key":"SU9VMChEVk7jHy853ATFI1QoC/vijPLHTMSr9RdYXxc="},"chainType":1,"messageKeys":{}}},"pendingPreKey":{"signedKeyId":0,"baseKey":"BfQ4JezphXxZe29ac46uHdqY6ope5T/SKrhUd0TFsgZE"}}},"version":"v1"}