{"_sessions":{"BRk9MbZPLO0G4RlD4BttdHwD5lFipWXFXRJ6LpthGgR9":{"registrationId":731237082,"currentRatchet":{"ephemeralKeyPair":{"pubKey":"BcuWshl2cRIWMl/gGa5B48jPZAliz2SS0UYclng7cLR8","privKey":"8DVqcinx8ealhkO3N9n0EadBV6myFhJvddr61xgY2Xo="},"lastRemoteEphemeralKey":"Ba1Gf+ShyDSZKlNptbfPChSA5Zd7aQWUca42M7dLTawH","previousCounter":0,"rootKey":"GU0idb7eG9OnTYcD1e4DV4aUK99fnpgEJIrMc7d6EkE="},"indexInfo":{"baseKey":"BRk9MbZPLO0G4RlD4BttdHwD5lFipWXFXRJ6LpthGgR9","baseKeyType":1,"closed":-1,"used":1676784470048,"created":1676784470048,"remoteIdentityKey":"BU9dtzPZu4R7MGBAxKx0zU0Lo8vFYcwLK0jxwHBdJo5D"},"_chains":{"BcuWshl2cRIWMl/gGa5B48jPZAliz2SS0UYclng7cLR8":{"chainKey":{"counter":0,"key":"hZTx2XbASs0NWHIt/5mbwuxh6MjBSzADXGtg9xmpxBY="},"chainType":1,"messageKeys":{}}},"pendingPreKey":{"signedKeyId":1,"baseKey":"BRk9MbZPLO0G4RlD4BttdHwD5lFipWXFXRJ6LpthGgR9","preKeyId":8553409}}},"version":"v1"}