{"_sessions":{"BZvuRK2aUHijeYmB9fXHcQ2u2Vh60RZYFQ6mWYLm69B/":{"registrationId":1619045582,"currentRatchet":{"ephemeralKeyPair":{"pubKey":"BVp3mcm8pghJa424Ttb+GFldtQ4+h8MqhvossRyT7opt","privKey":"mONiy+T4YgAfvqDMPiFfOrkAImKlvOMbot9sbndh4Wg="},"lastRemoteEphemeralKey":"BVh1148GNMiesiNonsbAA2dkh+4JktekEmYwaNSQ8SAY","previousCounter":0,"rootKey":"sA8oWg/RHLMOTARARLqetCiJYC91N14W0OIzM1h6+dk="},"indexInfo":{"baseKey":"BZvuRK2aUHijeYmB9fXHcQ2u2Vh60RZYFQ6mWYLm69B/","baseKeyType":1,"closed":-1,"used":1676784470245,"created":1676784470245,"remoteIdentityKey":"BQ5Vlr+uL8QzsbtVJrauQ+xiJfz+inEocSsS6RUArOIe"},"_chains":{"BVp3mcm8pghJa424Ttb+GFldtQ4+h8MqhvossRyT7opt":{"chainKey":{"counter":0,"key":"3T633JGqnEZnXlXnrEszrEE+WFlrphglxUv4mpocI/Q="},"chainType":1,"messageKeys":{}}},"pendingPreKey":{"signedKeyId":25,"baseKey":"BZvuRK2aUHijeYmB9fXHcQ2u2Vh60RZYFQ6mWYLm69B/","preKeyId":6955388}}},"version":"v1"}