{"_sessions":{"BTIsGnw+Bnxtd7UUTf4RtZfj+vnsPs2aV9vlSVZGcz0p":{"registrationId":1476795270,"currentRatchet":{"ephemeralKeyPair":{"pubKey":"BbPAMH7Z9z71TjloDxqGv99MZgxm/M6UdPMxZ5PwiFMg","privKey":"yKG9aWece0/wyzYkI2lEBlyyB/oAzkcZghB2U63x/HA="},"lastRemoteEphemeralKey":"BVqqi4Z4vytnFTVfbEjKM5cRGwT4p43B6xxfDJuiocdm","previousCounter":0,"rootKey":"jqTJjt1UIONNcJ10nBll2cXXP5A09uaCPbY2ePKgd3w="},"indexInfo":{"baseKey":"BTIsGnw+Bnxtd7UUTf4RtZfj+vnsPs2aV9vlSVZGcz0p","baseKeyType":1,"closed":-1,"used":1676784469108,"created":1676784469108,"remoteIdentityKey":"BS8dBmYE/2U7Ud9nMZBg7pyxh3VuiK8Prst8ngWzulMi"},"_chains":{"BbPAMH7Z9z71TjloDxqGv99MZgxm/M6UdPMxZ5PwiFMg":{"chainKey":{"counter":0,"key":"N7E/u6guAotsIy1Z70eS1+9L291oWL8qdzm7VJ18BTE="},"chainType":1,"messageKeys":{}}},"pendingPreKey":{"signedKeyId":1,"baseKey":"BTIsGnw+Bnxtd7UUTf4RtZfj+vnsPs2aV9vlSVZGcz0p","preKeyId":10082325}}},"version":"v1"}