{"_sessions":{"BRLrXr+aY0dPdaVJd9XBvfIud7TVLcjplv4aRnZ35H5Z":{"registrationId":1459211486,"currentRatchet":{"ephemeralKeyPair":{"pubKey":"BcGedFkJVYiqNwS+gXZ/Wylv3KNhD5vz8NqM5v3RXuIb","privKey":"CKdxaA+05lb2jVVEceGfx6douOv+leDi0uH6fye5TkE="},"lastRemoteEphemeralKey":"BVfPUZWI8igNwOZvGjxsWONo8EeRyYJRZh9XKUjCJJkG","previousCounter":0,"rootKey":"MJ84Jgfh7uWwbtz8l4AtveWv+uZEacpLmj+DGA0I5vI="},"indexInfo":{"baseKey":"BRLrXr+aY0dPdaVJd9XBvfIud7TVLcjplv4aRnZ35H5Z","baseKeyType":1,"closed":-1,"used":1676784468666,"created":1676784468666,"remoteIdentityKey":"BYLO2P+7644y++ZCKmeGMmo9b6hm1lCOJffer+2pzpgU"},"_chains":{"BcGedFkJVYiqNwS+gXZ/Wylv3KNhD5vz8NqM5v3RXuIb":{"chainKey":{"counter":0,"key":"NtZBA+ZrBBbGSVAOHJX/G3oRbTy+P+ppyKQgrGO43Xk="},"chainType":1,"messageKeys":{}}},"pendingPreKey":{"signedKeyId":3,"baseKey":"BRLrXr+aY0dPdaVJd9XBvfIud7TVLcjplv4aRnZ35H5Z"}}},"version":"v1"}