{"_sessions":{"BXxTvkDGH2j8tZ8FynraGQtNukQJEZsoH9OElSVHXpcb":{"registrationId":1964663172,"currentRatchet":{"ephemeralKeyPair":{"pubKey":"BcS5slm7fd2et3RQrdhYAlmqGHdt6Y3VLoEu9sapWkJV","privKey":"0FXr3z8tnjjg0fDDrkwVfSIpefFB/AlFksHeALYdeFQ="},"lastRemoteEphemeralKey":"BWYF0L94kk7+haEfp+R89wkgTiefoXn0xD3LE5hk9UEk","previousCounter":0,"rootKey":"cJzp6ePECw0HqWR3a1CF/sVDRdezXHSROY0ktAn0TYQ="},"indexInfo":{"baseKey":"BXxTvkDGH2j8tZ8FynraGQtNukQJEZsoH9OElSVHXpcb","baseKeyType":1,"closed":-1,"used":1676784469752,"created":1676784469752,"remoteIdentityKey":"BRQZ1wXRa20iTbh8Lw7W+d/2fSMIIjugsTsRmE0MaPFX"},"_chains":{"BcS5slm7fd2et3RQrdhYAlmqGHdt6Y3VLoEu9sapWkJV":{"chainKey":{"counter":0,"key":"aVCcqUBcmHnc3uDDD6aXv/7c9PU/JbV430Mgx5Xa2Ws="},"chainType":1,"messageKeys":{}}},"pendingPreKey":{"signedKeyId":1,"baseKey":"BXxTvkDGH2j8tZ8FynraGQtNukQJEZsoH9OElSVHXpcb","preKeyId":973251}}},"version":"v1"}