{"_sessions":{"BXgfK9P5UwyZeES+PT1W1erDYxgjhbgGS2RXGgGaVClj":{"registrationId":767305465,"currentRatchet":{"ephemeralKeyPair":{"pubKey":"BUQTrmYXdBSFMQoZGrIyRIXVzgXQSWZsmI++fAhll6N7","privKey":"oNhijc95ptdqetaOZPNQL15AWlKEV/HnzVKLjPgE8nI="},"lastRemoteEphemeralKey":"BRmpekNauy/A9jN1dhy/DFzQ6xJE5EKuZe6IZ7lgHH5g","previousCounter":0,"rootKey":"Sj+ukzwoXbLO+xmWTuVopIs+55BE6Dcb6MaBi6g3Sm0="},"indexInfo":{"baseKey":"BXgfK9P5UwyZeES+PT1W1erDYxgjhbgGS2RXGgGaVClj","baseKeyType":1,"closed":-1,"used":1676784469389,"created":1676784469389,"remoteIdentityKey":"BeDgP+ZN4fJ7vl24D+jQcv6jyEbyg2++MThNXPuZoF5/"},"_chains":{"BUQTrmYXdBSFMQoZGrIyRIXVzgXQSWZsmI++fAhll6N7":{"chainKey":{"counter":0,"key":"14dkjzw3gujG7CPt8qtFc3OH3UBQjEkxHiNUzYD76go="},"chainType":1,"messageKeys":{}}},"pendingPreKey":{"signedKeyId":0,"baseKey":"BXgfK9P5UwyZeES+PT1W1erDYxgjhbgGS2RXGgGaVClj","preKeyId":1155586}}},"version":"v1"}