{"_sessions":{"BXxbvxGEhd0Pd2FDaP+6whLAfY1Ct89WPm7QsB4v9EZn":{"registrationId":1509285032,"currentRatchet":{"ephemeralKeyPair":{"pubKey":"BY94JRej2WE3DOf3peydJ3U/Zi/LbrrbiPlH1yScjuJr","privKey":"KC0C22gMgUhePc5B6LCbciRcP1H5j/D+6X2kazjmWnI="},"lastRemoteEphemeralKey":"BTLlGOVZ+/4FfxNN+c9a6r45thvZqThUYVyRLATgPkly","previousCounter":0,"rootKey":"lwxllfwpl/xwhYW35Sw2Jxdw26CZo43mQ5yaENHn0Ng="},"indexInfo":{"baseKey":"BXxbvxGEhd0Pd2FDaP+6whLAfY1Ct89WPm7QsB4v9EZn","baseKeyType":1,"closed":-1,"used":1676784469747,"created":1676784469747,"remoteIdentityKey":"BSq7x0LfQODrVIbbTZ7pKepfH9KTsgxBD4qFglkDWLEk"},"_chains":{"BY94JRej2WE3DOf3peydJ3U/Zi/LbrrbiPlH1yScjuJr":{"chainKey":{"counter":0,"key":"iKO4wc3v7luaJqcElJgFCBeDA4hlRR+qtCFKCqOPSCY="},"chainType":1,"messageKeys":{}}},"pendingPreKey":{"signedKeyId":0,"baseKey":"BXxbvxGEhd0Pd2FDaP+6whLAfY1Ct89WPm7QsB4v9EZn"}}},"version":"v1"}