{"_sessions":{"Bdc12Bex4omHbDZWtZOXIO/X9I9wZw++G+3xTxlNKvlt":{"registrationId":2055838303,"currentRatchet":{"ephemeralKeyPair":{"pubKey":"BSzlRWxDxboxOIaiw9rF2iQr9DivAcyojcGGa5bpaet6","privKey":"AIEdiYoNLsbslgGtrZNrCllm4Rxw5DTXlcB5xrwAKHc="},"lastRemoteEphemeralKey":"BQCSl17XDIaUQuHfBCExMktpCiSz9VeLLVpNNqEd0IFz","previousCounter":0,"rootKey":"AsxgQBB+6syZ7UFxEhNQygrOEzHox8YYxR+2ooR2/2c="},"indexInfo":{"baseKey":"Bdc12Bex4omHbDZWtZOXIO/X9I9wZw++G+3xTxlNKvlt","baseKeyType":1,"closed":-1,"used":1676784469198,"created":1676784469198,"remoteIdentityKey":"BdKMihRshN00GKC+raeJdhUdmtio9TDWLpQZPEFfvaVN"},"_chains":{"BSzlRWxDxboxOIaiw9rF2iQr9DivAcyojcGGa5bpaet6":{"chainKey":{"counter":0,"key":"dn5c4r0ULeuUFwwzhq9PM4sp53GO93xG0CjUgCzwXp8="},"chainType":1,"messageKeys":{}}},"pendingPreKey":{"signedKeyId":0,"baseKey":"Bdc12Bex4omHbDZWtZOXIO/X9I9wZw++G+3xTxlNKvlt"}}},"version":"v1"}