{"_sessions":{"BacxxrVIqXl0gp/3fz2Ivo3HyY2+VzQVsI/WSyeZYio0":{"registrationId":143,"currentRatchet":{"ephemeralKeyPair":{"pubKey":"BXXZ6XCjztrUe7OB4mEOgGfcQ0Lk/qNPuMByVlYlthNY","privKey":"EHp8cJ+lOpRV8IIWDr7kBoqv3HNy2ena2EfjbJBMiUk="},"lastRemoteEphemeralKey":"BTQdGkyKVnDeYIqm/dyUdo0Z7P7Jbs+/PC6S/zzLUDBk","previousCounter":0,"rootKey":"+Sv23F/h1EWlAXh67eAYC223cnnvUjuLnlg0GLD/1+E="},"indexInfo":{"baseKey":"BacxxrVIqXl0gp/3fz2Ivo3HyY2+VzQVsI/WSyeZYio0","baseKeyType":1,"closed":-1,"used":1676784468262,"created":1676784468262,"remoteIdentityKey":"BQ+SUqpIa6+McInhliu8lWWDEGJLg7pTBU3mzfnrRcsp"},"_chains":{"BXXZ6XCjztrUe7OB4mEOgGfcQ0Lk/qNPuMByVlYlthNY":{"chainKey":{"counter":0,"key":"NnrvkntYb4+v6IakYdpjs0GDMtc3bDI8YscUrcKRBiw="},"chainType":1,"messageKeys":{}}},"pendingPreKey":{"signedKeyId":1,"baseKey":"BacxxrVIqXl0gp/3fz2Ivo3HyY2+VzQVsI/WSyeZYio0"}}},"version":"v1"}