{"_sessions":{"BdGLCfn1IEE/9qMI3Iw/dYK9MPg2sfVQjNfdDwP+2z50":{"registrationId":1322386480,"currentRatchet":{"ephemeralKeyPair":{"pubKey":"BWEqepSvcoxpi7WnroNLA9uCA5aSwOa/2CKec/l/YZBY","privKey":"sFxH0ZJAvd6wRuI22C1JXfSXtKXfKb55MDOlOepNQEI="},"lastRemoteEphemeralKey":"BUvmV/UrYvn9Hk6xsfdSvcvelGqmS1vXaov799HpDuA3","previousCounter":0,"rootKey":"oGVq4yvwBmgMrPQEvIboEAUJwAZP4VT6EqEpgDiAL18="},"indexInfo":{"baseKey":"BdGLCfn1IEE/9qMI3Iw/dYK9MPg2sfVQjNfdDwP+2z50","baseKeyType":2,"closed":-1,"used":1676746251531,"created":1676746251531,"remoteIdentityKey":"BdxDKKl1sAqbA+ULaKY9kbcyxUlHaslGKC++h43TjnQ7"},"_chains":{"BUvmV/UrYvn9Hk6xsfdSvcvelGqmS1vXaov799HpDuA3":{"chainKey":{"counter":1,"key":"xQ0jXIMmfGX/qdKh8AgDjhUFoqUPB8PtmKbFI6kuhf0="},"chainType":2,"messageKeys":{}},"BWEqepSvcoxpi7WnroNLA9uCA5aSwOa/2CKec/l/YZBY":{"chainKey":{"counter":-1,"key":"TbPWOXGTvGeW1MRe9eFxhE+LvsU+ZFETPFgwZJohCCg="},"chainType":1,"messageKeys":{}}}}},"version":"v1"}