{"_sessions":{"BedoYEFzu04Cjj3DWqkVsNAwKxckHJzkSt5FXt23j0QM":{"registrationId":12478,"currentRatchet":{"ephemeralKeyPair":{"pubKey":"BarHw6n7hlSd41eIHbmaHi3zwpWy1FsnXFvXK9FWCs4J","privKey":"GBjVUAggvKxYLOp2srC9meCA7ZEN6mzV/k41m/mkUnE="},"lastRemoteEphemeralKey":"BZDixq98BY+JRalqmWlJMJ09HLdrziiTeI+q2aG9Mx0z","previousCounter":0,"rootKey":"ZgloSK8/+rXs8/pInsodF2SiT5MxXvUaaRGyxfQk7gk="},"indexInfo":{"baseKey":"BedoYEFzu04Cjj3DWqkVsNAwKxckHJzkSt5FXt23j0QM","baseKeyType":1,"closed":-1,"used":1676784467906,"created":1676784467906,"remoteIdentityKey":"Bcn4RZY2I7CLXu/tlTCivUvFXAUX+eP7+phS5m49+k4a"},"_chains":{"BarHw6n7hlSd41eIHbmaHi3zwpWy1FsnXFvXK9FWCs4J":{"chainKey":{"counter":0,"key":"BXJmFH5di2wmHBP43LYloiOuXUA6NuA7fGuD0YuTdoI="},"chainType":1,"messageKeys":{}}},"pendingPreKey":{"signedKeyId":1,"baseKey":"BedoYEFzu04Cjj3DWqkVsNAwKxckHJzkSt5FXt23j0QM"}}},"version":"v1"}