{"_sessions":{"Bf6d5MLVscDeYXMpIBk/CcA2w+hwblLv0xnGZNNpy7YT":{"registrationId":1193902283,"currentRatchet":{"ephemeralKeyPair":{"pubKey":"BfhZ8y0AUI1GseNQh0bU9yOWaJoAxKl0cEdy6DcuqYI7","privKey":"SAdQGPdTzOxa7UZsRFwB4S/2AJhE/Ug2v2Lwsx4yq1A="},"lastRemoteEphemeralKey":"BfiFSyjU4zTku2bnxXLJ1+xUH5kAvWVgUwK5xPcaMqsJ","previousCounter":0,"rootKey":"3y5LCPykWF8ZxLhglHgO0R3ntJZp3EscaG/+gBtvOKA="},"indexInfo":{"baseKey":"Bf6d5MLVscDeYXMpIBk/CcA2w+hwblLv0xnGZNNpy7YT","baseKeyType":1,"closed":-1,"used":1676784468924,"created":1676784468924,"remoteIdentityKey":"BRTP9dqdnHFf+ODr9LU8HEUFYem//Ilh7WY2uMnBNCB7"},"_chains":{"BfhZ8y0AUI1GseNQh0bU9yOWaJoAxKl0cEdy6DcuqYI7":{"chainKey":{"counter":0,"key":"mWJlJS1MMScZpSPUXncP6UYCU2JOR9euT9oJ9dq5dhI="},"chainType":1,"messageKeys":{}}},"pendingPreKey":{"signedKeyId":8,"baseKey":"Bf6d5MLVscDeYXMpIBk/CcA2w+hwblLv0xnGZNNpy7YT","preKeyId":11946908}}},"version":"v1"}