{"_sessions":{"BRDr28hS+xZH1PPqbKhpBklxti4izmKrok3izJxLwAUA":{"registrationId":619901429,"currentRatchet":{"ephemeralKeyPair":{"pubKey":"Bauc+ATfZuXNepKjNm7RvbckYklEwf6RIxi/Xk3njkNw","privKey":"QEA8ezupVb6NPWgXAvGsAMRM4KEqQaIn3xPOA7ixNWU="},"lastRemoteEphemeralKey":"BVM2UCvSURSRusC2VNzg9xf2pf3MRYYAhh5IqL01WFU6","previousCounter":0,"rootKey":"ox/ueMySKxAqTC9YdJrpPnL42yWjhujA0jNB5l57IoU="},"indexInfo":{"baseKey":"BRDr28hS+xZH1PPqbKhpBklxti4izmKrok3izJxLwAUA","baseKeyType":1,"closed":-1,"used":1676784470103,"created":1676784470103,"remoteIdentityKey":"BWONGDsM+B2xf/t75rTiLTEOYEHIV68gkzCV4MOhe3d1"},"_chains":{"Bauc+ATfZuXNepKjNm7RvbckYklEwf6RIxi/Xk3njkNw":{"chainKey":{"counter":0,"key":"v1Im6S0BqA8d3GeIrHneTLw196sbwp44DaqByX+2nIg="},"chainType":1,"messageKeys":{}}},"pendingPreKey":{"signedKeyId":1,"baseKey":"BRDr28hS+xZH1PPqbKhpBklxti4izmKrok3izJxLwAUA","preKeyId":5780074}}},"version":"v1"}