{"_sessions":{"BeP5FXne8Jd25ISIUYAvVaYgxgJIGdBK6ZP10XAkz40/":{"registrationId":2057806328,"currentRatchet":{"ephemeralKeyPair":{"pubKey":"BUYDlgpEXub9diMFywYuPB8U/XmfcGa6FlKgMZM59P5O","privKey":"uPjhF0qZL+ZfNhOaa5yG7Unk7/YTI8AMhwsWr0f8zHg="},"lastRemoteEphemeralKey":"BTjAwtiEC3pmrvM3jeDvUSsetBsLR/LKCXMPVhHOCltP","previousCounter":0,"rootKey":"PciHo4LSwNPv3rjUuYYJG0Kxxgx7P0sYoWJDItrho5s="},"indexInfo":{"baseKey":"BeP5FXne8Jd25ISIUYAvVaYgxgJIGdBK6ZP10XAkz40/","baseKeyType":1,"closed":-1,"used":1676784469301,"created":1676784469301,"remoteIdentityKey":"BR1ABqu3JeRV7bcCqCilmZsCNv/mse5y1NDjFzCjOjBX"},"_chains":{"BUYDlgpEXub9diMFywYuPB8U/XmfcGa6FlKgMZM59P5O":{"chainKey":{"counter":0,"key":"lbtJoyWhkUvup3M0DdRejuBskBHm+1K6ZxSDjzEz1vg="},"chainType":1,"messageKeys":{}}},"pendingPreKey":{"signedKeyId":0,"baseKey":"BeP5FXne8Jd25ISIUYAvVaYgxgJIGdBK6ZP10XAkz40/","preKeyId":466780}}},"version":"v1"}