{"_sessions":{"BUFC7wL3VgevV25INQktGVW0GSHaEIuQFHTYjpJNyTIb":{"registrationId":1668190073,"currentRatchet":{"ephemeralKeyPair":{"pubKey":"BTHSATYBV1fqq6/UAB9d0dNVQ0W6bZMBmCSS8r2zlix8","privKey":"IK/O27tthxOhu7YXnStXnK9uCkNrN1ToFSgwf4lV9WM="},"lastRemoteEphemeralKey":"BYDkJ5QjqsK05aB10fXRhvLE/7HBQBS6Tes2huEWi1kG","previousCounter":0,"rootKey":"lM3l296gMPoTOgJ3CdEi9Z8s5PCDffGi1Uxvn8LkA9k="},"indexInfo":{"baseKey":"BUFC7wL3VgevV25INQktGVW0GSHaEIuQFHTYjpJNyTIb","baseKeyType":1,"closed":-1,"used":1676784469822,"created":1676784469822,"remoteIdentityKey":"BRrUR5UPAV5hm0U1AeS/a3T8dkNFvws6yXQ6WZA80Gps"},"_chains":{"BTHSATYBV1fqq6/UAB9d0dNVQ0W6bZMBmCSS8r2zlix8":{"chainKey":{"counter":0,"key":"7ee6xc5FonlhN0aT6Qzij69YYI3zN+ca40bN483+WmI="},"chainType":1,"messageKeys":{}}},"pendingPreKey":{"signedKeyId":0,"baseKey":"BUFC7wL3VgevV25INQktGVW0GSHaEIuQFHTYjpJNyTIb","preKeyId":5556277}}},"version":"v1"}