{"_sessions":{"BTaNaXTo9/Oz3PEw0TpMBTF9zY88YleIqoemIMJ6889C":{"registrationId":197335950,"currentRatchet":{"ephemeralKeyPair":{"pubKey":"BU+34e1mHHObJ4agcRoNoM7UnyDY55D4OPdvbLLLQ9l/","privKey":"COw7TRjtnpNrmWTKRbE5nA2R4Gypj1c6xCoIXGpa6XQ="},"lastRemoteEphemeralKey":"Be3zjVq7veNWUZSX0m34SwFtK8SyL7wnFa/4yhkoBNZa","previousCounter":0,"rootKey":"NlMMkRBNPXNoovUIPDvtl+wFKrp/vku07HF/j7QGvHk="},"indexInfo":{"baseKey":"BTaNaXTo9/Oz3PEw0TpMBTF9zY88YleIqoemIMJ6889C","baseKeyType":1,"closed":-1,"used":1676784469829,"created":1676784469829,"remoteIdentityKey":"BQzfgBuIEPagsa0/MuWu0ZMwQiGtiSbMf5hT/597CXRg"},"_chains":{"BU+34e1mHHObJ4agcRoNoM7UnyDY55D4OPdvbLLLQ9l/":{"chainKey":{"counter":0,"key":"MLjM8nlcuV+6iEFQykTgDL1FUrNuH8mbq4NbSbruqls="},"chainType":1,"messageKeys":{}}},"pendingPreKey":{"signedKeyId":1,"baseKey":"BTaNaXTo9/Oz3PEw0TpMBTF9zY88YleIqoemIMJ6889C","preKeyId":8637233}}},"version":"v1"}