{"_sessions":{"BXslSihZXLKzYWJ9ZZeB/uEvxhw2JnFXGmWOCNRHIv4v":{"registrationId":85831564,"currentRatchet":{"ephemeralKeyPair":{"pubKey":"BbCopSX4TpWIzk9zANHTZB2VgiB09cgFh4r6XmvZHVxK","privKey":"CBWVK6yjHmmhoxt7ZQiT/kmbqIqdgU8gnDPU2DvOYkE="},"lastRemoteEphemeralKey":"BV97XB0r9HoYcyinCvTV+qoj8olM+ndKorm8eVbKZIkO","previousCounter":0,"rootKey":"3LnSBI7inLsIsOA1ES3pKnAqdusIp43VrOvCPfP0oHA="},"indexInfo":{"baseKey":"BXslSihZXLKzYWJ9ZZeB/uEvxhw2JnFXGmWOCNRHIv4v","baseKeyType":2,"closed":-1,"used":1676784383402,"created":1676784383402,"remoteIdentityKey":"BWhzznBofK5zNVoRTXcmPakR56fsW1AhEMHh3uuGtoBO"},"_chains":{"BV97XB0r9HoYcyinCvTV+qoj8olM+ndKorm8eVbKZIkO":{"chainKey":{"counter":1,"key":"+lEtMIW8OOz387T/B15SoS2n2wKgJI7zWQp7tQJ7t6Y="},"chainType":2,"messageKeys":{}},"BbCopSX4TpWIzk9zANHTZB2VgiB09cgFh4r6XmvZHVxK":{"chainKey":{"counter":0,"key":"Dqjd5a332R4aEJq+I1EZL9Vt+sLIFE9cHgeHfctF7Gs="},"chainType":1,"messageKeys":{}}}}},"version":"v1"}