{"_sessions":{"BXcvrOUdF4NOIzQc+yo5u+yIGzatqOwAEH2LXKzRYmBS":{"registrationId":2005177205,"currentRatchet":{"ephemeralKeyPair":{"pubKey":"BdiaLgnHZooT9HmwnTfbmppNqLCpIG/GA3aqKPW9Xgsr","privKey":"wAZ1BYPd8GKLklsPDOLUCWtcNtNKo2P6B4HLwGwFKlw="},"lastRemoteEphemeralKey":"BSxDiNM9+COUBc7z5Cdnz5sWKpYvz2AuHV3eBWU5PcVM","previousCounter":0,"rootKey":"vWzvpU3SA3dZZGXVIfxv0Vc889bsuMd/W6ZWdzTfS+U="},"indexInfo":{"baseKey":"BXcvrOUdF4NOIzQc+yo5u+yIGzatqOwAEH2LXKzRYmBS","baseKeyType":1,"closed":-1,"used":1676784468598,"created":1676784468598,"remoteIdentityKey":"BfHY8pQfyiIrG2UMrEMcLXw7ehnV9b31mrP4jb4tqc8z"},"_chains":{"BdiaLgnHZooT9HmwnTfbmppNqLCpIG/GA3aqKPW9Xgsr":{"chainKey":{"counter":0,"key":"MpK3dsXb13p7YN+GvqaJVk54pLiXHeHXpuQiusjnbmg="},"chainType":1,"messageKeys":{}}},"pendingPreKey":{"signedKeyId":1,"baseKey":"BXcvrOUdF4NOIzQc+yo5u+yIGzatqOwAEH2LXKzRYmBS","preKeyId":2645990}}},"version":"v1"}