{"_sessions":{"BV6rjZL7JyE58ddx692NppJM1WDaj0Ky1gVKwBocEuEh":{"registrationId":1409100362,"currentRatchet":{"ephemeralKeyPair":{"pubKey":"BeFrdqecsYaZEAmb5vmxa9RBffKlS73wY4+9fT6oWoJC","privKey":"EN4s2qjbKQXdZxs/2XCoiUmkWPHe8ugupuPLLrmUpl4="},"lastRemoteEphemeralKey":"BfHOQcjJfIuHudHaLo25VPvoehrVrnFb91KUJOMUTz0A","previousCounter":0,"rootKey":"y04xW2eh1J2RjpwuLrJZvHU8iJSrodyehNEtvbo+KoY="},"indexInfo":{"baseKey":"BV6rjZL7JyE58ddx692NppJM1WDaj0Ky1gVKwBocEuEh","baseKeyType":2,"closed":-1,"used":1676749401055,"created":1676749401055,"remoteIdentityKey":"BURGSul4vZ+FwSncKf/gZO3Y4CuxwqY2RE3iPfFjxO5p"},"_chains":{"BfHOQcjJfIuHudHaLo25VPvoehrVrnFb91KUJOMUTz0A":{"chainKey":{"counter":0,"key":"oH1v5TwphQGA8X1gYihoO2K/qw01pBV8dlJprdcmmHs="},"chainType":2,"messageKeys":{}},"BeFrdqecsYaZEAmb5vmxa9RBffKlS73wY4+9fT6oWoJC":{"chainKey":{"counter":-1,"key":"xErIe01tyOdUUfQBKUcFTnPdF9jrRia13veBVVOPjU0="},"chainType":1,"messageKeys":{}}}}},"version":"v1"}