{"_sessions":{"BWwWpOdLX4eTuJR6pBIBI/kR6F8V0ocC10z8bDFS6jRj":{"registrationId":880276368,"currentRatchet":{"ephemeralKeyPair":{"pubKey":"BQAw6i0w7mV0EI3C8zYcebp9f73xTMKXEOF/Dj2a0xp+","privKey":"YGeDDBngTjYkEMir0j8qnu1/8TNmgcNv2Wt/kXriNn0="},"lastRemoteEphemeralKey":"BZJBKhIRQMIEdaXsxPxdanoUXjyatum/tnEewrzWyKJx","previousCounter":0,"rootKey":"/vWYpGFOIP69I8/GQNxQuUHUcT2nz1oVxU9iYaZT8Ss="},"indexInfo":{"baseKey":"BWwWpOdLX4eTuJR6pBIBI/kR6F8V0ocC10z8bDFS6jRj","baseKeyType":1,"closed":-1,"used":1676784469040,"created":1676784469040,"remoteIdentityKey":"Bczf8mlqCuU/ueSJk4h+B6YDnAaxJ6BP1c/Sn4vW2lsv"},"_chains":{"BQAw6i0w7mV0EI3C8zYcebp9f73xTMKXEOF/Dj2a0xp+":{"chainKey":{"counter":0,"key":"bE6n5lAdTAysqAqOwmXUF/kLHeW3r+2OOVtIKzg7ksU="},"chainType":1,"messageKeys":{}}},"pendingPreKey":{"signedKeyId":0,"baseKey":"BWwWpOdLX4eTuJR6pBIBI/kR6F8V0ocC10z8bDFS6jRj","preKeyId":5646863}}},"version":"v1"}