{"_sessions":{"BQTB4VFCFeZ3k/+BR5JJqC3flhaFz4PtPtW5aXDsLttd":{"registrationId":970054695,"currentRatchet":{"ephemeralKeyPair":{"pubKey":"BTtLy6S1hfiqsBYWVa0iHhAkh/pJfardvnkARSwakA4J","privKey":"wKGMEvDx/S3wGiEiidkgvKEIEHKTM6w08US5vWkNXnQ="},"lastRemoteEphemeralKey":"BWpeqE0Qk8StEFsv8CqLJ2/TfoIrvLxHooJViohCKrs6","previousCounter":0,"rootKey":"f5c8UmrJ9zTPhVB9g+UHtCdpx+ps8ChCbBJx6CMn1OQ="},"indexInfo":{"baseKey":"BQTB4VFCFeZ3k/+BR5JJqC3flhaFz4PtPtW5aXDsLttd","baseKeyType":1,"closed":-1,"used":1676784469897,"created":1676784469897,"remoteIdentityKey":"BT1jH+vyLNqlhywk+i7A5lF3fKTapYxK5DTa5orDCTk2"},"_chains":{"BTtLy6S1hfiqsBYWVa0iHhAkh/pJfardvnkARSwakA4J":{"chainKey":{"counter":0,"key":"j3RVHdSk2aAK+zE8zEIklVFUOYo06tVx4Lb+ne7baDM="},"chainType":1,"messageKeys":{}}},"pendingPreKey":{"signedKeyId":0,"baseKey":"BQTB4VFCFeZ3k/+BR5JJqC3flhaFz4PtPtW5aXDsLttd","preKeyId":9441061}}},"version":"v1"}