{"_sessions":{"BVDK39cAmpxRSHjvWTzNUazO39Ay/oy3POHVGxeSsSMl":{"registrationId":1616833813,"currentRatchet":{"ephemeralKeyPair":{"pubKey":"BZYTpg3/cxrve52ygj4msd0lv8loxtYXJlaTEAAxh2V7","privKey":"OLYXrSMIQvtM5bjSjtGZxlDAKnNydV7fywrUptwUUk4="},"lastRemoteEphemeralKey":"BRZ7kQUDeMCe+kD09BDrUGeqHUl+oD/Li4uFxoMht3U5","previousCounter":0,"rootKey":"Z3dak376il8UiwKdD2NNCYZymYHOPkw5KfpPa5TWUCc="},"indexInfo":{"baseKey":"BVDK39cAmpxRSHjvWTzNUazO39Ay/oy3POHVGxeSsSMl","baseKeyType":1,"closed":-1,"used":1676784470214,"created":1676784470214,"remoteIdentityKey":"Bfy4VAIZvi5FVFNKBsE5LpfAmWeCF2B6izp9/hbUxgwP"},"_chains":{"BZYTpg3/cxrve52ygj4msd0lv8loxtYXJlaTEAAxh2V7":{"chainKey":{"counter":0,"key":"BVJesoJldGdtrq6tNgFE5POzdH2RiM4sC/mD8zbf1gw="},"chainType":1,"messageKeys":{}}},"pendingPreKey":{"signedKeyId":0,"baseKey":"BVDK39cAmpxRSHjvWTzNUazO39Ay/oy3POHVGxeSsSMl","preKeyId":183261}}},"version":"v1"}