{"_sessions":{"BVXo0nkOiLLLPPlTBCjpOzUaqBQOXDqC1Ig4dAtuR0RI":{"registrationId":11741,"currentRatchet":{"ephemeralKeyPair":{"pubKey":"BSd+c9JOwONeyz0UWlnMQbEqG30gTDbN3ywMv5x6Kfcz","privKey":"yP4c3Y8uqt419Fx/p2rXVWc8XHQglEfTz+geTuAP6Gs="},"lastRemoteEphemeralKey":"BVEgBxLruvuTFmgzOwF/Z4uI7aL/B3wLGHwMx8X95Cgk","previousCounter":0,"rootKey":"xGdGxOROY+1HOxvHnl7wZ0h1uO0QKAuxAcbPLMY+QKs="},"indexInfo":{"baseKey":"BVXo0nkOiLLLPPlTBCjpOzUaqBQOXDqC1Ig4dAtuR0RI","baseKeyType":1,"closed":-1,"used":1676784467911,"created":1676784467911,"remoteIdentityKey":"BfyitSJVVP1HynTBKr2Wx4ZpFRoo6RrvVFRvQ7NEMKJZ"},"_chains":{"BSd+c9JOwONeyz0UWlnMQbEqG30gTDbN3ywMv5x6Kfcz":{"chainKey":{"counter":0,"key":"A94YrgOC4rjyPVPuB9Nz9M+wr3O2408kRlwO838JTe4="},"chainType":1,"messageKeys":{}}},"pendingPreKey":{"signedKeyId":1,"baseKey":"BVXo0nkOiLLLPPlTBCjpOzUaqBQOXDqC1Ig4dAtuR0RI"}}},"version":"v1"}