{"_sessions":{"BWZwdNlfWYjFe1IClGJvLDudh4PQt9aj7VK9TWg/N/Bc":{"registrationId":1245806750,"currentRatchet":{"ephemeralKeyPair":{"pubKey":"BYigLGBH9D19yhUaxg7LObBHrl0Q2DbrphQX7CDw0Jsc","privKey":"eP2CqfqKPm74PpknfzfMHYFltC9+/qIkVB6nic8fpU0="},"lastRemoteEphemeralKey":"BUg14M4UlKK7+bTkWz6Pv1TPKuIQYY2lHYo3/wunzw0k","previousCounter":0,"rootKey":"iAiko1LIw6Op+Fl9R26Hp6cTfpKUls+Ej+l860BkLxk="},"indexInfo":{"baseKey":"BWZwdNlfWYjFe1IClGJvLDudh4PQt9aj7VK9TWg/N/Bc","baseKeyType":1,"closed":-1,"used":1676784468712,"created":1676784468712,"remoteIdentityKey":"BUD1xCuN9JfwM0Poxpttfk5OqtiBXzvuE15zOCFeqTAG"},"_chains":{"BYigLGBH9D19yhUaxg7LObBHrl0Q2DbrphQX7CDw0Jsc":{"chainKey":{"counter":0,"key":"sQqoSdnPwlbDmv4ZdqnnbaKY+blzpOI1WkVBN8Ew4FU="},"chainType":1,"messageKeys":{}}},"pendingPreKey":{"signedKeyId":0,"baseKey":"BWZwdNlfWYjFe1IClGJvLDudh4PQt9aj7VK9TWg/N/Bc","preKeyId":7909682}}},"version":"v1"}