{"_sessions":{"BSIO+v2hxxcIE3ImN5aGmOFvsJ408Gr1N3OSqnzI69cD":{"registrationId":1553255953,"currentRatchet":{"ephemeralKeyPair":{"pubKey":"BRuo33lFcnUCgN54zcbIMdSvPdyztpiYfPeRWmrRU1dP","privKey":"CExE3LByEU4sk2NqAzSbNpxiqYFEcJG7fiTgpnYYHVg="},"lastRemoteEphemeralKey":"BZRhdM8mfsBdi0KQcEExWNX+zB5re+Y9Ck3DDke1JR4h","previousCounter":0,"rootKey":"iu9B50z4Vr6ksjJINA3mdYy5gGR+JJQAd6jfqqi/P54="},"indexInfo":{"baseKey":"BSIO+v2hxxcIE3ImN5aGmOFvsJ408Gr1N3OSqnzI69cD","baseKeyType":1,"closed":-1,"used":1676784469694,"created":1676784469694,"remoteIdentityKey":"BZGkgoqBIWJyMAGLv6K2XzZnSFkFv90G1dqBJlsj9Fp7"},"_chains":{"BRuo33lFcnUCgN54zcbIMdSvPdyztpiYfPeRWmrRU1dP":{"chainKey":{"counter":0,"key":"kzHXbr9ottU5AsVD8RQljUwu+WoauchMT3ll5+ZnOgY="},"chainType":1,"messageKeys":{}}},"pendingPreKey":{"signedKeyId":1,"baseKey":"BSIO+v2hxxcIE3ImN5aGmOFvsJ408Gr1N3OSqnzI69cD","preKeyId":96721}}},"version":"v1"}