{"_sessions":{"BUbaPQeJU4uZ1vKTWg55QZPDLAgjmL/QbN2NkyyEtfwO":{"registrationId":671988758,"currentRatchet":{"ephemeralKeyPair":{"pubKey":"BbxexTHYq2kR3E0HB7cXBYv2kYsTjj1GHBKkHmIk28Rf","privKey":"CLoEo5wMc9FnZH1T8n39WCjne8I1u/lsD26wgNl9Wnw="},"lastRemoteEphemeralKey":"BZ0ou+bUNXAaFKPH0nGSOfIw6w1536WFyMPWszPhQOQU","previousCounter":0,"rootKey":"KGjQEdoE/ZqaX9CFGdZN6qRBDhcV3GqLjX4d1aAnUqY="},"indexInfo":{"baseKey":"BUbaPQeJU4uZ1vKTWg55QZPDLAgjmL/QbN2NkyyEtfwO","baseKeyType":1,"closed":-1,"used":1676784470324,"created":1676784470324,"remoteIdentityKey":"BQbN3e5a+lM5bE5OETZnbEh5wug5E7T1rLCtFjrKpGhg"},"_chains":{"BbxexTHYq2kR3E0HB7cXBYv2kYsTjj1GHBKkHmIk28Rf":{"chainKey":{"counter":0,"key":"tID7XoCxe1TkMSMD+5FTFexhCDndSRiOzOtjfyB7S6A="},"chainType":1,"messageKeys":{}}},"pendingPreKey":{"signedKeyId":0,"baseKey":"BUbaPQeJU4uZ1vKTWg55QZPDLAgjmL/QbN2NkyyEtfwO","preKeyId":7792462}}},"version":"v1"}