{"_sessions":{"BRyGBbb2NKSxQsFc7/ghMwuobq8ZNVxegOPfL8Ae23dm":{"registrationId":543854703,"currentRatchet":{"ephemeralKeyPair":{"pubKey":"BelswWNeW2W17KwpYHeZWwcVhYaJfC6v7YoZsQAc7w43","privKey":"4II0G8Exo7iCzbZhjx+wLTYZYWdiRbD75BQy5CvhJFs="},"lastRemoteEphemeralKey":"BRg96GriD39W+Tp2jL3Pp7yeEkdyrlhQg4ugFLX618xJ","previousCounter":0,"rootKey":"pFYZc3DxaStX0ojrfdYBdbS8SQCNbfAnbZyqGD8NmRM="},"indexInfo":{"baseKey":"BRyGBbb2NKSxQsFc7/ghMwuobq8ZNVxegOPfL8Ae23dm","baseKeyType":1,"closed":-1,"used":1676784468941,"created":1676784468941,"remoteIdentityKey":"BZ/c5HSTRZzb+HWiQVkrF0NboC1uVXqSdTHFd+eHXREd"},"_chains":{"BelswWNeW2W17KwpYHeZWwcVhYaJfC6v7YoZsQAc7w43":{"chainKey":{"counter":0,"key":"w1ucU/wufG7E3M2/vIILZz3RbdRzzjhrzK8rJIE0tag="},"chainType":1,"messageKeys":{}}},"pendingPreKey":{"signedKeyId":1,"baseKey":"BRyGBbb2NKSxQsFc7/ghMwuobq8ZNVxegOPfL8Ae23dm","preKeyId":570654}}},"version":"v1"}