{"_sessions":{"BZQ9NCAY6T8K0g7HmwUVPL3fx79ZuPNZm/++MQj1x4tc":{"registrationId":1705635580,"currentRatchet":{"ephemeralKeyPair":{"pubKey":"BbrLoYYFB28EtRbizTD9J41fpoQxU7ZIcGumaUexOvJO","privKey":"MJpob2qHk5FlxFsClArq5uw3Z+EpHJ5pHqzVunqrMkw="},"lastRemoteEphemeralKey":"BUVcf3iAaUxscxzuPoW/EX0ctVquA44cSF826t5w7nB3","previousCounter":0,"rootKey":"PlrzuHEfjaTNVMUJPmxxaDhAwZosMDZ3x+zEHKoeYwU="},"indexInfo":{"baseKey":"BZQ9NCAY6T8K0g7HmwUVPL3fx79ZuPNZm/++MQj1x4tc","baseKeyType":1,"closed":-1,"used":1676784470220,"created":1676784470220,"remoteIdentityKey":"BUbSZWSW/af8nOrIsiDyJWKSnAxx3fGGM1yMapNXuIU+"},"_chains":{"BbrLoYYFB28EtRbizTD9J41fpoQxU7ZIcGumaUexOvJO":{"chainKey":{"counter":0,"key":"riLUVhznviNaqdJxoYtxtknn37GyCu5P9UoEz9KnJA4="},"chainType":1,"messageKeys":{}}},"pendingPreKey":{"signedKeyId":1,"baseKey":"BZQ9NCAY6T8K0g7HmwUVPL3fx79ZuPNZm/++MQj1x4tc"}}},"version":"v1"}