{"_sessions":{"BcGQvmfB7NVt8w3wsHwGetxHFl6Ff/43w4RWHZ6HcvMO":{"registrationId":328514638,"currentRatchet":{"ephemeralKeyPair":{"pubKey":"Bcm/irdwAGT5ZecfY14Lfddl0niuZEfx18HjPiDrttRH","privKey":"EOFkR0fI+1vyr9DnlXwaWCcLqFG+hrh93u71Zs2+v0Q="},"lastRemoteEphemeralKey":"BY8+wo/9ZdAsUlY49wjz4PdkahdnPavouAacPXai6EsU","previousCounter":0,"rootKey":"wZGJ/aCMMK4+U49nyW9p6lfvMaCzi9dYp2JXHN4KPI0="},"indexInfo":{"baseKey":"BcGQvmfB7NVt8w3wsHwGetxHFl6Ff/43w4RWHZ6HcvMO","baseKeyType":1,"closed":-1,"used":1676784468772,"created":1676784468772,"remoteIdentityKey":"BW3SfaEvmAcTakxBY4o3366n5t2UQf215NcCOqNSws5o"},"_chains":{"Bcm/irdwAGT5ZecfY14Lfddl0niuZEfx18HjPiDrttRH":{"chainKey":{"counter":0,"key":"b7RWrkw7wAtDpd6ywRHlvRG1uVmSIZXrT7WH3K0T0Os="},"chainType":1,"messageKeys":{}}},"pendingPreKey":{"signedKeyId":0,"baseKey":"BcGQvmfB7NVt8w3wsHwGetxHFl6Ff/43w4RWHZ6HcvMO","preKeyId":7186874}}},"version":"v1"}