{"_sessions":{"BaYh4KrozkrHh6FDWf5A2ZFgaBPyveA7jDuAzxhRYSsr":{"registrationId":47419992,"currentRatchet":{"ephemeralKeyPair":{"pubKey":"BSDddFgHDy64xVg/ADyV/iu5WZmszPmgb+CEUR9RJN9M","privKey":"QN4Raktiyj394HwznERiryqkXmje+pGsHiwhWohWSU4="},"lastRemoteEphemeralKey":"BdXeusn/XvgkXNErp1iCkbhpRbYPIqS8fajGrwepKGUT","previousCounter":0,"rootKey":"bEUxrtocdtgY6n+Z9E1uQMv4M8e53+SL2PyzBf5Cyb8="},"indexInfo":{"baseKey":"BaYh4KrozkrHh6FDWf5A2ZFgaBPyveA7jDuAzxhRYSsr","baseKeyType":1,"closed":-1,"used":1676784469786,"created":1676784469786,"remoteIdentityKey":"Bb+uUqzrOvau3DGi88GVveugO2fPlWu62ji8NSZ3B/cr"},"_chains":{"BSDddFgHDy64xVg/ADyV/iu5WZmszPmgb+CEUR9RJN9M":{"chainKey":{"counter":0,"key":"dzrHQie57TeWbTlJm3fzyhyAkUuPPh5aIJHZEd+jPMs="},"chainType":1,"messageKeys":{}}},"pendingPreKey":{"signedKeyId":0,"baseKey":"BaYh4KrozkrHh6FDWf5A2ZFgaBPyveA7jDuAzxhRYSsr","preKeyId":15425540}}},"version":"v1"}