{"_sessions":{"BQFpqHfPviYejXsuk/fM6/nhGK2IKrPEBS0jHgzcEk8E":{"registrationId":63,"currentRatchet":{"ephemeralKeyPair":{"pubKey":"BSjxUQ9WunFnRAqcmrKoAdJ5Ovy5+P9goUgrxfqzMeJw","privKey":"qFGDczW8qv7Lxh6/pw2ID2YIE32i6jFSO6Cqc9UFxU8="},"lastRemoteEphemeralKey":"BZCEGSyVO5oDpIBABrFq7bpx9B1ltgMQ3Pv9Xs+xAv03","previousCounter":0,"rootKey":"KkoG5v8EeiVp8vo4KSCkWTc0uQMxgNC08v17Q6SGVFo="},"indexInfo":{"baseKey":"BQFpqHfPviYejXsuk/fM6/nhGK2IKrPEBS0jHgzcEk8E","baseKeyType":1,"closed":-1,"used":1676784468390,"created":1676784468390,"remoteIdentityKey":"BTYucdq9rkbRfIS+Pbg33IhMZMnqyNvQ08uIuIxYobge"},"_chains":{"BSjxUQ9WunFnRAqcmrKoAdJ5Ovy5+P9goUgrxfqzMeJw":{"chainKey":{"counter":0,"key":"XojiNabh31Oz27LXE/Phxah6aP8wnkh0tvf8W0FBvLs="},"chainType":1,"messageKeys":{}}},"pendingPreKey":{"signedKeyId":1,"baseKey":"BQFpqHfPviYejXsuk/fM6/nhGK2IKrPEBS0jHgzcEk8E"}}},"version":"v1"}