{"_sessions":{"BbRTNdo0KybqpXzdsaoxNVdMHMe0lFUQ3WK0P81sAP8O":{"registrationId":538014822,"currentRatchet":{"ephemeralKeyPair":{"pubKey":"BW0JyYVztY9R1VvZTTQL2SUevvFhjnktl+lTyrR0VPpR","privKey":"+EDJf40EA7laXkfNrBt/7icQ5eodsI8pg5qiHCz0XXk="},"lastRemoteEphemeralKey":"Bde0HAqsshdyLnmF6dxBb7R9MycbLADx+n+QvbtkhpQ6","previousCounter":0,"rootKey":"pPJSd+yHpmrpMDXXDNub/uGRMHFLKi0dN5nwsGy9qcw="},"indexInfo":{"baseKey":"BbRTNdo0KybqpXzdsaoxNVdMHMe0lFUQ3WK0P81sAP8O","baseKeyType":1,"closed":-1,"used":1676784470538,"created":1676784470538,"remoteIdentityKey":"BWlofrFTIlxWPrJ2JQy9jUEL77SRlRCnr5s2eyCxMjIV"},"_chains":{"BW0JyYVztY9R1VvZTTQL2SUevvFhjnktl+lTyrR0VPpR":{"chainKey":{"counter":0,"key":"r/BtN+qLjJm520yrsplV2JYXv5512SKcNvTzbVvohQI="},"chainType":1,"messageKeys":{}}},"pendingPreKey":{"signedKeyId":1,"baseKey":"BbRTNdo0KybqpXzdsaoxNVdMHMe0lFUQ3WK0P81sAP8O","preKeyId":594510}}},"version":"v1"}