{"_sessions":{"Be72BEy2y6shCBvJ4VErqGdQipry4d3ZFLDnx8p3eBI+":{"registrationId":954911348,"currentRatchet":{"ephemeralKeyPair":{"pubKey":"BTg8lsBIJuMkxlM2F0dFPaUtZwilTZKnNUemOypONalM","privKey":"iPT0HH11xEkftohVg8RSQ5ycB3U9GBsHHTKwsDY69Go="},"lastRemoteEphemeralKey":"BRcHRlF+8hXjuTPbMBEK3wBu3lbIVVx1FVgWUJxJTZoX","previousCounter":0,"rootKey":"DocWnGap/CGQp/eslfGTfk5MgnIhm4NC56tGW0qBbqY="},"indexInfo":{"baseKey":"Be72BEy2y6shCBvJ4VErqGdQipry4d3ZFLDnx8p3eBI+","baseKeyType":1,"closed":-1,"used":1676784470473,"created":1676784470473,"remoteIdentityKey":"Bb+7MtiWux45qRIu9i/XbJlwgkVI4iP/O3IceyIOrOl8"},"_chains":{"BTg8lsBIJuMkxlM2F0dFPaUtZwilTZKnNUemOypONalM":{"chainKey":{"counter":0,"key":"zALhyvGAgauQVZkfs3QaQ86uOz0QRueFATva1bveH08="},"chainType":1,"messageKeys":{}}},"pendingPreKey":{"signedKeyId":0,"baseKey":"Be72BEy2y6shCBvJ4VErqGdQipry4d3ZFLDnx8p3eBI+","preKeyId":1533270}}},"version":"v1"}