{"_sessions":{"BcqN1yjVlQHpu89GHTxtYfdpOJzX5eimmt9kuoXp5tcr":{"registrationId":69,"currentRatchet":{"ephemeralKeyPair":{"pubKey":"Bf2vdXy6q+efcsYgYJmEX1hA3cYVIxyU8+a4jhLFc3Y4","privKey":"sH2t8+q44A75wmC1KPxowH+CIr/bJ5p87zxdY0A7xlM="},"lastRemoteEphemeralKey":"Bd59U0dx4Tihdz8njEZw3hU9giQhy+j92737Pbqbum8r","previousCounter":0,"rootKey":"oiSFJre17f8Bn/QcAQMmhwR9pzkjKPrARbJPgYXTR9Y="},"indexInfo":{"baseKey":"BcqN1yjVlQHpu89GHTxtYfdpOJzX5eimmt9kuoXp5tcr","baseKeyType":1,"closed":-1,"used":1676784468242,"created":1676784468242,"remoteIdentityKey":"BTc8ryL/YvsMylguKmQX4kXYoPa1nLqBKbKHzv3uRAtY"},"_chains":{"Bf2vdXy6q+efcsYgYJmEX1hA3cYVIxyU8+a4jhLFc3Y4":{"chainKey":{"counter":0,"key":"Stp6pKv8wE1Cn+rVp41y2WsdAsp9LwdOVaTBSdUnz7Q="},"chainType":1,"messageKeys":{}}},"pendingPreKey":{"signedKeyId":1,"baseKey":"BcqN1yjVlQHpu89GHTxtYfdpOJzX5eimmt9kuoXp5tcr"}}},"version":"v1"}