{"_sessions":{"BQY0oMZe43iK2pAjkSUARrC3yMtJyeTcm+5nO/HngSlZ":{"registrationId":588469824,"currentRatchet":{"ephemeralKeyPair":{"pubKey":"BSJ+198ZNS7tdJy5feVPtstqoj5Bc0ZsWwgGAaW7PGFZ","privKey":"qJhNOD1DWaFnI8cmZdy9cnTZIgFX4+bl+kPUKFOU8EY="},"lastRemoteEphemeralKey":"BSF7Bzyc58vyHRHSDwyiqfT0ABzrByiwTieR+OYnBjAp","previousCounter":0,"rootKey":"UaAeuArAbxGWsBQNoqOMh5DvfelW3fNsS4MwQrmX/PM="},"indexInfo":{"baseKey":"BQY0oMZe43iK2pAjkSUARrC3yMtJyeTcm+5nO/HngSlZ","baseKeyType":1,"closed":-1,"used":1676784468806,"created":1676784468806,"remoteIdentityKey":"BbAvmPX6cbAsrF6T/LvYiggroAM44+swsh0jCsA6Ti9S"},"_chains":{"BSJ+198ZNS7tdJy5feVPtstqoj5Bc0ZsWwgGAaW7PGFZ":{"chainKey":{"counter":0,"key":"HOK6/gsnf57sSVNc8nUT3kWsyjaNkipMNdnM4P8ZIgI="},"chainType":1,"messageKeys":{}}},"pendingPreKey":{"signedKeyId":1,"baseKey":"BQY0oMZe43iK2pAjkSUARrC3yMtJyeTcm+5nO/HngSlZ"}}},"version":"v1"}