{"_sessions":{"BewDwnj54rgTENS9LLyhtnDgxdC5/aIkfyW9ygmZjAl7":{"registrationId":113271824,"currentRatchet":{"ephemeralKeyPair":{"pubKey":"Bcy0kZjzDGzWYcej6KHux69auSmGJCKYxkAhCMXvKPYs","privKey":"4FrZ+tocajOEamfFKwgD5JLJEYq+GPZr7x1OFXUjYls="},"lastRemoteEphemeralKey":"BaT+zj0Nv6ZaMab989Z3QFYGoL4hdHIZ1YH27nwLNfZh","previousCounter":0,"rootKey":"3IAgzXg+k0Zek5PbyHxbgVbDzg8xr5u4h0b/FqsJkf8="},"indexInfo":{"baseKey":"BewDwnj54rgTENS9LLyhtnDgxdC5/aIkfyW9ygmZjAl7","baseKeyType":1,"closed":-1,"used":1676784468853,"created":1676784468853,"remoteIdentityKey":"Bd+0bIK+aeKrV48+3ZuiZxv85ftNor76hH4m2/zj/+RG"},"_chains":{"Bcy0kZjzDGzWYcej6KHux69auSmGJCKYxkAhCMXvKPYs":{"chainKey":{"counter":0,"key":"vgSjwjSHqUhaGtNn1EJorGH+t1VAB36y6fOxzVTZtIM="},"chainType":1,"messageKeys":{}}},"pendingPreKey":{"signedKeyId":0,"baseKey":"BewDwnj54rgTENS9LLyhtnDgxdC5/aIkfyW9ygmZjAl7","preKeyId":13393339}}},"version":"v1"}