{"_sessions":{"BZ6FtwgCuGNahSMHMF/sEjGkIV1xwd0L6/c4cZgLnr0s":{"registrationId":263953386,"currentRatchet":{"ephemeralKeyPair":{"pubKey":"BTMgEteLlJ3+iNn4TqHG6jBWP+msbYvnvQSmNoTQmEdM","privKey":"cCcTDX/SlJMa/5dBE++8R9Vy35j2SdOJAZqBY862l2A="},"lastRemoteEphemeralKey":"Ba0v+rrD2EOteZF9LspWXHy8jLcdFxE6w90wiGtD048C","previousCounter":0,"rootKey":"xLw130ZrUY1QiO5NdQi+DWpnaNrqfj4SMVhq+sfX2Ow="},"indexInfo":{"baseKey":"BZ6FtwgCuGNahSMHMF/sEjGkIV1xwd0L6/c4cZgLnr0s","baseKeyType":1,"closed":-1,"used":1676784469218,"created":1676784469218,"remoteIdentityKey":"BRjWdm6hQduY9j+WoxD5DiZvooGaUnx78TZNv2PUP6g8"},"_chains":{"BTMgEteLlJ3+iNn4TqHG6jBWP+msbYvnvQSmNoTQmEdM":{"chainKey":{"counter":0,"key":"MheXVSOLytsfY+HQQxdgHQqbcZdQnoxdUp8HeQV5cXY="},"chainType":1,"messageKeys":{}}},"pendingPreKey":{"signedKeyId":0,"baseKey":"BZ6FtwgCuGNahSMHMF/sEjGkIV1xwd0L6/c4cZgLnr0s","preKeyId":11758024}}},"version":"v1"}