{"_sessions":{"BfrFW6iVRayfm+3vhc+Jl2rKWBxrJrHvBvslA/FLnFVK":{"registrationId":995176232,"currentRatchet":{"ephemeralKeyPair":{"pubKey":"BaaByT8p9EYYy0gLqOdNkLSzYwfCAjYla6/+4il+3RJd","privKey":"SH3/UcPkHcMfHmep0Iy4tzuD57etEYXz2O72fM3mIV0="},"lastRemoteEphemeralKey":"BZqAPxNwLd9qf+Uf1DrrtxX9x5duAw0gvVHKCqwBKfk/","previousCounter":0,"rootKey":"dt5ZxNip/FvAzMA/MAN/j0OQoH/U2tOQJi//JmUb094="},"indexInfo":{"baseKey":"BfrFW6iVRayfm+3vhc+Jl2rKWBxrJrHvBvslA/FLnFVK","baseKeyType":1,"closed":-1,"used":1676784469683,"created":1676784469683,"remoteIdentityKey":"BZIql+RDDXgOLxvTDviTgR+bJetOOYVSBN43/ausAx1a"},"_chains":{"BaaByT8p9EYYy0gLqOdNkLSzYwfCAjYla6/+4il+3RJd":{"chainKey":{"counter":0,"key":"9xftn1pOZmOhjFOTqPb9Rs6qIAqOGLsH0LLwWe4kmdA="},"chainType":1,"messageKeys":{}}},"pendingPreKey":{"signedKeyId":0,"baseKey":"BfrFW6iVRayfm+3vhc+Jl2rKWBxrJrHvBvslA/FLnFVK","preKeyId":15677460}}},"version":"v1"}