{"_sessions":{"Bc83t/22i654X9jiJUwxhy+U4NqIJyGrxnEENwUIOWM4":{"registrationId":1406325927,"currentRatchet":{"ephemeralKeyPair":{"pubKey":"BbB4AK0Hzo02zMBmqYC7Z3DbU+31vLrJocyLsyIcgbpH","privKey":"UHYprV5rJbwQjrcgDrEAohQWxdx0eSk1TqOUMw2S3mw="},"lastRemoteEphemeralKey":"BY4jpvXgkpkglaF4M3jB4PQpbu+e2HktAnSRrERRJsdz","previousCounter":0,"rootKey":"mmHB5fxfZPXIYre8sn2KnLMV/Q1vNlUD1w8bfZwczm8="},"indexInfo":{"baseKey":"Bc83t/22i654X9jiJUwxhy+U4NqIJyGrxnEENwUIOWM4","baseKeyType":1,"closed":-1,"used":1676784470522,"created":1676784470522,"remoteIdentityKey":"BURn4/mRL5fhdWNCmwR/wnwGN6v++W78N37tovu1JVAe"},"_chains":{"BbB4AK0Hzo02zMBmqYC7Z3DbU+31vLrJocyLsyIcgbpH":{"chainKey":{"counter":0,"key":"Msz7tYCysXARcYQQmBiVnpmlrZZBFGKBkk6pmgRqsb8="},"chainType":1,"messageKeys":{}}},"pendingPreKey":{"signedKeyId":0,"baseKey":"Bc83t/22i654X9jiJUwxhy+U4NqIJyGrxnEENwUIOWM4","preKeyId":11513906}}},"version":"v1"}