{"_sessions":{"BYXs1HdFLW6Xb35NBI18ZTkmkGtc/mmLyH+Ib9gk8S1Z":{"registrationId":569876255,"currentRatchet":{"ephemeralKeyPair":{"pubKey":"BQzDC0IveX81Edc90Z5qO3xx9RMeNJO4dCEJHW2xn0h9","privKey":"8AKRebL+FhIbpTAKHzTe7p9AYznZKJXEo/mQp7lA0mE="},"lastRemoteEphemeralKey":"Bd1Tq6YW7h1F3mZLNKz7rpaVZBJiWDQZ/xuIx/9Y/Q0c","previousCounter":0,"rootKey":"ka7JY4m+KHRtWvfEB852I9xzptYSuKpv6mRIDPs/Jr8="},"indexInfo":{"baseKey":"BYXs1HdFLW6Xb35NBI18ZTkmkGtc/mmLyH+Ib9gk8S1Z","baseKeyType":1,"closed":-1,"used":1676784469816,"created":1676784469816,"remoteIdentityKey":"Bc4ATAHXARPqyDvEBShsA+QXRNFLpZmRerX9tJ1vUAc5"},"_chains":{"BQzDC0IveX81Edc90Z5qO3xx9RMeNJO4dCEJHW2xn0h9":{"chainKey":{"counter":0,"key":"iGEA6EcnzI1WBf0qFYvwWUtHd5bLemZBls2L2kaJDQo="},"chainType":1,"messageKeys":{}}},"pendingPreKey":{"signedKeyId":0,"baseKey":"BYXs1HdFLW6Xb35NBI18ZTkmkGtc/mmLyH+Ib9gk8S1Z","preKeyId":6823350}}},"version":"v1"}