{"_sessions":{"BafQCZxusKeL4q6/rR1gEku9O94iu5CRttWjvR0RZTgK":{"registrationId":2122782988,"currentRatchet":{"ephemeralKeyPair":{"pubKey":"BUmsjqbVBbVVKfr8kDFslNk8yZsHHzzm7n9i8OZ9VjNx","privKey":"ACJiYyA6lvWh9vB6LwVOczGeMAXQNwccTkeV52+zkUo="},"lastRemoteEphemeralKey":"BQZkpeG9EsrvU+5F7Kn9YF0ljGB4qVBv8+Nyur1v1tlv","previousCounter":0,"rootKey":"Rt9p1R+0taVwhjcv9JapYA4bqoho9h8QzfEZyNmCj1s="},"indexInfo":{"baseKey":"BafQCZxusKeL4q6/rR1gEku9O94iu5CRttWjvR0RZTgK","baseKeyType":1,"closed":-1,"used":1676784468626,"created":1676784468626,"remoteIdentityKey":"BeLInYMoZCiS938UZGKn2xpTSqVNJE0qt549lZRxteh2"},"_chains":{"BUmsjqbVBbVVKfr8kDFslNk8yZsHHzzm7n9i8OZ9VjNx":{"chainKey":{"counter":0,"key":"cdnt9WBtxmvKWsFamLb7oQK0YQd/mhRzAZm76m0pvI4="},"chainType":1,"messageKeys":{}}},"pendingPreKey":{"signedKeyId":0,"baseKey":"BafQCZxusKeL4q6/rR1gEku9O94iu5CRttWjvR0RZTgK","preKeyId":1620347}}},"version":"v1"}