{"_sessions":{"BYP5417NhbkOn2wq7hkuHI/JRlQwXQvE3jfy1VPlGPcc":{"registrationId":1371782600,"currentRatchet":{"ephemeralKeyPair":{"pubKey":"BYXOCBoVsHIpCuaV+dmazVtDrEeX0O8tEh3hLb0Rc0sU","privKey":"OCKuRrTd2CqZ1He3LIh7IGJLIUKeX3v55zk+KEaXEEw="},"lastRemoteEphemeralKey":"Bf8JI1kssJ7nlUtDuhUZlXuTAPcls1UfwgaLi+HTFOAB","previousCounter":0,"rootKey":"oi0BRcL+GcIChXWNWjXXrh5KkrL0ya0JzhMhSigVHf0="},"indexInfo":{"baseKey":"BYP5417NhbkOn2wq7hkuHI/JRlQwXQvE3jfy1VPlGPcc","baseKeyType":1,"closed":-1,"used":1676784470467,"created":1676784470467,"remoteIdentityKey":"BdukqHNPODjNjXgvUjw9jzHTxUqibEs5oO/rVzkJcFdG"},"_chains":{"BYXOCBoVsHIpCuaV+dmazVtDrEeX0O8tEh3hLb0Rc0sU":{"chainKey":{"counter":0,"key":"l3pVnzPzEZPxyyGHMiDOfBehoHUvT9p342QYz1EzzR8="},"chainType":1,"messageKeys":{}}},"pendingPreKey":{"signedKeyId":23,"baseKey":"BYP5417NhbkOn2wq7hkuHI/JRlQwXQvE3jfy1VPlGPcc","preKeyId":11297612}}},"version":"v1"}