{"_sessions":{"BYggFZ9V6p2818eMPKjHiwfAnnGRXbUf7EdIt5KJ42NJ":{"registrationId":2089146710,"currentRatchet":{"ephemeralKeyPair":{"pubKey":"Bd7etyzRjcnDwzgNrn4caWczKBb9UJQlxoz+F/7inDMf","privKey":"uD9So2lYaU4NKvSPYcwWHMWUbBnNvgUfYwI+nQKIy3g="},"lastRemoteEphemeralKey":"BaA4p5KFBy2DsnZiWdjlWsmiNb7gc7sTb/l0HJhTf2Rk","previousCounter":0,"rootKey":"TOib2UaIgUxFUX91MuBxUsTH5yC47siT9fzg0P577lk="},"indexInfo":{"baseKey":"BYggFZ9V6p2818eMPKjHiwfAnnGRXbUf7EdIt5KJ42NJ","baseKeyType":1,"closed":-1,"used":1676784469212,"created":1676784469212,"remoteIdentityKey":"BSZBD6GgzS4gQ0TYmGC/jE9svdCK8Lt7xfCDx/8ZC50a"},"_chains":{"Bd7etyzRjcnDwzgNrn4caWczKBb9UJQlxoz+F/7inDMf":{"chainKey":{"counter":0,"key":"Tdxoa0fPQjwZvQLmROCWiVm1smyDwUhA37vC7ljjFvk="},"chainType":1,"messageKeys":{}}},"pendingPreKey":{"signedKeyId":1,"baseKey":"BYggFZ9V6p2818eMPKjHiwfAnnGRXbUf7EdIt5KJ42NJ"}}},"version":"v1"}