{"_sessions":{"BbduLd1XP9wsdZRF48/46HCBbJ9QoTU4zouL/ys8bfFf":{"registrationId":1190709232,"currentRatchet":{"ephemeralKeyPair":{"pubKey":"BWjZZ6X6uS3QqiEVW5zfWhrNm/pTlMSwN4MGm4PbTN8B","privKey":"IK31qANXuxIuQsDCjQ4OLv6hhjWvfbcLQxYi5G9+XW0="},"lastRemoteEphemeralKey":"BZ46RC0R07PvAElb1+OVLbOGpRUPOl51KoV0r0R8AONR","previousCounter":0,"rootKey":"V7u+vqrOdUh3Luh0bC4VPwuEGrwYjgPMVYR90ELPSHE="},"indexInfo":{"baseKey":"BbduLd1XP9wsdZRF48/46HCBbJ9QoTU4zouL/ys8bfFf","baseKeyType":1,"closed":-1,"used":1676784468528,"created":1676784468528,"remoteIdentityKey":"BYcxkVk/NID2RQKdpgXFqL2vSykxfYuCi+oOGSs8MmoR"},"_chains":{"BWjZZ6X6uS3QqiEVW5zfWhrNm/pTlMSwN4MGm4PbTN8B":{"chainKey":{"counter":0,"key":"PmZoGqqppOhBG1oCCp7by7MKM9a+wYyow9q3/9Rbq54="},"chainType":1,"messageKeys":{}}},"pendingPreKey":{"signedKeyId":1,"baseKey":"BbduLd1XP9wsdZRF48/46HCBbJ9QoTU4zouL/ys8bfFf","preKeyId":13510151}}},"version":"v1"}