{"_sessions":{"BSYg6o19bxcsnNnHWeJ/k8lVM9uiAxzO7fn/J2lWycFm":{"registrationId":1938420070,"currentRatchet":{"ephemeralKeyPair":{"pubKey":"BaoyrXr9mnPn5VYKu3xvNjvHtaLi/y3VyDmH01MH/MwI","privKey":"yAQWDpN/K2ZQ7o7YCf29TieRqWOJy+cf0iVfFh+r0VI="},"lastRemoteEphemeralKey":"BWDADBI5vhsIkoNhIA1N5KWEy3q7GYD7+hxWmK3/y6s3","previousCounter":0,"rootKey":"NEIJYX8f/cEtFj3y+Ha6JeVw0iBCia31VFpsQGV7Jkc="},"indexInfo":{"baseKey":"BSYg6o19bxcsnNnHWeJ/k8lVM9uiAxzO7fn/J2lWycFm","baseKeyType":1,"closed":-1,"used":1676784468542,"created":1676784468542,"remoteIdentityKey":"BQK090Lg7tk9panNsCn4T9f7NZs9eOCw5pAq6a9PGrhu"},"_chains":{"BaoyrXr9mnPn5VYKu3xvNjvHtaLi/y3VyDmH01MH/MwI":{"chainKey":{"counter":0,"key":"5dc2ZKuIiA+Wgl2x1PJtepSQ6nTN2DIdEVMTF69nzdY="},"chainType":1,"messageKeys":{}}},"pendingPreKey":{"signedKeyId":0,"baseKey":"BSYg6o19bxcsnNnHWeJ/k8lVM9uiAxzO7fn/J2lWycFm","preKeyId":7336103}}},"version":"v1"}