{"_sessions":{"BY8Uk0nVMg4c7hdiNQlZ1Q0VJoTxvIqSuPGTV/fwDHhv":{"registrationId":195,"currentRatchet":{"ephemeralKeyPair":{"pubKey":"BdJUY2LzbnjCaPiUImp8fDzG+GtziswnI3yzQFrYFLxn","privKey":"iLDBPFPp/YKZhRyiG7deK2a/hEgStYm82LZFNOZPeV4="},"lastRemoteEphemeralKey":"BbY93/A7MmTYneqh5mauDFXZSWJCTiT6jSbFt0YLwyg3","previousCounter":0,"rootKey":"NoFp1melYlybCjqiHYeqQW2FkGNZc+aBW5PqJclL2fQ="},"indexInfo":{"baseKey":"BY8Uk0nVMg4c7hdiNQlZ1Q0VJoTxvIqSuPGTV/fwDHhv","baseKeyType":1,"closed":-1,"used":1676784468180,"created":1676784468180,"remoteIdentityKey":"BdBTVD8VSbn996bxPVtz77NfddkUUSiGDqZ31xiFWGAZ"},"_chains":{"BdJUY2LzbnjCaPiUImp8fDzG+GtziswnI3yzQFrYFLxn":{"chainKey":{"counter":0,"key":"ei7gTOssNDAVZtwgSL0c8YHrGaEc+TKZBnxGhq3FAhQ="},"chainType":1,"messageKeys":{}}},"pendingPreKey":{"signedKeyId":1,"baseKey":"BY8Uk0nVMg4c7hdiNQlZ1Q0VJoTxvIqSuPGTV/fwDHhv"}}},"version":"v1"}