{"_sessions":{"BUuOS83CsBB083h5iJYhPPWQyAqFkIozVh10HDv9JqFy":{"registrationId":900148781,"currentRatchet":{"ephemeralKeyPair":{"pubKey":"BWVi5If9o4ejdF8xYXQVruStJVOGWVgoWQuZ+BbCsMhB","privKey":"UL9kp0g+WJKYkK+ekbhH+3Fe1lgZWt7l0k5JDrZwpXc="},"lastRemoteEphemeralKey":"BWlk7XMO/BWgjKdGIdCXoLbl3SR1k3ZxOGd95y1I6b5y","previousCounter":0,"rootKey":"IEpyCyl7qLJEl0kOszrajQzzciVky6iPmDTTVI7ZkgE="},"indexInfo":{"baseKey":"BUuOS83CsBB083h5iJYhPPWQyAqFkIozVh10HDv9JqFy","baseKeyType":1,"closed":-1,"used":1676784470283,"created":1676784470283,"remoteIdentityKey":"BV4IJZr3NbxILSP7ZqdX/X/ZmR1TNBQCHQIERjmema0+"},"_chains":{"BWVi5If9o4ejdF8xYXQVruStJVOGWVgoWQuZ+BbCsMhB":{"chainKey":{"counter":0,"key":"gip+3LIQwtzZnSGlfCvXSMDkiF/8EBp9uG/Ce9poQNs="},"chainType":1,"messageKeys":{}}},"pendingPreKey":{"signedKeyId":5,"baseKey":"BUuOS83CsBB083h5iJYhPPWQyAqFkIozVh10HDv9JqFy","preKeyId":12309183}}},"version":"v1"}