{"_sessions":{"BUtIS19v++7w9nMXhxF6uyjPoFpPJfA9psSnoMDxlhxT":{"registrationId":171677830,"currentRatchet":{"ephemeralKeyPair":{"pubKey":"BSGaYnjcXvuB4T65QWEK42HySthsN4lS1lEuizo8gtJm","privKey":"EDJRgHxbnEt7YewxuRy1r1hFUtAlzzBUf2wJP7azYlw="},"lastRemoteEphemeralKey":"BZITSakFa6FPT7pFqjcsoLk5zpH5DbciX9llrIxEiR9u","previousCounter":0,"rootKey":"iV3TkOuPOmjWiKiSRTlmkO8NRcK5Nbu4pG+pgrcVlXA="},"indexInfo":{"baseKey":"BUtIS19v++7w9nMXhxF6uyjPoFpPJfA9psSnoMDxlhxT","baseKeyType":1,"closed":-1,"used":1676784469422,"created":1676784469422,"remoteIdentityKey":"BaB23Agyn430sl1XHSznIolOr4e40oRjAcckm3WntORK"},"_chains":{"BSGaYnjcXvuB4T65QWEK42HySthsN4lS1lEuizo8gtJm":{"chainKey":{"counter":0,"key":"AB4CFzx82LRYFWLqXseqxnaTOCUuMvCBHFaSn2QMy78="},"chainType":1,"messageKeys":{}}},"pendingPreKey":{"signedKeyId":1,"baseKey":"BUtIS19v++7w9nMXhxF6uyjPoFpPJfA9psSnoMDxlhxT","preKeyId":14763930}}},"version":"v1"}