{"_sessions":{"BToXAwfQKXe8wD3T7f6Gco8PLedCuitIw1XgServrdUg":{"registrationId":1224016392,"currentRatchet":{"ephemeralKeyPair":{"pubKey":"BScn6zXhUWi+Dnab37fwgrW0fpQnI1FEfDJjJq2rHntP","privKey":"mGHKQu2Elj/+Qh5rtN4ADvA9jg65b6FIXPmlgXGMUlY="},"lastRemoteEphemeralKey":"BZkIy8gqV/AHtS3WALeL2qqGVSN7a1DR4opgRJY3lTs8","previousCounter":0,"rootKey":"cOlIgf7txDVoFObVjWiwOTIMXkLFN9cZw9KbgLpSkXc="},"indexInfo":{"baseKey":"BToXAwfQKXe8wD3T7f6Gco8PLedCuitIw1XgServrdUg","baseKeyType":1,"closed":-1,"used":1676784469742,"created":1676784469742,"remoteIdentityKey":"BdnlVajl0lyNMw0/UC5ouiSjHobpwtsodeqnXIGx/KN9"},"_chains":{"BScn6zXhUWi+Dnab37fwgrW0fpQnI1FEfDJjJq2rHntP":{"chainKey":{"counter":0,"key":"eO/2XtOtKK/9624QtdZ5J6lNg2dtdBb00ZJQcviI1bg="},"chainType":1,"messageKeys":{}}},"pendingPreKey":{"signedKeyId":0,"baseKey":"BToXAwfQKXe8wD3T7f6Gco8PLedCuitIw1XgServrdUg","preKeyId":11427822}}},"version":"v1"}