{"_sessions":{"BXSvPsnmvooPR6lBhkp0lJPD2lT6m2kGPZHXQOLY/Zse":{"registrationId":1559576890,"currentRatchet":{"ephemeralKeyPair":{"pubKey":"BWPKBG44Z3C/4Ic3VbLNeBYPLwaGtIcBwojjOREv1tBt","privKey":"iOL/m1w3nHwd2Vxn7gmyUEpJPJQXsxJ9r53jNeiZclA="},"lastRemoteEphemeralKey":"BagVUje823GErIQweOW+ic5e+UXxd80VkiAUIAqI3G1q","previousCounter":0,"rootKey":"S/fBL6xFztnhpl2jgyJJx4k1uBQR28IZm1NwzFhXWcU="},"indexInfo":{"baseKey":"BXSvPsnmvooPR6lBhkp0lJPD2lT6m2kGPZHXQOLY/Zse","baseKeyType":1,"closed":-1,"used":1676784469913,"created":1676784469912,"remoteIdentityKey":"BRneYgFStnnZNzV38Rgbx40GFAquewlMRd4ldj8gJDwr"},"_chains":{"BWPKBG44Z3C/4Ic3VbLNeBYPLwaGtIcBwojjOREv1tBt":{"chainKey":{"counter":0,"key":"5O1w07oe1dpBZmpuJ3Lcbn1e7i7w1EFlj8qMf+GNPhE="},"chainType":1,"messageKeys":{}}},"pendingPreKey":{"signedKeyId":0,"baseKey":"BXSvPsnmvooPR6lBhkp0lJPD2lT6m2kGPZHXQOLY/Zse","preKeyId":14875167}}},"version":"v1"}