{"_sessions":{"Bf6k4LBeh8hG5+MxvkKIG/sIN2gevHLPRl9HCeLpdWML":{"registrationId":724747996,"currentRatchet":{"ephemeralKeyPair":{"pubKey":"Ba2nDtbZecq/fj7piDyjh88MwtBsH5rGkmGY57IgEa0d","privKey":"UOgfBbzG+TsNX30ps9pyPk1jy+GWsxdrV74k2TFvFkg="},"lastRemoteEphemeralKey":"BSVKKbf+pVVJwcyKnVwPTBpjKhviglbBj3Qs/AQ417B5","previousCounter":0,"rootKey":"p+1s4diV4fXQ96VZ/9HmNohST8MJXl54ano9JQDgaso="},"indexInfo":{"baseKey":"Bf6k4LBeh8hG5+MxvkKIG/sIN2gevHLPRl9HCeLpdWML","baseKeyType":1,"closed":-1,"used":1676784470182,"created":1676784470182,"remoteIdentityKey":"Bek7o2dR9Ho7uIROYWP1hTOYx95+ht68HNX57Gwdd6wP"},"_chains":{"Ba2nDtbZecq/fj7piDyjh88MwtBsH5rGkmGY57IgEa0d":{"chainKey":{"counter":0,"key":"tuoLZlzB7L0aiA7sahtpghm8ilv1HwvkEMaGAQVEEug="},"chainType":1,"messageKeys":{}}},"pendingPreKey":{"signedKeyId":1,"baseKey":"Bf6k4LBeh8hG5+MxvkKIG/sIN2gevHLPRl9HCeLpdWML","preKeyId":3457823}}},"version":"v1"}