{"_sessions":{"BdURcAJfgMlmoJl/5PwgKOs8+EeThlDv7UkbNC1UU7gC":{"registrationId":14639,"currentRatchet":{"ephemeralKeyPair":{"pubKey":"BbRDJxV/MWgeAU2yhWgu4Oe0l1XjKK+SB2BEqAkOMRNQ","privKey":"qKNRPp/nnojwdoZOUyIADOKNiYPpfGyM3dredS8yOlM="},"lastRemoteEphemeralKey":"Be8PHsIdPkiWDHQ6+NKGnkXt63TLkDbbFFDzoJUBx3tk","previousCounter":0,"rootKey":"3sbhEwz8nGa+TBwi60M+SJdksyZgZt7SqiqRcBqIalo="},"indexInfo":{"baseKey":"BdURcAJfgMlmoJl/5PwgKOs8+EeThlDv7UkbNC1UU7gC","baseKeyType":1,"closed":-1,"used":1676784468018,"created":1676784468018,"remoteIdentityKey":"BW8FImERUMOien75ztHSIPzhn1DODLV+Y/GpUaa6UYRy"},"_chains":{"BbRDJxV/MWgeAU2yhWgu4Oe0l1XjKK+SB2BEqAkOMRNQ":{"chainKey":{"counter":0,"key":"oiroBHvWsUKbYjwGc0wyg9RTdPQ1zbs4RecJiLb+gx0="},"chainType":1,"messageKeys":{}}},"pendingPreKey":{"signedKeyId":1,"baseKey":"BdURcAJfgMlmoJl/5PwgKOs8+EeThlDv7UkbNC1UU7gC"}}},"version":"v1"}