{"_sessions":{"BQqfipsst3tYwsAIDQgXyrpjCTVc/3CNT2oDC+OxyHkC":{"registrationId":1302674309,"currentRatchet":{"ephemeralKeyPair":{"pubKey":"Bd0atIwJdeqA07jS/ZNILa9pXpxR+lplHwDzHSP4zD5Q","privKey":"6PH2IJxty5uXNRkMEDIdLpDrBkZ8bL3i2IWrV/JIqnE="},"lastRemoteEphemeralKey":"BRBz0dEE56YNqpIaCXJIlQr9RY1TIBUTlENDNNot6wQP","previousCounter":0,"rootKey":"lvFl10jK+1Lj8HpPKdzFn8LDa4RjMdOmrXnDtW4p3/Q="},"indexInfo":{"baseKey":"BQqfipsst3tYwsAIDQgXyrpjCTVc/3CNT2oDC+OxyHkC","baseKeyType":1,"closed":-1,"used":1676784469975,"created":1676784469975,"remoteIdentityKey":"BbqyAJSYASg3XV/RsllOk07cGYw8xT5K1yeG37aSTURV"},"_chains":{"Bd0atIwJdeqA07jS/ZNILa9pXpxR+lplHwDzHSP4zD5Q":{"chainKey":{"counter":0,"key":"nE6eL5lVJZiSCJGM80XP7ct+IxyHGEBJNEEBsdx3KdY="},"chainType":1,"messageKeys":{}}},"pendingPreKey":{"signedKeyId":0,"baseKey":"BQqfipsst3tYwsAIDQgXyrpjCTVc/3CNT2oDC+OxyHkC","preKeyId":14496444}}},"version":"v1"}