{"_sessions":{"BXcXs5dtI3ba43f6QFhlbbxzSJe+9WQcHOXcqErBipM4":{"registrationId":407004859,"currentRatchet":{"ephemeralKeyPair":{"pubKey":"BbYjVW5HngW63Ee+sYD3fI+DeY5kUZPThKzRqaGvtbQ+","privKey":"ENOyvx1pvSbsDqc3sSK0oQfkwACUKqXVX/OwNjk4eWY="},"lastRemoteEphemeralKey":"BX/WJZm7UQkviW367Bhi34f15N9CSUCxw8VzHfnlZXQc","previousCounter":0,"rootKey":"d0UDhFtUvA+NtgK5TNa+WgAA0i43o/AuvqZXZYN8vzQ="},"indexInfo":{"baseKey":"BXcXs5dtI3ba43f6QFhlbbxzSJe+9WQcHOXcqErBipM4","baseKeyType":1,"closed":-1,"used":1676784470197,"created":1676784470197,"remoteIdentityKey":"BRZimyxATFGSt+5RP7eQeU3ZXL5AaRLVvurp09ffMIMD"},"_chains":{"BbYjVW5HngW63Ee+sYD3fI+DeY5kUZPThKzRqaGvtbQ+":{"chainKey":{"counter":0,"key":"GR2hIRLAQe1Uuu6nw8fj4WKEgobPYUeeGIJJ0iBP+B4="},"chainType":1,"messageKeys":{}}},"pendingPreKey":{"signedKeyId":6,"baseKey":"BXcXs5dtI3ba43f6QFhlbbxzSJe+9WQcHOXcqErBipM4","preKeyId":5629947}}},"version":"v1"}