{"_sessions":{"BbAlUQDHQRptpZZWw5PLSdjexvODLaPuH20hC0afsAdU":{"registrationId":32,"currentRatchet":{"ephemeralKeyPair":{"pubKey":"Be5/jjszOwSQCg2qN/tkaAXPvs9NjslWRZmT+I8iU3IO","privKey":"WGIrIHbkujN3bJHn4B4Tbgm2uzXPVVqHPEwD53iw3Xg="},"lastRemoteEphemeralKey":"BRmaXhbsanUfEGwHUX8RGDhJ6GsXPN13n+BPskJC6mQB","previousCounter":0,"rootKey":"TpX1bVtzejkT4pVYLCyW/NkvpBwc/cW7KtI24WoI2p0="},"indexInfo":{"baseKey":"BbAlUQDHQRptpZZWw5PLSdjexvODLaPuH20hC0afsAdU","baseKeyType":1,"closed":-1,"used":1676784468215,"created":1676784468215,"remoteIdentityKey":"Bbx/jfqotlLDeik6+GpfFHCC4gW5yu2GBn52Oy3PWclN"},"_chains":{"Be5/jjszOwSQCg2qN/tkaAXPvs9NjslWRZmT+I8iU3IO":{"chainKey":{"counter":0,"key":"XU6Wfjk1knFlGRX+Jc05vUBQyjFLCVGUdvYGWRvQ0So="},"chainType":1,"messageKeys":{}}},"pendingPreKey":{"signedKeyId":1,"baseKey":"BbAlUQDHQRptpZZWw5PLSdjexvODLaPuH20hC0afsAdU"}}},"version":"v1"}