{"_sessions":{"BYjuxRt4txlH3E8MDBd/8k22MHZShXsjsaydfBZ8PZ4Q":{"registrationId":588469824,"currentRatchet":{"ephemeralKeyPair":{"pubKey":"BSXiOEarU9zM4aT+ME2eYSMDK3f/W9BlaZcIBx6IRCQm","privKey":"eANsd6Ajvnj06DGxDv+0U3I9Je2JOTxMhC6Q/nDTTl0="},"lastRemoteEphemeralKey":"BSF7Bzyc58vyHRHSDwyiqfT0ABzrByiwTieR+OYnBjAp","previousCounter":0,"rootKey":"HD9UrIWcpGX5+IHtL3vLMZqndlfMbkrIhuWjIKIMGAc="},"indexInfo":{"baseKey":"BYjuxRt4txlH3E8MDBd/8k22MHZShXsjsaydfBZ8PZ4Q","baseKeyType":1,"closed":-1,"used":1676784469781,"created":1676784469781,"remoteIdentityKey":"BbAvmPX6cbAsrF6T/LvYiggroAM44+swsh0jCsA6Ti9S"},"_chains":{"BSXiOEarU9zM4aT+ME2eYSMDK3f/W9BlaZcIBx6IRCQm":{"chainKey":{"counter":0,"key":"IYMsqIoziBamFuIvzd5pfM0paCQsktibv/fOywee8Xo="},"chainType":1,"messageKeys":{}}},"pendingPreKey":{"signedKeyId":1,"baseKey":"BYjuxRt4txlH3E8MDBd/8k22MHZShXsjsaydfBZ8PZ4Q","preKeyId":13592320}}},"version":"v1"}