{"_sessions":{"BQQQB6R2Jrbzjf6m9uWDYbkiSa9EflRKb6GL0Ilo8M9M":{"registrationId":386578113,"currentRatchet":{"ephemeralKeyPair":{"pubKey":"Bfsa/E+Oq75qukViitJRSepqhIwQC50YJ7ohUl7x0/hs","privKey":"qJuNEM+RAUgYRWROxM1gL1IyifgsS6QUsq5tdfObpmw="},"lastRemoteEphemeralKey":"Bdb/r2X6vFaapggWZRQFAmpPVa17PE8zlkzUbKrlLN16","previousCounter":0,"rootKey":"Tajk8W4pjyYJqvqLVKxJ2yecYWouBETI/M3RtiKZaGM="},"indexInfo":{"baseKey":"BQQQB6R2Jrbzjf6m9uWDYbkiSa9EflRKb6GL0Ilo8M9M","baseKeyType":1,"closed":-1,"used":1676784470334,"created":1676784470334,"remoteIdentityKey":"BfzvuodByIGrdke2V2v6GsEJ7sAXznmKz0iph6ekqf0n"},"_chains":{"Bfsa/E+Oq75qukViitJRSepqhIwQC50YJ7ohUl7x0/hs":{"chainKey":{"counter":0,"key":"2gzDKLtDcQ9cwbhGTAZO3DRIglLmlc8XNPTbCnjgB6I="},"chainType":1,"messageKeys":{}}},"pendingPreKey":{"signedKeyId":30,"baseKey":"BQQQB6R2Jrbzjf6m9uWDYbkiSa9EflRKb6GL0Ilo8M9M","preKeyId":384730}}},"version":"v1"}