{"_sessions":{"Bbq87CytPpfWQjT8sbspznoNPY40XcgmIibN3wPe+odO":{"registrationId":171592412,"currentRatchet":{"ephemeralKeyPair":{"pubKey":"BZt3s16ht5QgrLgbNIOHg2W1qPzQLQnLnrYJtfYLH4R0","privKey":"6Bl6ZZrOwE5utbDQs8sL+I1njg2exgwu1v+cv8u6/mg="},"lastRemoteEphemeralKey":"BbMRaqQ9bPmkq5qACyV8e+I8L7tnuGpJfNDZb+6CGxlD","previousCounter":0,"rootKey":"mVEunehkMtwuJJ+uZr7M9gKvGr3Z92HNdT8EsaZRbq8="},"indexInfo":{"baseKey":"Bbq87CytPpfWQjT8sbspznoNPY40XcgmIibN3wPe+odO","baseKeyType":1,"closed":-1,"used":1676784468678,"created":1676784468678,"remoteIdentityKey":"BcYbiqk/gPqjQUnVkUPySNlvKriENMK51SblGhxsnxoT"},"_chains":{"BZt3s16ht5QgrLgbNIOHg2W1qPzQLQnLnrYJtfYLH4R0":{"chainKey":{"counter":0,"key":"ZSxZ46jPFNaBkeXNEQSXq1FM+rNqcsTcvvrVGFz0hYY="},"chainType":1,"messageKeys":{}}},"pendingPreKey":{"signedKeyId":0,"baseKey":"Bbq87CytPpfWQjT8sbspznoNPY40XcgmIibN3wPe+odO"}}},"version":"v1"}