{"_sessions":{"BVqGlaWCEvdp9e2cBnrMH6eRNNRtE3F7xrgqqzMQKTYF":{"registrationId":1259112398,"currentRatchet":{"ephemeralKeyPair":{"pubKey":"BRJXwasUADiy9o6Y2iCN5bqMmVUTcurJEyQqgO7ZgXo6","privKey":"kOT9mxs04CviqJX54S8CrKKS9ciqt9KHikSqfMWgV3I="},"lastRemoteEphemeralKey":"BZ48vJnntQQUE/pbZRWU3f9WpZZdPMcD+RR9LO2KHPc3","previousCounter":0,"rootKey":"Ub7qpG7J/nixpEDeFExWdvz4oZcOFTsebe8Q1FDsnC8="},"indexInfo":{"baseKey":"BVqGlaWCEvdp9e2cBnrMH6eRNNRtE3F7xrgqqzMQKTYF","baseKeyType":1,"closed":-1,"used":1676784469855,"created":1676784469855,"remoteIdentityKey":"BdqMwPUDd76zpuyL7JGcdHyvVeSU/cBaMyfBvzKg2w4U"},"_chains":{"BRJXwasUADiy9o6Y2iCN5bqMmVUTcurJEyQqgO7ZgXo6":{"chainKey":{"counter":0,"key":"JSijCL/rmYrzT4qhAGbpWRkM+lfOZ6GLREXDd7NYAGw="},"chainType":1,"messageKeys":{}}},"pendingPreKey":{"signedKeyId":0,"baseKey":"BVqGlaWCEvdp9e2cBnrMH6eRNNRtE3F7xrgqqzMQKTYF"}}},"version":"v1"}