{"_sessions":{"BWinZ23jOwgcZn/n/2Ieml4E2I5jfEkb4LvNWevVefNO":{"registrationId":1799547099,"currentRatchet":{"ephemeralKeyPair":{"pubKey":"BZWjXKFcU2TXJTdB3c0UUzc0tFnQ2/RsyX1x2E/g9JhK","privKey":"YO+JUkup+WwNvoVyiKU9Madw9eXd39m3GmPxf5HVjFI="},"lastRemoteEphemeralKey":"BfQyk4HM62izlTO+B+ex1E4xD184eKzOfZYdnGzYA/tg","previousCounter":0,"rootKey":"iPAxL5vF+Ng3NzyxiQcYcrD/ocP54EWfPTRd+nQPRAs="},"indexInfo":{"baseKey":"BWinZ23jOwgcZn/n/2Ieml4E2I5jfEkb4LvNWevVefNO","baseKeyType":1,"closed":-1,"used":1676784470054,"created":1676784470054,"remoteIdentityKey":"BQwR6MNSIu4VRBuChgO2rYkbxJ6F1gC3/OTkQfsqv0hP"},"_chains":{"BZWjXKFcU2TXJTdB3c0UUzc0tFnQ2/RsyX1x2E/g9JhK":{"chainKey":{"counter":0,"key":"CuaxTRKPCAI04o4Tt8ZZVssnqQhsljlxn9G8QbLCuQ0="},"chainType":1,"messageKeys":{}}},"pendingPreKey":{"signedKeyId":0,"baseKey":"BWinZ23jOwgcZn/n/2Ieml4E2I5jfEkb4LvNWevVefNO","preKeyId":1319199}}},"version":"v1"}