{"_sessions":{"BTl8gVtdLWk4Kbdx22iwhrxXUrdMbNmM1Jyq1owZGZ0w":{"registrationId":1696561808,"currentRatchet":{"ephemeralKeyPair":{"pubKey":"BWiFZEV3fMlxecA/Wd8GC6Ss2hxGZxXh3VpaP4141iQB","privKey":"0FFOSHHtRs7w/0VRJSCfAIWJSGbc92ECtkIW3R62rlw="},"lastRemoteEphemeralKey":"BZ4dSazIypN3xeXecNalyJYSkZmDj90BNRBKZeIJJzhG","previousCounter":0,"rootKey":"YpiinX5EGjRayLVtZMgmA6ZBQ8szHjDn6IFunREz67c="},"indexInfo":{"baseKey":"BTl8gVtdLWk4Kbdx22iwhrxXUrdMbNmM1Jyq1owZGZ0w","baseKeyType":1,"closed":-1,"used":1676784469440,"created":1676784469440,"remoteIdentityKey":"BQfjMGaI+Kb6O4spxGqzJnzoq8nHGHp4CijkBPSjvdcY"},"_chains":{"BWiFZEV3fMlxecA/Wd8GC6Ss2hxGZxXh3VpaP4141iQB":{"chainKey":{"counter":0,"key":"Lc8yOGRCJBFnLkOoonhCk0s5PY8sK6eREyaKzT5PjNE="},"chainType":1,"messageKeys":{}}},"pendingPreKey":{"signedKeyId":0,"baseKey":"BTl8gVtdLWk4Kbdx22iwhrxXUrdMbNmM1Jyq1owZGZ0w","preKeyId":1917052}}},"version":"v1"}