{"_sessions":{"BdThi2Ytg4JA319NQSizHFtN/QnXdmdSOqH2WP9FAmg2":{"registrationId":325058356,"currentRatchet":{"ephemeralKeyPair":{"pubKey":"BbHJEjWx95lilGTPauAZCpc6PaUVp7pNfYwhkDxlGqti","privKey":"iCkMpYS4rGbVC9z9G1ZbDWTIghKfH4xqumfESe0LnWQ="},"lastRemoteEphemeralKey":"Baw3eEabf6fHtEck3wEux71YQzxoSYi0Ys0Aec/aum1r","previousCounter":0,"rootKey":"2TIWRBlju+QK5+CzvbdtQROy/YJ/w2wVOxzBYJjvR3U="},"indexInfo":{"baseKey":"BdThi2Ytg4JA319NQSizHFtN/QnXdmdSOqH2WP9FAmg2","baseKeyType":1,"closed":-1,"used":1676784469416,"created":1676784469416,"remoteIdentityKey":"BZYiUhBCk0xF+9R0gZvbDDm5p3CjcT2YekzvanIemzES"},"_chains":{"BbHJEjWx95lilGTPauAZCpc6PaUVp7pNfYwhkDxlGqti":{"chainKey":{"counter":0,"key":"j6ZxeDr0CPf4GyB2WBdnz1e5cq+lrMn818FjjLNq0gY="},"chainType":1,"messageKeys":{}}},"pendingPreKey":{"signedKeyId":1,"baseKey":"BdThi2Ytg4JA319NQSizHFtN/QnXdmdSOqH2WP9FAmg2","preKeyId":10153780}}},"version":"v1"}