{"_sessions":{"BXQng4I2dX9Np4t7CQfUJ1ZZo9AWKUnsV5Ti9iIoMRkn":{"registrationId":1304256337,"currentRatchet":{"ephemeralKeyPair":{"pubKey":"Bb34kIsVfBOQiGajOpGxL3QyI1+LHQf7E9T1DpCCyUwL","privKey":"sFIfSXsaJ8naxFI1xoa9LooGy8XSTMLPJ71MvmaCWWs="},"lastRemoteEphemeralKey":"BWiICc2Bz9n5lpN576epzCMR4xmSwMNvFP4q/UzDOCsU","previousCounter":0,"rootKey":"qnhyGfNAXxoy4I980/s5yBrzUO1c9OgNmjE6tmsfm4o="},"indexInfo":{"baseKey":"BXQng4I2dX9Np4t7CQfUJ1ZZo9AWKUnsV5Ti9iIoMRkn","baseKeyType":1,"closed":-1,"used":1676784470203,"created":1676784470203,"remoteIdentityKey":"BctX9PRTc2NowlZUyUW3XoKpPEb5WigegwVIj408WolK"},"_chains":{"Bb34kIsVfBOQiGajOpGxL3QyI1+LHQf7E9T1DpCCyUwL":{"chainKey":{"counter":0,"key":"2oq7l6wV9ddOaTpxBYHibVXQpHKyr/LcUPDdq2+NRw4="},"chainType":1,"messageKeys":{}}},"pendingPreKey":{"signedKeyId":0,"baseKey":"BXQng4I2dX9Np4t7CQfUJ1ZZo9AWKUnsV5Ti9iIoMRkn","preKeyId":14620382}}},"version":"v1"}