{"_sessions":{"BdAxx8pzB8NizbHFuQLMWo7nKXkgmDC14cS//eaRE4Nc":{"registrationId":1640779298,"currentRatchet":{"ephemeralKeyPair":{"pubKey":"BbFE8tZ6ZWu92i7l6lF4VikvpEAxx/CbH8k/3LWWGMkb","privKey":"6MydZz6CrMfZ97CqXvIRkaMN3tBWzinPJ49eB2dSlXA="},"lastRemoteEphemeralKey":"BSNQgtPfOL+KQbAZbLh4jLE7nEWggmDYkuGajvhlweJ5","previousCounter":0,"rootKey":"rE++Dvk/K7JFuTgmxhcSQJyYM1D6VoSiu1O1h4F+E14="},"indexInfo":{"baseKey":"BdAxx8pzB8NizbHFuQLMWo7nKXkgmDC14cS//eaRE4Nc","baseKeyType":1,"closed":-1,"used":1676784469997,"created":1676784469997,"remoteIdentityKey":"BRI9Jbzp503DbQz4XFhwrB1uMF0cwEYpK/DI/9q49sMw"},"_chains":{"BbFE8tZ6ZWu92i7l6lF4VikvpEAxx/CbH8k/3LWWGMkb":{"chainKey":{"counter":0,"key":"vpytcm/b7oO9qQXckHJHI3ixlFds8wgYESk0Oq4PZL0="},"chainType":1,"messageKeys":{}}},"pendingPreKey":{"signedKeyId":1,"baseKey":"BdAxx8pzB8NizbHFuQLMWo7nKXkgmDC14cS//eaRE4Nc","preKeyId":15604391}}},"version":"v1"}