{"_sessions":{"BSJp3uK+VTtRkg0Yb6hrHgC9FOmncHIcb2rT/q9RZ7EZ":{"registrationId":1491039209,"currentRatchet":{"ephemeralKeyPair":{"pubKey":"BW/mVWUfjr7hleLONvOQr8x65EsyAFZagTVY0Z+9xTJa","privKey":"wETFAYB2dE5LFK3iQoxQPHh/llrksOkRoyIUK4zR2XY="},"lastRemoteEphemeralKey":"BRq//V7eacmBj9hbn9ynZ2jOutRIl2rrtCe0b76qdpM9","previousCounter":0,"rootKey":"7YW9VYeuihk+BtwyU+Zk+SpnkODtPaA5DGT+intHr9E="},"indexInfo":{"baseKey":"BSJp3uK+VTtRkg0Yb6hrHgC9FOmncHIcb2rT/q9RZ7EZ","baseKeyType":1,"closed":-1,"used":1676784469116,"created":1676784469116,"remoteIdentityKey":"BdYQ/SQCn76aQ5it2xjMCe6Gnua1lqm7r8c3wuo0CWlA"},"_chains":{"BW/mVWUfjr7hleLONvOQr8x65EsyAFZagTVY0Z+9xTJa":{"chainKey":{"counter":0,"key":"DYvoTF3UiPPxS4mCl/UWKmPpwOu5TMM2axrBrLq3koQ="},"chainType":1,"messageKeys":{}}},"pendingPreKey":{"signedKeyId":0,"baseKey":"BSJp3uK+VTtRkg0Yb6hrHgC9FOmncHIcb2rT/q9RZ7EZ","preKeyId":6939919}}},"version":"v1"}