{"_sessions":{"BaLLy6iaGFVu4/qNOsK/KQUywEsJ3J2AXIbedjm1gvxp":{"registrationId":2482,"currentRatchet":{"ephemeralKeyPair":{"pubKey":"Bfv8bjEDtm09w++yUX/BlQhUS1znzVYmnN+m7iXyM/Jt","privKey":"cOQrfM5zerpcN0SrVtDMrGnBMLDop7haX9PMOYzOKV8="},"lastRemoteEphemeralKey":"BY5aDyPFt2KGw1+CxsDXUK8QKhvL4g7Z0pmOBLKyjB5o","previousCounter":0,"rootKey":"Xx21ZVJ4tcI4y6OrDOrdDNadxIFMKDb7tNLOb3GHQK8="},"indexInfo":{"baseKey":"BaLLy6iaGFVu4/qNOsK/KQUywEsJ3J2AXIbedjm1gvxp","baseKeyType":1,"closed":-1,"used":1676784468422,"created":1676784468422,"remoteIdentityKey":"BdG8eK+JbH0QJ53kbYEwSE8ZVVDMx20TXe6tFzYPunFC"},"_chains":{"Bfv8bjEDtm09w++yUX/BlQhUS1znzVYmnN+m7iXyM/Jt":{"chainKey":{"counter":0,"key":"0IP74rWWZxc/PmIxsV3zF0jTc0uiz3+iadLu1QrebnE="},"chainType":1,"messageKeys":{}}},"pendingPreKey":{"signedKeyId":1,"baseKey":"BaLLy6iaGFVu4/qNOsK/KQUywEsJ3J2AXIbedjm1gvxp"}}},"version":"v1"}