{"_sessions":{"Bcpaex1ub3tvUsva8zkbkMgP4a3QiIAhQhk6wXFis0dv":{"registrationId":2062037623,"currentRatchet":{"ephemeralKeyPair":{"pubKey":"BdYG8m21hHuwdBZZwSb4rVr08Mkmk69Z7hpzqksag5BA","privKey":"QMIm0kfWODOrzQNhK7QknOodFkZFYdkGMJOnzOfjBWQ="},"lastRemoteEphemeralKey":"BYtnyYRG7pNJAmI+yUWkXNcXSmZ3epVW5pAqBXEtlmpY","previousCounter":0,"rootKey":"vdj9yxm1YvrpJiux6Fk0zM03k19LeKNcFY4YX6KxLlY="},"indexInfo":{"baseKey":"Bcpaex1ub3tvUsva8zkbkMgP4a3QiIAhQhk6wXFis0dv","baseKeyType":1,"closed":-1,"used":1676784469804,"created":1676784469804,"remoteIdentityKey":"Bewn+lmdi6axC8YgRrF92IDGvrktHos/NozCwg66oh8K"},"_chains":{"BdYG8m21hHuwdBZZwSb4rVr08Mkmk69Z7hpzqksag5BA":{"chainKey":{"counter":0,"key":"Nq1O5aUhRJlQdjBGJk3I2R7SEGKZmSGyw91iF0dFjmg="},"chainType":1,"messageKeys":{}}},"pendingPreKey":{"signedKeyId":3,"baseKey":"Bcpaex1ub3tvUsva8zkbkMgP4a3QiIAhQhk6wXFis0dv","preKeyId":14742560}}},"version":"v1"}