{"_sessions":{"BYGvOMjikDAoLBe5VcDr12518okP7HWcoc1sniP06bZ1":{"registrationId":246189292,"currentRatchet":{"ephemeralKeyPair":{"pubKey":"BcCycCqZ+kXRzD8/l5iLWPBFVnvvdWJMVcjZEMAWm1gF","privKey":"QOQUxeF2FM5SnCgpJ4mIz4eZBVGYti891sbf5snmg3A="},"lastRemoteEphemeralKey":"BQHbalUuBb9EsTeNRnVFK21XTO5jHh7LevrJtJMJOtEg","previousCounter":0,"rootKey":"wDxkjqZs4iqfBYRpYVm7TGxtaazid+EGYbUY8waCsFY="},"indexInfo":{"baseKey":"BYGvOMjikDAoLBe5VcDr12518okP7HWcoc1sniP06bZ1","baseKeyType":1,"closed":-1,"used":1676784470387,"created":1676784470387,"remoteIdentityKey":"BYjF3iMZj9Po53zwelTyN+sftzRljFF25E/fDvY6TzJf"},"_chains":{"BcCycCqZ+kXRzD8/l5iLWPBFVnvvdWJMVcjZEMAWm1gF":{"chainKey":{"counter":0,"key":"Q9eek3qjKFdZqiiWBQXHTX/6JsAW1FBZJJ94MdSOiB4="},"chainType":1,"messageKeys":{}}},"pendingPreKey":{"signedKeyId":1,"baseKey":"BYGvOMjikDAoLBe5VcDr12518okP7HWcoc1sniP06bZ1","preKeyId":10148052}}},"version":"v1"}