{"_sessions":{"BVzA0vWu0PoQKJgN49ur6CU1BhJR3+Apko1mLGLRu44p":{"registrationId":640,"currentRatchet":{"ephemeralKeyPair":{"pubKey":"BUIM2e7Ov+LVxfDj07XkKLiKzryk51nzVxqV1dG4fCZf","privKey":"kC7oKnGTdVGgXgvOYeOUBNnkHhAg0UU3bEmKlZj7ukc="},"lastRemoteEphemeralKey":"BatjPL3pHu7Kry5VG7ZP2qzoXQ+SMiNo8aPcvxUNnslx","previousCounter":0,"rootKey":"OO553PItsc6q+MtNC12TyOtMPQj2M6Zk8N5F0g4QUMQ="},"indexInfo":{"baseKey":"BVzA0vWu0PoQKJgN49ur6CU1BhJR3+Apko1mLGLRu44p","baseKeyType":1,"closed":-1,"used":1676784468140,"created":1676784468140,"remoteIdentityKey":"BeqNI7ug1C/wypSrSCSh6z3/ordGucYiXVE+Fn0S5Pk6"},"_chains":{"BUIM2e7Ov+LVxfDj07XkKLiKzryk51nzVxqV1dG4fCZf":{"chainKey":{"counter":0,"key":"Of4Vw9r1WOSQ//OzHZLmxpLoZjwBtAeZ9PpwpQ8Kmgg="},"chainType":1,"messageKeys":{}}},"pendingPreKey":{"signedKeyId":1,"baseKey":"BVzA0vWu0PoQKJgN49ur6CU1BhJR3+Apko1mLGLRu44p"}}},"version":"v1"}