{"_sessions":{"BbaF96pWosOmoqwJJucR9SRKUtx26TfqRD8/zWRPcXdh":{"registrationId":51761,"currentRatchet":{"ephemeralKeyPair":{"pubKey":"BZoSC1lGp29xP/rwubQoaiiHFJeNR3V7dHhtRfjDLdVo","privKey":"aG4lTyBGSiTdrqm7iSktSspLYa1Ruw1iLiIBs2+neHo="},"lastRemoteEphemeralKey":"BeTtgNK1DDKJcLWHMV0hWXuDFTlGx6zHlzdRCBnfwgQK","previousCounter":0,"rootKey":"FdBoY7UYKTG60rs72xrn7fgQgukpr/WLkAt2wzT6gMs="},"indexInfo":{"baseKey":"BbaF96pWosOmoqwJJucR9SRKUtx26TfqRD8/zWRPcXdh","baseKeyType":1,"closed":-1,"used":1676784469809,"created":1676784469809,"remoteIdentityKey":"BfcZ5QT9zQxifuJQgIm9jilZc2V0M4VaQiK94BazjxJz"},"_chains":{"BZoSC1lGp29xP/rwubQoaiiHFJeNR3V7dHhtRfjDLdVo":{"chainKey":{"counter":0,"key":"/UnOGI3ia8uBEvlVjX+bch6CVKADllY3rkmJzwp51rM="},"chainType":1,"messageKeys":{}}},"pendingPreKey":{"signedKeyId":1,"baseKey":"BbaF96pWosOmoqwJJucR9SRKUtx26TfqRD8/zWRPcXdh","preKeyId":12217083}}},"version":"v1"}