{"_sessions":{"BZQEMVNbH2P+Sj24KLqv1/nLdSpfP2Yy0lcUdJrB75Q+":{"registrationId":1405816063,"currentRatchet":{"ephemeralKeyPair":{"pubKey":"BdbZRP8OCrrNlrN46rI1W1yA/xe6tpHSzB0BBS/aHY5Q","privKey":"eNqf/SzYMl244gZjwEpy29VH066STZ9cwf6U2DirymQ="},"lastRemoteEphemeralKey":"BTf6QBF1orsH3++3dw2txifvC5mB9RioKbJRKsEOpsIg","previousCounter":0,"rootKey":"TVS3JpWwp4PX9Ty7z4CIyRgbB/lFibyyfkiPX6UraG0="},"indexInfo":{"baseKey":"BZQEMVNbH2P+Sj24KLqv1/nLdSpfP2Yy0lcUdJrB75Q+","baseKeyType":1,"closed":-1,"used":1676784470037,"created":1676784470037,"remoteIdentityKey":"Be9yMWUnuJvheWaKI/aEAm7IItk9jIeBEFQdPXGU9SNY"},"_chains":{"BdbZRP8OCrrNlrN46rI1W1yA/xe6tpHSzB0BBS/aHY5Q":{"chainKey":{"counter":0,"key":"imB31hqZnj7a/Y1h34W6pAm+dwDA8SMCw/UsOuA/S6g="},"chainType":1,"messageKeys":{}}},"pendingPreKey":{"signedKeyId":0,"baseKey":"BZQEMVNbH2P+Sj24KLqv1/nLdSpfP2Yy0lcUdJrB75Q+","preKeyId":16339204}}},"version":"v1"}