{"_sessions":{"BWRxz7XkVgc7sLyYYmPLLebmGMQZGj6GdJHDz+QmZLNi":{"registrationId":197,"currentRatchet":{"ephemeralKeyPair":{"pubKey":"BR1BMH/vfyBcS0gUvgwv4fE9h3bGDcYYDOYShJ7qVh8O","privKey":"CDfsNRZlAQ/YkdH6N9zeEZhTloJk8P//JcNZIq79sVE="},"lastRemoteEphemeralKey":"BSAIpJa3qS/tc63A1bcxGD2zvV7YqBvR2N6XmQ6fIwJd","previousCounter":0,"rootKey":"X6KKwiOQ08R2ZhO4z0JdbApXaDPz8QsFXg9jMIlQCds="},"indexInfo":{"baseKey":"BWRxz7XkVgc7sLyYYmPLLebmGMQZGj6GdJHDz+QmZLNi","baseKeyType":1,"closed":-1,"used":1676784467931,"created":1676784467931,"remoteIdentityKey":"BbuucqbCmBkSvQUvOZSOPqbnJPRqewwrcXzVIrjzUzcX"},"_chains":{"BR1BMH/vfyBcS0gUvgwv4fE9h3bGDcYYDOYShJ7qVh8O":{"chainKey":{"counter":0,"key":"35Bs/dXN7npvJRRetm6uO7Q0gV+YWf3kx5mF121IeNE="},"chainType":1,"messageKeys":{}}},"pendingPreKey":{"signedKeyId":1,"baseKey":"BWRxz7XkVgc7sLyYYmPLLebmGMQZGj6GdJHDz+QmZLNi"}}},"version":"v1"}