{"_sessions":{"BWp1yeergCNwG8ZGMsjyYIwz3dyd6F0i3DwP9PxwPlRY":{"registrationId":475989297,"currentRatchet":{"ephemeralKeyPair":{"pubKey":"BQENG7ov5MjdDlDZzRXppvHR+Hf3k/rLCzmSt6TcszZK","privKey":"EHR4BB9IrgW1LvvIv9lJ94FDxQRuFCavzMV8JBWMBkg="},"lastRemoteEphemeralKey":"Bd10FY7RpqYZd33pOC4gSWNOQebT7JKPFMq5Hb7R7rM8","previousCounter":0,"rootKey":"+zCn1UD5TfabFJwkSsGP8UCDIxGQA7RI6p2Aa+2/GTY="},"indexInfo":{"baseKey":"BWp1yeergCNwG8ZGMsjyYIwz3dyd6F0i3DwP9PxwPlRY","baseKeyType":1,"closed":-1,"used":1676784468576,"created":1676784468576,"remoteIdentityKey":"BWwlNtNvB6yyX/SqBbOfuMreYV6PlOy+xOXqA5VxYW5r"},"_chains":{"BQENG7ov5MjdDlDZzRXppvHR+Hf3k/rLCzmSt6TcszZK":{"chainKey":{"counter":0,"key":"GEP+/GH7qG0rZYFIvZK0Efx3RtLBM39DYIYQSmXs10c="},"chainType":1,"messageKeys":{}}},"pendingPreKey":{"signedKeyId":0,"baseKey":"BWp1yeergCNwG8ZGMsjyYIwz3dyd6F0i3DwP9PxwPlRY","preKeyId":455198}}},"version":"v1"}