{"_sessions":{"BUXftVtUiW9TMlv71bI7PTDuqGb4v/7D2Q7Ycj1PsYgu":{"registrationId":53,"currentRatchet":{"ephemeralKeyPair":{"pubKey":"Beje2wEybCiaZukjgV/ilLHsk1P/REqOwBEaNUSaBNJs","privKey":"kI5QN6hnbUyzYIi73mizUglX0ReKGNVgtFSHRYSBR0M="},"lastRemoteEphemeralKey":"BXlh3DW2CiOBXLmPMrnvYJhRS8OCXrY6KPnVBmMekLcb","previousCounter":0,"rootKey":"JpDo5T9Vc2QZCZi8WcIVEviaRvFw36fNwC8Kfj7daJQ="},"indexInfo":{"baseKey":"BUXftVtUiW9TMlv71bI7PTDuqGb4v/7D2Q7Ycj1PsYgu","baseKeyType":1,"closed":-1,"used":1676784468100,"created":1676784468100,"remoteIdentityKey":"BW5R+YhSCnznWBj9SXC56LSW4Fx8CX8RTqABBlLNvYhd"},"_chains":{"Beje2wEybCiaZukjgV/ilLHsk1P/REqOwBEaNUSaBNJs":{"chainKey":{"counter":0,"key":"PJxE/04YEPC4kIcNsHqX+9G9EzwpiKQ2ldVeygv6OFw="},"chainType":1,"messageKeys":{}}},"pendingPreKey":{"signedKeyId":1,"baseKey":"BUXftVtUiW9TMlv71bI7PTDuqGb4v/7D2Q7Ycj1PsYgu"}}},"version":"v1"}