{"_sessions":{"BTnH6aJwG8hDQgQEsKi3V+NPnDX7I8L8RALMbzgu7INc":{"registrationId":977620106,"currentRatchet":{"ephemeralKeyPair":{"pubKey":"BXrnvLit+pLEvGjP3RgZx2YF+iCi0+bMrOWTOcVz9NJr","privKey":"CAB3Ay8uR/rye7h2ymrQq0rW8bdc2o7mUUEP9RGwIXQ="},"lastRemoteEphemeralKey":"BRmOtkgYJELLzzrzS90G4DamcyZ2a9sAiKh0FAeo1utF","previousCounter":0,"rootKey":"Ewf9if9Azu+U83QdHX5PVt8C0WSeVRAu03aTFy9U0jM="},"indexInfo":{"baseKey":"BTnH6aJwG8hDQgQEsKi3V+NPnDX7I8L8RALMbzgu7INc","baseKeyType":1,"closed":-1,"used":1676784469672,"created":1676784469672,"remoteIdentityKey":"BbItnWDzxZWC1IgIHBwwPQQK8lTQvTfrQ7vIILTv39xm"},"_chains":{"BXrnvLit+pLEvGjP3RgZx2YF+iCi0+bMrOWTOcVz9NJr":{"chainKey":{"counter":0,"key":"jVxg9IvfXW5OSHyb5+pyp7xwWqYXDAItapsD9HtZAAI="},"chainType":1,"messageKeys":{}}},"pendingPreKey":{"signedKeyId":0,"baseKey":"BTnH6aJwG8hDQgQEsKi3V+NPnDX7I8L8RALMbzgu7INc","preKeyId":13869598}}},"version":"v1"}