{"_sessions":{"BQ/u1vlEq8O5zR8hCeLu0pBpTkU8xaZcnlEf3rj3dJd3":{"registrationId":1792447982,"currentRatchet":{"ephemeralKeyPair":{"pubKey":"BX90iqbVLGtu7YzpSv1wf+/BgpXP7cgpZ16O6CM0Ifxz","privKey":"EO83GlPg7hIiU0NtTxfmsO6sZzhBNSR6JclP2HhQYlg="},"lastRemoteEphemeralKey":"BVtP7cXSR/2t2fp3xyjILo9FQSRw/7V6XdxW8EhMmtIc","previousCounter":0,"rootKey":"R+1/lrbKr4cwZI/eJkl3hBYL9cs5s464c0/mVSnw6oQ="},"indexInfo":{"baseKey":"BQ/u1vlEq8O5zR8hCeLu0pBpTkU8xaZcnlEf3rj3dJd3","baseKeyType":1,"closed":-1,"used":1676784469678,"created":1676784469678,"remoteIdentityKey":"BSo6H5N2QjuJgVF7/1px9RfHecXOupQ62s3QAMaJg3UX"},"_chains":{"BX90iqbVLGtu7YzpSv1wf+/BgpXP7cgpZ16O6CM0Ifxz":{"chainKey":{"counter":0,"key":"uRKIl65jYunrqcD5g8IwN8iyFX5jonT/lJEuSdyLWUw="},"chainType":1,"messageKeys":{}}},"pendingPreKey":{"signedKeyId":1,"baseKey":"BQ/u1vlEq8O5zR8hCeLu0pBpTkU8xaZcnlEf3rj3dJd3","preKeyId":4728770}}},"version":"v1"}