{"_sessions":{"BcXo0x/C9JDUdBGIgD25aHE3NyNdXLPNT2+Ao7uIo0Nu":{"registrationId":3089,"currentRatchet":{"ephemeralKeyPair":{"pubKey":"BXID1nj5PwbkW+c/FoQvEID0JP1dnLHP1eKDFuRWMwob","privKey":"iHghvIHsDOrBF58n7dhBujeKOj2/gJjBBCOFEcTk0Xg="},"lastRemoteEphemeralKey":"BWn5yQrIe38UJP72Q3ljrUPX/+tCiIjYQGWBtI0vo116","previousCounter":0,"rootKey":"yOw8aiCVTmYxRL+3Jh2GrcYVo1E/iOnWp5l1uhNL1Oo="},"indexInfo":{"baseKey":"BcXo0x/C9JDUdBGIgD25aHE3NyNdXLPNT2+Ao7uIo0Nu","baseKeyType":1,"closed":-1,"used":1676784468426,"created":1676784468426,"remoteIdentityKey":"BaRRRM8Zg/KlZmgTMRUjr/KgxXfxy3z8eRlhabzQXM9N"},"_chains":{"BXID1nj5PwbkW+c/FoQvEID0JP1dnLHP1eKDFuRWMwob":{"chainKey":{"counter":0,"key":"w4utGM+30StO8kQJbmlEisegtXDtBFVdjP/sAlPagJw="},"chainType":1,"messageKeys":{}}},"pendingPreKey":{"signedKeyId":1,"baseKey":"BcXo0x/C9JDUdBGIgD25aHE3NyNdXLPNT2+Ao7uIo0Nu"}}},"version":"v1"}