{"_sessions":{"BaRrBG+in/oHnx6yK/0M7BhVh894SGD1hjv0nm5zm7Rb":{"registrationId":832673239,"currentRatchet":{"ephemeralKeyPair":{"pubKey":"BSJ3u35mwPJYl+4HXisAdZ/r3B7IUVEzHvC3hWp399U6","privKey":"SGPUhZhhtwb07mt7kVLYtUAMTW5MTcqsczFz973nfkc="},"lastRemoteEphemeralKey":"BROFcSbShJJl//Ffi98y70BV42MPyVhMWXY0b+uyCthX","previousCounter":0,"rootKey":"wenUMFGZkTMHp3RdfqvV+/7xbzTxXrBdyYv4p/RoMsA="},"indexInfo":{"baseKey":"BaRrBG+in/oHnx6yK/0M7BhVh894SGD1hjv0nm5zm7Rb","baseKeyType":1,"closed":-1,"used":1676784468759,"created":1676784468759,"remoteIdentityKey":"BTGE03vH2eL0iXFhbBwhfzOT6xuvoT/ZMYC5xSIkha1F"},"_chains":{"BSJ3u35mwPJYl+4HXisAdZ/r3B7IUVEzHvC3hWp399U6":{"chainKey":{"counter":0,"key":"bCjgCVTk/J3DFerGBQe80yYEhaw/Xx7TLRJBn9gxGqg="},"chainType":1,"messageKeys":{}}},"pendingPreKey":{"signedKeyId":3,"baseKey":"BaRrBG+in/oHnx6yK/0M7BhVh894SGD1hjv0nm5zm7Rb","preKeyId":2714080}}},"version":"v1"}