{"_sessions":{"BbqzAx/18DjLIMppc6jKJuhPr6NzbhNfR60Bg8RucxsX":{"registrationId":19,"currentRatchet":{"ephemeralKeyPair":{"pubKey":"BdIF4saCn5Nn2Hc6e4ZJG+IA8J5ZXxcoRG7CgNdzFwQi","privKey":"iJSuamB3QyP9K5+XDYzmu8VGObBsg6RSq5pmEHBOoUU="},"lastRemoteEphemeralKey":"BXK9X5I7HxF0mGvKGn3+ecuYCXr6nrhyHUi2eYfQL3Nt","previousCounter":0,"rootKey":"eu3MPt8j5957sQdqVkBkgHWicLRtCpTqX1p67rIk0qM="},"indexInfo":{"baseKey":"BbqzAx/18DjLIMppc6jKJuhPr6NzbhNfR60Bg8RucxsX","baseKeyType":1,"closed":-1,"used":1676784468048,"created":1676784468048,"remoteIdentityKey":"Bc+WvL+lYMGqEp1p+LAju0N2iV1+aLI+i/+kD+E3QpBu"},"_chains":{"BdIF4saCn5Nn2Hc6e4ZJG+IA8J5ZXxcoRG7CgNdzFwQi":{"chainKey":{"counter":0,"key":"7GLg6VQOhi61tlsMMejPXUfCSQmWRqXPwx2cvI6S4cU="},"chainType":1,"messageKeys":{}}},"pendingPreKey":{"signedKeyId":1,"baseKey":"BbqzAx/18DjLIMppc6jKJuhPr6NzbhNfR60Bg8RucxsX"}}},"version":"v1"}