{"_sessions":{"BT+QnxQEhqHuqArImB7rapFoqtDM3AvkFwzfpOi2u/FS":{"registrationId":1320552775,"currentRatchet":{"ephemeralKeyPair":{"pubKey":"Be3rp4nA+dqSyHp8yk9VuVigIRS7NzfUoANneGgO06sw","privKey":"yC1RKoF0095CprlYz4/EuREAIfaIepSwz8mo9HZ2I1A="},"lastRemoteEphemeralKey":"BazS64cwtPnkPSyW3wqjWUYNvxG9EG3ibZfGViESP9ZB","previousCounter":2,"rootKey":"vinep3ekPDO/lj9I3b70JnGk6De6EIz9C27rXLD18ic="},"indexInfo":{"baseKey":"BT+QnxQEhqHuqArImB7rapFoqtDM3AvkFwzfpOi2u/FS","baseKeyType":1,"closed":-1,"used":1676776670293,"created":1676742410386,"remoteIdentityKey":"BZNHYpPRRDmgwI0WqP0PCYYnTEQ2R4olf35hmBg9V25i"},"_chains":{"BazS64cwtPnkPSyW3wqjWUYNvxG9EG3ibZfGViESP9ZB":{"chainKey":{"counter":0,"key":"R+7Ki5CNLQi6qtrWkuvnYp/7ppOxj+axtTIlDgbMTEI="},"chainType":2,"messageKeys":{}},"Be3rp4nA+dqSyHp8yk9VuVigIRS7NzfUoANneGgO06sw":{"chainKey":{"counter":-1,"key":"8AJbxPdO5gbt1an2OaXTsMuuE/R34XyDh6x5YkZ1/rA="},"chainType":1,"messageKeys":{}}}}},"version":"v1"}