{"_sessions":{"BfSbDElakXvTN1XL1GsB67qHLV9dd3Fl8TEzKow4klV6":{"registrationId":414308220,"currentRatchet":{"ephemeralKeyPair":{"pubKey":"BcmJAZ9HzvNuJ7hkhrXChn1hL7k/Q683s54mIf4Y/whe","privKey":"cGEx/Yfsdnj5+nK2aDLtmTYsTVAA2sgfedw6pqezPEI="},"lastRemoteEphemeralKey":"BSYglKa6HOk0Q+FTZrgWYQ8+eZkghOg8CROs4CL3s2Fe","previousCounter":0,"rootKey":"jORZ8G8SGPePnB4bpVbNjUesRlZvrRVnDv1NTwkw6Uc="},"indexInfo":{"baseKey":"BfSbDElakXvTN1XL1GsB67qHLV9dd3Fl8TEzKow4klV6","baseKeyType":1,"closed":-1,"used":1676784469517,"created":1676784469517,"remoteIdentityKey":"BSrZFN3x+0XaG2TC55N9uSROug57WBPzpjM6Gmd3jVYD"},"_chains":{"BcmJAZ9HzvNuJ7hkhrXChn1hL7k/Q683s54mIf4Y/whe":{"chainKey":{"counter":0,"key":"Lmlcf2Ovptu9MWn9Cn6PQLJCNMqBdbJer+4gtGnaU0c="},"chainType":1,"messageKeys":{}}},"pendingPreKey":{"signedKeyId":3,"baseKey":"BfSbDElakXvTN1XL1GsB67qHLV9dd3Fl8TEzKow4klV6","preKeyId":7258920}}},"version":"v1"}