{"_sessions":{"BTrGlTczM38HqeAjFdFUnBeqf9PVsK1Qm2ilSDpN2SES":{"registrationId":967978223,"currentRatchet":{"ephemeralKeyPair":{"pubKey":"BU/AVcmpH2ND13yFyKyFzEal7jY6DtRjgpfF2vvHhsIY","privKey":"AK4YBfmgshxsPwMCRFsgY9/ZxR/dGBVhQXXiOjIDv1A="},"lastRemoteEphemeralKey":"BdOdNk0hbYU1rUogKE62SpGd69bwU2E01SkShl6Jtxg9","previousCounter":0,"rootKey":"ftrvEO++1J+PNMXDVf2CIfpMDQfsd8O6Bwtc54WCa30="},"indexInfo":{"baseKey":"BTrGlTczM38HqeAjFdFUnBeqf9PVsK1Qm2ilSDpN2SES","baseKeyType":1,"closed":-1,"used":1676784468817,"created":1676784468817,"remoteIdentityKey":"Bau4oghEstvHkNUwbbedd9WNGsEfV6P1q5xm0oLasxtM"},"_chains":{"BU/AVcmpH2ND13yFyKyFzEal7jY6DtRjgpfF2vvHhsIY":{"chainKey":{"counter":0,"key":"GZp+FPdPSRWrxo+0hYd8Nopzt5RW6wMtlY53auKDKIc="},"chainType":1,"messageKeys":{}}},"pendingPreKey":{"signedKeyId":0,"baseKey":"BTrGlTczM38HqeAjFdFUnBeqf9PVsK1Qm2ilSDpN2SES","preKeyId":15383794}}},"version":"v1"}