{"_sessions":{"BUpt3Blhw/papKL6xBMCmkG0ViuINrUfxK0o3ztZD4da":{"registrationId":264714675,"currentRatchet":{"ephemeralKeyPair":{"pubKey":"Bb5pimOYl2RR1XwI2BztLt4KlvT4AMqw4mTVV8fMDxB1","privKey":"WO4R3v6LRUNNroS7dGAPTu9n2NPYGi46RGMH/mY6SXs="},"lastRemoteEphemeralKey":"BS046gwKp3zPhuPpvnk0pJ7qUSRHAItcVgV3vlvYZnx1","previousCounter":0,"rootKey":"FVO7LUtX0jIdLq7UE3Fim/X+d0NL5DAqg4AmnU+G+QA="},"indexInfo":{"baseKey":"BUpt3Blhw/papKL6xBMCmkG0ViuINrUfxK0o3ztZD4da","baseKeyType":1,"closed":-1,"used":1676784469845,"created":1676784469845,"remoteIdentityKey":"BUiLsBvqQ2mfRddmAotMA+NOKX4iJJTJF0TLfASVPoJh"},"_chains":{"Bb5pimOYl2RR1XwI2BztLt4KlvT4AMqw4mTVV8fMDxB1":{"chainKey":{"counter":0,"key":"PzwhIwsiLR0H1T+dj3hxM5kED9T66HNjQLGnqb8RdUk="},"chainType":1,"messageKeys":{}}},"pendingPreKey":{"signedKeyId":0,"baseKey":"BUpt3Blhw/papKL6xBMCmkG0ViuINrUfxK0o3ztZD4da"}}},"version":"v1"}