{"_sessions":{"BTgCPy7JjQ++m0F+Rm4Rk2N8WNecXzfoiWzM3o0gcDtb":{"registrationId":1252824847,"currentRatchet":{"ephemeralKeyPair":{"pubKey":"BaQIAmLxJKatF6AiGMUFL23A/eAe4oKWlZ04R/T5ox5F","privKey":"AHaSYD8ClRAYbN07yihJEJtN/U1KIUxTv0JmLU3uMUA="},"lastRemoteEphemeralKey":"BUQxfu/r8DvtKU4l9ebKK5nWAqfJ0VtSV9YnqqsotZIF","previousCounter":0,"rootKey":"5mVVuMejyqEjSvWPmjAPlDfLt9hCGjr9BSNDLdnnKVg="},"indexInfo":{"baseKey":"BTgCPy7JjQ++m0F+Rm4Rk2N8WNecXzfoiWzM3o0gcDtb","baseKeyType":1,"closed":1676741552185,"used":1676741037371,"created":1676741037371,"remoteIdentityKey":"BQ24DqGL3TlomZMFc1XaK4nTfXBG7b8A4Qiy3I2Q+QFF"},"_chains":{"BaQIAmLxJKatF6AiGMUFL23A/eAe4oKWlZ04R/T5ox5F":{"chainKey":{"counter":0,"key":"1JabMBsCvWaTgUIEE8PqshoO1VT+YiQ6Lmk58FSiD4E="},"chainType":1,"messageKeys":{}}},"pendingPreKey":{"signedKeyId":0,"baseKey":"BTgCPy7JjQ++m0F+Rm4Rk2N8WNecXzfoiWzM3o0gcDtb","preKeyId":14675258}},"BZ2xWm9TE2AsX2cKTnKM5wXIa0vBL8IXbbxX5Erb2Ixn":{"registrationId":1252824847,"currentRatchet":{"ephemeralKeyPair":{"pubKey":"BbPi6N96BVaaCqLnf933s2clDGhS12PjkeFAYUp/j4dk","privKey":"8Mi2N3gylCZwRv5aB6frqOoLvAG3YINxfQ1vPSp9Pm0="},"lastRemoteEphemeralKey":"BTB8o0edNa4M+jzuZB8f4I+arpwMZTO21TD8cpJIj240","previousCounter":0,"rootKey":"VNKk0hfuVABRXOUSh3VZtLaJX4qFFDmdjLGaA1nJWMo="},"indexInfo":{"baseKey":"BZ2xWm9TE2AsX2cKTnKM5wXIa0vBL8IXbbxX5Erb2Ixn","baseKeyType":2,"closed":-1,"used":1676801794450,"created":1676741552191,"remoteIdentityKey":"BQ24DqGL3TlomZMFc1XaK4nTfXBG7b8A4Qiy3I2Q+QFF"},"_chains":{"BU6P1lZF//OD3vnE7eb5OuGHqNmlu7Rr8m0vzB1iPoIp":{"chainKey":{"counter":1},"chainType":2,"messageKeys":{}},"BeQHSDBFhGrm4dWTigE0jiV5qIN/mHZ0uZc13b/8Vi4J":{"chainKey":{"counter":0},"chainType":2,"messageKeys":{}},"BTl5mMnBqZ9kWleft11s4U0lyW/tbykd4MMsHf99vsl/":{"chainKey":{"counter":0},"chainType":2,"messageKeys":{}},"BetycxDb+ZbbtmGdETTm4N0gclk1peO4elVH1psTeuVZ":{"chainKey":{"counter":1},"chainType":2,"messageKeys":{}},"BamC+F7sgHF4pX6WLIIPCbatUETgVo8nahQwEBgU4XJX":{"chainKey":{"counter":0},"chainType":2,"messageKeys":{}},"Bbe4OU0v+HNJP/MyqEHoJBIUssgkCaZJeL14G+v8Qygx":{"chainKey":{"counter":0},"chainType":2,"messageKeys":{}},"BQXfpKLOmIAlW5rx40pkwMCBoH3y/QH+It27wDv4HwdO":{"chainKey":{"counter":0},"chainType":2,"messageKeys":{}},"BVo740wuPnOiMANKTzhyyF3pi//raSFjhngmUAoMZntJ":{"chainKey":{"counter":0},"chainType":2,"messageKeys":{}},"BbA+cZJC+wPpmsE6yAc9DDSrAUdUEFGX8JDIUaCBayJ/":{"chainKey":{"counter":0},"chainType":2,"messageKeys":{}},"BT9owolGl17lBQeLRBnlE9FnLCUdkUFqQ0aez2PyR/tM":{"chainKey":{"counter":0},"chainType":2,"messageKeys":{}},"BW30PoMsJTNe1esevdbkUUSI6tJ2zebZJ0F3SimgCUo3":{"chainKey":{"counter":0},"chainType":2,"messageKeys":{}},"BX/yj1KcB3dLSuTrjBU6+Cnsf7ckXkJAH16t+dG9HgIv":{"chainKey":{"counter":2},"chainType":2,"messageKeys":{}},"BQ8KqgLHe3cjTsVAWsloDtM2tdBiVCYdC4dLjsicB+N5":{"chainKey":{"counter":1},"chainType":2,"messageKeys":{"0":"sRGfL8TX5J7CpJNvR0dNdNDGF3K8TOeBSR1BzI5ZNms="}},"BeZj+pG8pR61gU/MVUWhL9JiIrDgjqp5/YU64AyLJ3Id":{"chainKey":{"counter":0},"chainType":2,"messageKeys":{}},"BR7LNcjM0PhNJ7u7YEiW4bbP/IT3ZXTApdsyPlIM3y1m":{"chainKey":{"counter":0},"chainType":2,"messageKeys":{}},"BYIFhLDQuAUYEetIEikXgStgC4TmI2izClzriHK1Iv4I":{"chainKey":{"counter":0},"chainType":2,"messageKeys":{}},"BQFkppkWGIJ6ZvdrTpHUY0a7YSb8z9Sv5vl77pw6KzQX":{"chainKey":{"counter":0},"chainType":2,"messageKeys":{}},"BawHgS7Tyun+BS+70Ci8sVW/y17QrR5EQi6oJL7ejyBi":{"chainKey":{"counter":4},"chainType":2,"messageKeys":{}},"BV3FUax4QpL6RklL1RT0/z8f2DPrea3LG26qMBA+eWEY":{"chainKey":{"counter":1},"chainType":2,"messageKeys":{}},"BYqi2vy6/LUFMTipGWAfXH/2cJxZR29bPC+im3MQevgw":{"chainKey":{"counter":0},"chainType":2,"messageKeys":{}},"BWbnl4zwQX3IhcD6ukzZLWyfjZv1gsdc7bHPY8oBIZM+":{"chainKey":{"counter":0},"chainType":2,"messageKeys":{}},"BejMa/xqnvqbLvGsGf48/CMBIx0athOgUZqtosfPdvFt":{"chainKey":{"counter":0},"chainType":2,"messageKeys":{}},"BQDVOQYHKDAKWPlTGQQNqqcEW44543ypmf0HR6ebvF0U":{"chainKey":{"counter":1},"chainType":2,"messageKeys":{}},"BfUm2cdtnUr31VOWG1FM+W0lO9cIk3oa+5s2QrTz2TVx":{"chainKey":{"counter":0},"chainType":2,"messageKeys":{}},"BcoyW1+j3VWVToT8EaVMpQ7wyLu6JoTG8V3hlnit3ekO":{"chainKey":{"counter":0},"chainType":2,"messageKeys":{}},"BTktDzCMQIXsiu8t7ZD86WmBSmy6yg0eZpeEuqajpvZN":{"chainKey":{"counter":0},"chainType":2,"messageKeys":{}},"BWTMcd4soe3o4ZR07ZD9VwCStYzd5Vn3M0tMQ7FBuc0+":{"chainKey":{"counter":0},"chainType":2,"messageKeys":{}},"BQear9yliS2cCGUodYlDDavZvOHVK8/19XgMzZUu0CF4":{"chainKey":{"counter":0},"chainType":2,"messageKeys":{}},"BbFMvXWwvWF/RBH5EdTp5rawfO9GJcfkhKY8l7DG3qEZ":{"chainKey":{"counter":0},"chainType":2,"messageKeys":{}},"BSTLJX6y0A/hGUatpAhAe6QprCYtkogOuRp8JsE3L5lA":{"chainKey":{"counter":0},"chainType":2,"messageKeys":{}},"Bb3LcDTnldu+MUvGF+ZSSeOT6gpPO/yk8vlpcd3oBgdG":{"chainKey":{"counter":0},"chainType":2,"messageKeys":{}},"BcVWT4JNdue3JRAMZfFDEYvMNFLljlYvc7GO4IE+Ar8d":{"chainKey":{"counter":0},"chainType":2,"messageKeys":{}},"BYrnccfk6gCRDJ2bAS0veynm5/hFHzDZulBZkZNLWvte":{"chainKey":{"counter":0},"chainType":2,"messageKeys":{}},"BQpQobWuaqfTzgRX0AvAPRpByDHPeF+kPIXVNm/eyrRy":{"chainKey":{"counter":0},"chainType":2,"messageKeys":{}},"Bd2Qk3A8nA1AtwG35IemsU8maNuA5FpaF3idXpzF0vJZ":{"chainKey":{"counter":1},"chainType":2,"messageKeys":{}},"BRlxm1fTbqP9xmj8WWKHyJwidhGJACeAOsScw0Mg+moX":{"chainKey":{"counter":6},"chainType":2,"messageKeys":{}},"Bf52NSK3R+8Vsh/cbstOSNTjjTTbjgyb5X4rSR/KvpY9":{"chainKey":{"counter":0},"chainType":2,"messageKeys":{}},"BfD8G52qri99yqZyiUzBQ82/RlxDcUTKY2rD/dJJaYZe":{"chainKey":{"counter":1},"chainType":2,"messageKeys":{}},"Bdnq013VtgTqyQo2sgPw4+ugIkc7D4DGXcQnvQen7+t/":{"chainKey":{"counter":0},"chainType":2,"messageKeys":{}},"Bd74MmFoByGpCNsdgzc5zhqd/SX/JERdpm0eVIYMtvtH":{"chainKey":{"counter":0},"chainType":2,"messageKeys":{}},"BfSJf0KjkRxhPPymYgeiWmzTZrtoTpMQqZqKR+zHH48F":{"chainKey":{"counter":0},"chainType":2,"messageKeys":{}},"BfyicJIUwMIS3AZVEXdI9pL+hIAN0ViZzkfPMznrQcZo":{"chainKey":{"counter":0},"chainType":2,"messageKeys":{}},"BTvBTNJ6GHISKVgsCdPZfNCT55dm27EDNjESkDG7eRAb":{"chainKey":{"counter":2},"chainType":2,"messageKeys":{}},"BQgP+A3C+RQnuCxkKoWA6oapYjY/lR6/DLrAPV+rP5kC":{"chainKey":{"counter":0},"chainType":2,"messageKeys":{}},"BW1yZR8GvkSFukSt/8wPl9M6saBBr4KsDZtA3lGTKz1p":{"chainKey":{"counter":0},"chainType":2,"messageKeys":{}},"BXCuCFMCBJI4XkizWYzZ3wnyL79p7RK0t4mEXoPdWTp0":{"chainKey":{"counter":1},"chainType":2,"messageKeys":{}},"BUq0o2+vwN9uf95fpcuFbVFI0++J5lHpubRz3tsBOEgI":{"chainKey":{"counter":1},"chainType":2,"messageKeys":{}},"BQCrngdtaC4sDKBdeFVz9IBLTbkRCQVuYr8SO+6ILqkx":{"chainKey":{"counter":1},"chainType":2,"messageKeys":{}},"BeoHcWK1twQqgwvk8AXHPdqxTtHJSrVFpF64aEwkmsVV":{"chainKey":{"counter":1},"chainType":2,"messageKeys":{}},"BVP/xjfkxHFm5FUxFF0Ln3PTwUVYYFzaTe6DD+3RDMc3":{"chainKey":{"counter":0},"chainType":2,"messageKeys":{}},"Bekoc6ez1iaVqO1jCk9//P2BkZZcBVwr67McGxEZOMIi":{"chainKey":{"counter":0},"chainType":2,"messageKeys":{}},"BXBTclykJ6HZYdIapBTzEbhcTkcq0PuG6Uf8vs22OJ5t":{"chainKey":{"counter":0},"chainType":2,"messageKeys":{}},"BanrlvOIa8K4F/YIGXCWibNm9iyy3OFpuCYmBp1waO5c":{"chainKey":{"counter":0},"chainType":2,"messageKeys":{}},"BUG9+aiGJJiOwdtAGwcA4RS/2/XqJTyvkyCo/MzA8KA2":{"chainKey":{"counter":1},"chainType":2,"messageKeys":{}},"BXVbNTbatVwBWv1fh1Kg+YCvKET2oAeegQEQ061YZGhn":{"chainKey":{"counter":0},"chainType":2,"messageKeys":{}},"BRMspti5VNEFlRNV2N6mM+JVak50EWv0zSWBJaoujLhA":{"chainKey":{"counter":16},"chainType":2,"messageKeys":{}},"BVPs4tkBy4iNcblz7ItFysQZCNzLvh9Ekd46yv7Kf5l0":{"chainKey":{"counter":0},"chainType":2,"messageKeys":{}},"BVe1yhOSp8QsCHHPfXSmWp/WTTl/nER6CXA+6LtGzb4S":{"chainKey":{"counter":0},"chainType":2,"messageKeys":{}},"BfjUzZySYiwUB7JBNt6mau/JkH1uvkjym9yUF4E5gK5a":{"chainKey":{"counter":0},"chainType":2,"messageKeys":{}},"BbJqWe3AlpbWBwJb50Qy/rqqD2uT6sk86xp5NwFOlVV7":{"chainKey":{"counter":0},"chainType":2,"messageKeys":{}},"BZUWG+wa76G/JtdOE9fu+yzE9fRnZOIgWy5r81WmNRUa":{"chainKey":{"counter":1},"chainType":2,"messageKeys":{}},"BYrzmnKigW0TAzwhRovYuBh6RwJvlwPXN/+FVp9DeFtm":{"chainKey":{"counter":0},"chainType":2,"messageKeys":{}},"BWxeKzWDlcj+tq9XVBncw2tpfYofiMUqJvidGHQIRC1X":{"chainKey":{"counter":1},"chainType":2,"messageKeys":{}},"BQOo7UN5+rg4QJpam8ug0hlxxVAfq14uLzRrN+EwKONn":{"chainKey":{"counter":0},"chainType":2,"messageKeys":{}},"BcjnXqAPtjokPOZXLeI4s0xLsEnJz2Mu61BZZeRnoalz":{"chainKey":{"counter":1},"chainType":2,"messageKeys":{}},"BQJ0ZVEtMVE1mFeMZlchfhoSGyeGNefjxGfEOkZCg2pw":{"chainKey":{"counter":1},"chainType":2,"messageKeys":{}},"BZhoyh7nbhb85lY7imF6AB4UPKxqhywYN33KmTEALtEM":{"chainKey":{"counter":3},"chainType":2,"messageKeys":{}},"BfQjy4U3vQyQK+tquN9bZd4ArhVERvvWkLDsjRz/Q0wH":{"chainKey":{"counter":0},"chainType":2,"messageKeys":{}},"BTB8o0edNa4M+jzuZB8f4I+arpwMZTO21TD8cpJIj240":{"chainKey":{"counter":1,"key":"2+w1SZrFK3Fdi9s9YZz95G1lJzmbey01m7VLfmBxbIM="},"chainType":2,"messageKeys":{}},"BbPi6N96BVaaCqLnf933s2clDGhS12PjkeFAYUp/j4dk":{"chainKey":{"counter":1,"key":"deeR0wI/gG5HhThYoOzQw1tpmxuYKPD8b8BIFrvMUbo="},"chainType":1,"messageKeys":{}}}}},"version":"v1"}