{"_sessions":{"BW8KDjxJVuos5TeKkJKzvvGCeqS9lfF8UY8cMWYe5N8a":{"registrationId":957593082,"currentRatchet":{"ephemeralKeyPair":{"pubKey":"BZ3bbjzUUY/OO8VyhIA0RGm0sC/ZDq3GmQcZ47/TEy0d","privKey":"+IX0x2yaZbnBw3D56NMDJYl34+Dyty5Sawfqi5lU8G4="},"lastRemoteEphemeralKey":"BeV9KLd1U3tvb6+PWoI3R4monzHN3iZxi+YcgpLaaQoz","previousCounter":0,"rootKey":"5EJgPzOwjzoCKBXfYufe3QNk8kwbA4+oXIGX0FlHjqs="},"indexInfo":{"baseKey":"BW8KDjxJVuos5TeKkJKzvvGCeqS9lfF8UY8cMWYe5N8a","baseKeyType":1,"closed":-1,"used":1676784470271,"created":1676784470271,"remoteIdentityKey":"BQ8QqLeK7Gx0ZggWkTsDeXRC0M0TsAedFXrfpyNL2SQR"},"_chains":{"BZ3bbjzUUY/OO8VyhIA0RGm0sC/ZDq3GmQcZ47/TEy0d":{"chainKey":{"counter":0,"key":"vAwvIHd89RlNrCl+kSj3VlJ9j2tPUFvRGz4OSmz8nzg="},"chainType":1,"messageKeys":{}}},"pendingPreKey":{"signedKeyId":0,"baseKey":"BW8KDjxJVuos5TeKkJKzvvGCeqS9lfF8UY8cMWYe5N8a","preKeyId":15790114}}},"version":"v1"}