{"_sessions":{"BfVkUGxe6p/0Cjp2Ax/m2QOym/U2mTZWqSqIr5OcqdJd":{"registrationId":185,"currentRatchet":{"ephemeralKeyPair":{"pubKey":"BYN5SL9oaaokmOiBMKrrIO+XvHp27WEJml7rHoSWfjVF","privKey":"eNTAHRk1wk5Xc2ksa2KTrTMdk0jTiBPjO3QI4aMrilI="},"lastRemoteEphemeralKey":"BWK1JfZbnWMyh2wz1sOvOPzPi2UbRqMAAMWdfjriP5tl","previousCounter":0,"rootKey":"QNHUHimvFH/IOpJkpGbyLXQyMP1BxX7Uf1hd1iSSvVM="},"indexInfo":{"baseKey":"BfVkUGxe6p/0Cjp2Ax/m2QOym/U2mTZWqSqIr5OcqdJd","baseKeyType":1,"closed":-1,"used":1676784468252,"created":1676784468252,"remoteIdentityKey":"BSLtpb8wtRLAar4Y45ImoT57RED9Dv1IkiUSseMIQTA3"},"_chains":{"BYN5SL9oaaokmOiBMKrrIO+XvHp27WEJml7rHoSWfjVF":{"chainKey":{"counter":0,"key":"NdiilPy3JtHryjweh4ZKLPFxoOnfpL1kOCpZGcwdzvo="},"chainType":1,"messageKeys":{}}},"pendingPreKey":{"signedKeyId":1,"baseKey":"BfVkUGxe6p/0Cjp2Ax/m2QOym/U2mTZWqSqIr5OcqdJd"}}},"version":"v1"}