{"_sessions":{"BYNYSZlONACldL7zrOarsCETdmyZ7lkmdH7YF/oQg/9h":{"registrationId":214430837,"currentRatchet":{"ephemeralKeyPair":{"pubKey":"BXM3LKGLQFN/+SDFBBkFT1v1I0tvkSs8ddor/WotSAlI","privKey":"4L7kSjNt0X2Xm0bk6rX6ZRWDq3U7N/Vyo51QbO6r0ks="},"lastRemoteEphemeralKey":"BXF75zEzz0CoUCbAonXhcufGlWeNh+44iW0eTfHVxvck","previousCounter":0,"rootKey":"KFmOHLcmElthXPDIoGxtqswrAO6L0wRFWjDpG5ktftk="},"indexInfo":{"baseKey":"BYNYSZlONACldL7zrOarsCETdmyZ7lkmdH7YF/oQg/9h","baseKeyType":1,"closed":-1,"used":1676784469704,"created":1676784469704,"remoteIdentityKey":"BWl75kWyfhvW3GjHJy+DRaNwPSlw+W6oTqSMli05oj1F"},"_chains":{"BXM3LKGLQFN/+SDFBBkFT1v1I0tvkSs8ddor/WotSAlI":{"chainKey":{"counter":0,"key":"ibc76Xq+MyL1ftplhJt2WLf8tbBfPTG5tUnaDQpedYQ="},"chainType":1,"messageKeys":{}}},"pendingPreKey":{"signedKeyId":0,"baseKey":"BYNYSZlONACldL7zrOarsCETdmyZ7lkmdH7YF/oQg/9h"}}},"version":"v1"}