{"_sessions":{"BUts/HFsoIGVfGEqFjBNpUznuLWtJjxhzLyWsndjUxo0":{"registrationId":1592462018,"currentRatchet":{"ephemeralKeyPair":{"pubKey":"BSyX8ogYvCDcBExUIqG5VxQHVEknyQeOJJ0lQ8IPiasL","privKey":"gOVRxOe3ZTqSpYqF47uWO27DbGPsFPVSR9go0fnCDHU="},"lastRemoteEphemeralKey":"Bd7P3NCeP/c/V7SH250hvlzVNGoT+tuY65NbmxPxxUQt","previousCounter":0,"rootKey":"vzo1rDJ4NjwFrRdaw6iXbwxp+yeYHMk+9lsPzZP+cvk="},"indexInfo":{"baseKey":"BUts/HFsoIGVfGEqFjBNpUznuLWtJjxhzLyWsndjUxo0","baseKeyType":1,"closed":1676800395764,"used":1676784468793,"created":1676784468793,"remoteIdentityKey":"BcFmwn5eSJSjjMS37si8Uu048W0T4IxDL1jUyVBpIHFw"},"_chains":{"BSyX8ogYvCDcBExUIqG5VxQHVEknyQeOJJ0lQ8IPiasL":{"chainKey":{"counter":0,"key":"+2mmS3S4pELtbh+51XJt3YNGuEm1giSw+CuWUDcxrus="},"chainType":1,"messageKeys":{}}},"pendingPreKey":{"signedKeyId":0,"baseKey":"BUts/HFsoIGVfGEqFjBNpUznuLWtJjxhzLyWsndjUxo0","preKeyId":9777118}},"BWjW5/GcRLqrASnJ7G/LBiAGC5ezvOQknQT2mIGCdIcT":{"registrationId":1863034450,"currentRatchet":{"ephemeralKeyPair":{"pubKey":"BdC/CSdw9RsGkbEddZzDb6TET/2Xhy/rGVZtWHWOexgI","privKey":"kMUzeQ7LTool2No/6BNfLE3DwPbFbBym5SV4X7qqTkU="},"lastRemoteEphemeralKey":"BfkZCNub+S9rFtYREfYq8yGj0e9ym51EnONwjfpwmP0x","previousCounter":0,"rootKey":"FvdVijoVJqqgG2BlMhNBjMuOjcig6SJSpHwrj39LM6U="},"indexInfo":{"baseKey":"BWjW5/GcRLqrASnJ7G/LBiAGC5ezvOQknQT2mIGCdIcT","baseKeyType":1,"closed":-1,"used":1676800395761,"created":1676800395761,"remoteIdentityKey":"Bdhat4Xmg5FvdljL4TvApX1ofCBeNZQQpeKfA52D/Kw0"},"_chains":{"BdC/CSdw9RsGkbEddZzDb6TET/2Xhy/rGVZtWHWOexgI":{"chainKey":{"counter":-1,"key":"Cd94HOs7F5A4I9AFnmHH0jmLXpSGh6JgMGI16d9YcMo="},"chainType":1,"messageKeys":{}}},"pendingPreKey":{"signedKeyId":0,"baseKey":"BWjW5/GcRLqrASnJ7G/LBiAGC5ezvOQknQT2mIGCdIcT","preKeyId":10449940}}},"version":"v1"}