{"_sessions":{"BRqDXSOJem3Cr9ErEPuWiYBj0UPK96GCwNIb5JyTK3J4":{"registrationId":102392515,"currentRatchet":{"ephemeralKeyPair":{"pubKey":"BRTwz3bmE5FqgKlxL1QfZL+TeYNi02l3VArvLdKT/GlJ","privKey":"MIPGCdHXh7Rd6pV+jRbTsqiMxXsGyDXNQOSdkV/5UGM="},"lastRemoteEphemeralKey":"BVaaAWHOK9NK0WKIK0YR1Y2JZpWI4s7gobe8aCqnBIpL","previousCounter":0,"rootKey":"d9W0fnbWUXsso2t7dLfa79MghTVK3hdfrXAERwfq1YM="},"indexInfo":{"baseKey":"BRqDXSOJem3Cr9ErEPuWiYBj0UPK96GCwNIb5JyTK3J4","baseKeyType":1,"closed":-1,"used":1676784469688,"created":1676784469688,"remoteIdentityKey":"BX1Vx9uwcvbgmSARKUcUYlr4zGumMrLWBjcGuruCIQtL"},"_chains":{"BRTwz3bmE5FqgKlxL1QfZL+TeYNi02l3VArvLdKT/GlJ":{"chainKey":{"counter":0,"key":"AhrHQFz0aganUG0/mMn5gj/gSIVrXyhTnwgJxIvugKQ="},"chainType":1,"messageKeys":{}}},"pendingPreKey":{"signedKeyId":0,"baseKey":"BRqDXSOJem3Cr9ErEPuWiYBj0UPK96GCwNIb5JyTK3J4","preKeyId":16341237}}},"version":"v1"}