{"_sessions":{"BcJWexEk+6k/vU5nhOSCWIwqHi31s0Bb+iJ67mHVS6w5":{"registrationId":2083410099,"currentRatchet":{"ephemeralKeyPair":{"pubKey":"BR4m4fzqwWj2IihaQYF27fFhWRCu3V9bw7I+Vp4IIEJo","privKey":"ODWb72wIhdC6sXbmav/Evgobj8QIhLQbu6E7tWWmyHo="},"lastRemoteEphemeralKey":"BUb0c8WuIFU1qBBfKvXcJorvhF+Cq7g0J7vOJYXq9uQn","previousCounter":0,"rootKey":"FAW7TlU4XNnv785ta7YxVFNSWHBeN/WSJC/j7h2DQkQ="},"indexInfo":{"baseKey":"BcJWexEk+6k/vU5nhOSCWIwqHi31s0Bb+iJ67mHVS6w5","baseKeyType":1,"closed":-1,"used":1676784470066,"created":1676784470066,"remoteIdentityKey":"BX/4fbZsL206gMHwu3+FAQCwZJUa9sOkzzylMuwAaSUp"},"_chains":{"BR4m4fzqwWj2IihaQYF27fFhWRCu3V9bw7I+Vp4IIEJo":{"chainKey":{"counter":0,"key":"BRMUowbzMfcvEFiAxJQximdrAlKKNLZT/raUWTwNaxI="},"chainType":1,"messageKeys":{}}},"pendingPreKey":{"signedKeyId":38,"baseKey":"BcJWexEk+6k/vU5nhOSCWIwqHi31s0Bb+iJ67mHVS6w5","preKeyId":12817999}}},"version":"v1"}