{"_sessions":{"BReQ2GDGkmwDBLqsGu3M27LVW11/OzuWawIx4lyrZTRE":{"registrationId":561282078,"currentRatchet":{"ephemeralKeyPair":{"pubKey":"BZiiS7ZJ4HyshMlUBqeyN7oVpSaJnrDxnMOuZ3j9y4Zv","privKey":"IG0MslyPAzMw7KEmRh/8Kyoal/AI6Dc9v6hoGBwlQGU="},"lastRemoteEphemeralKey":"BRIGtiYx9bzsmNFHFpcK3yTkTITwpgSEnZH7y39oL30T","previousCounter":0,"rootKey":"enzgM47q3mAyuEG6hZB8pXpooOara38I1YLPM11e08Y="},"indexInfo":{"baseKey":"BReQ2GDGkmwDBLqsGu3M27LVW11/OzuWawIx4lyrZTRE","baseKeyType":1,"closed":-1,"used":1676784469094,"created":1676784469094,"remoteIdentityKey":"BeIt/ZtA3Ru0YD+GSvIBXJy7bhCiCydWxG49Bwilf3Io"},"_chains":{"BZiiS7ZJ4HyshMlUBqeyN7oVpSaJnrDxnMOuZ3j9y4Zv":{"chainKey":{"counter":0,"key":"6nq13LaH5AuvCdBOFyFscry6VNwTjzLf1MJ4vOzTm5k="},"chainType":1,"messageKeys":{}}},"pendingPreKey":{"signedKeyId":0,"baseKey":"BReQ2GDGkmwDBLqsGu3M27LVW11/OzuWawIx4lyrZTRE","preKeyId":2235909}}},"version":"v1"}