{"_sessions":{"BdAqZEbz6tqkz37tUaNoa5UWqQpwLWyYKsxcWRuqFAoJ":{"registrationId":1590382119,"currentRatchet":{"ephemeralKeyPair":{"pubKey":"Bfx3v+FCCBZTk+SXcO7QFmObpZ0aBA5nt+OPdZjB9qBK","privKey":"CLVXb82v0YshLk+z0BN+xmNdB/SdFFaa3hXQLpAd32I="},"lastRemoteEphemeralKey":"BWOhmGJQJZmeETqGPmo/WJXU0/lHQFYJTMHL3fjQGk9X","previousCounter":0,"rootKey":"QyIKPAR8GzobqlQeaXofGcruZUswWPbfqxDkshEpapM="},"indexInfo":{"baseKey":"BdAqZEbz6tqkz37tUaNoa5UWqQpwLWyYKsxcWRuqFAoJ","baseKeyType":1,"closed":-1,"used":1676784469086,"created":1676784469086,"remoteIdentityKey":"Be0wY4yQbRHVodC8345FKpTfNt5MCoODyytTErxheXYl"},"_chains":{"Bfx3v+FCCBZTk+SXcO7QFmObpZ0aBA5nt+OPdZjB9qBK":{"chainKey":{"counter":0,"key":"RpatAKsj3Esvk4hhWDlezXS5GeonLhV6D2200VQc5TE="},"chainType":1,"messageKeys":{}}},"pendingPreKey":{"signedKeyId":12,"baseKey":"BdAqZEbz6tqkz37tUaNoa5UWqQpwLWyYKsxcWRuqFAoJ","preKeyId":13969425}}},"version":"v1"}