{"_sessions":{"BaUWQM4amPxhJ3oTfF2vBYgCQjQXzxtBieVvbe4RZ0JX":{"registrationId":942528180,"currentRatchet":{"ephemeralKeyPair":{"pubKey":"BajOrmW1m04Y0fY8Obq4zu0vHWeJVyQClwWGlzpNqT0I","privKey":"ADiSerzJhIcF5Zw15bcFYPtMTIkwwlqrDZ6bZVWbG1U="},"lastRemoteEphemeralKey":"BSJ4yOey4E44O8VXJ01TinsLBm066dhDa8qTyJE6AWF7","previousCounter":0,"rootKey":"DA3HyLq+FLKFEWlDsoDU/o2KLvLoOAvgecnxm29AaKU="},"indexInfo":{"baseKey":"BaUWQM4amPxhJ3oTfF2vBYgCQjQXzxtBieVvbe4RZ0JX","baseKeyType":1,"closed":-1,"used":1676784468870,"created":1676784468870,"remoteIdentityKey":"BYJsfeGmXUAuz3Bmrh4W80S4SwA+bkm3H/ehtDH3F1tx"},"_chains":{"BajOrmW1m04Y0fY8Obq4zu0vHWeJVyQClwWGlzpNqT0I":{"chainKey":{"counter":0,"key":"nrh+PE+Hqsxfbsoc2ICjiszcKw1L238dX/c35Hs2+Sc="},"chainType":1,"messageKeys":{}}},"pendingPreKey":{"signedKeyId":0,"baseKey":"BaUWQM4amPxhJ3oTfF2vBYgCQjQXzxtBieVvbe4RZ0JX"}}},"version":"v1"}