{"_sessions":{"BVXfLwsUBpIi490X7Lzm5BNDw313FMungVwQQ/hTZ99s":{"registrationId":214,"currentRatchet":{"ephemeralKeyPair":{"pubKey":"BZohZIrqllAViKa8r0OqkmEE664l6pybtCRLZ0VTmb5J","privKey":"kD6PMwswF+PkLUNX70cmcOH0aXB/Uhj1ZMwKcsF6KU4="},"lastRemoteEphemeralKey":"BTwZSZh+AzfcAWfZqqxbm6eVdGzdAwYZZEN2eHwztcs4","previousCounter":0,"rootKey":"YjsAhhCUVQZ7uCqUXzSo+hrZPHN4HLRXANcwHbompPM="},"indexInfo":{"baseKey":"BVXfLwsUBpIi490X7Lzm5BNDw313FMungVwQQ/hTZ99s","baseKeyType":1,"closed":-1,"used":1676784468136,"created":1676784468136,"remoteIdentityKey":"BUCxwbOvZLga9NcGiWDZwB4KMR4XYIMkm8doaoDW0Tsq"},"_chains":{"BZohZIrqllAViKa8r0OqkmEE664l6pybtCRLZ0VTmb5J":{"chainKey":{"counter":0,"key":"3MXCP4TG8jDBHHJTQHkdMzCsEawPKFRzykX0fWB2Txg="},"chainType":1,"messageKeys":{}}},"pendingPreKey":{"signedKeyId":1,"baseKey":"BVXfLwsUBpIi490X7Lzm5BNDw313FMungVwQQ/hTZ99s"}}},"version":"v1"}