{"_sessions":{"Baehu95SLK7Yh/yLNxxN4t2xOv1Apa9BDSdwkB/eDlhJ":{"registrationId":1019913788,"currentRatchet":{"ephemeralKeyPair":{"pubKey":"BeDXv81fsh0l59yx74HmdxbNTWTgEmq5vT7irV/z0t9U","privKey":"aKgcyvUqZnVyLbxoJE6R8aySYO/MQQdWBTVcK3zChWY="},"lastRemoteEphemeralKey":"BRNnf7DEiHVl6bDWQOaFyz8xgFTB/G370YdiUX+FcwIj","previousCounter":0,"rootKey":"woEyMGT7euSvt+oAtMANqPiWY+LbsH+26WNVZ0zQCGk="},"indexInfo":{"baseKey":"Baehu95SLK7Yh/yLNxxN4t2xOv1Apa9BDSdwkB/eDlhJ","baseKeyType":1,"closed":-1,"used":1676784468673,"created":1676784468673,"remoteIdentityKey":"BcdCWVa8MebtN/2ehsFnMc54A7Xd5mdLM9fdGSHgwmcC"},"_chains":{"BeDXv81fsh0l59yx74HmdxbNTWTgEmq5vT7irV/z0t9U":{"chainKey":{"counter":0,"key":"jj0siw+N/7/UmsXRugmpNPbREb5Ut7vCsNGP37pWFgc="},"chainType":1,"messageKeys":{}}},"pendingPreKey":{"signedKeyId":23,"baseKey":"Baehu95SLK7Yh/yLNxxN4t2xOv1Apa9BDSdwkB/eDlhJ"}}},"version":"v1"}