{"_sessions":{"BfACkmLvE4K2sHK1R10iJ16uSj+nfdQT5qpSMLFApGYx":{"registrationId":1486140980,"currentRatchet":{"ephemeralKeyPair":{"pubKey":"BYKbHbRMpFCIC+oCIeyZLQG137GwzQ/4jiveiOJMcKMc","privKey":"qDEsJCVV9t8gX5s6gxRc+QM1YFEa22X0W+2d/UANWns="},"lastRemoteEphemeralKey":"Ba6wr99cySk8O806rE5I/rgYaI+94rIgpO5OSkGok3t5","previousCounter":0,"rootKey":"sdcTsCuj77N11avrvcNkoc7/oVARKUXUetHhYyzXhyY="},"indexInfo":{"baseKey":"BfACkmLvE4K2sHK1R10iJ16uSj+nfdQT5qpSMLFApGYx","baseKeyType":1,"closed":-1,"used":1676784468483,"created":1676784468483,"remoteIdentityKey":"BWZxsOGXyQ396+LbZSwHSW1AUEqq7CBk2KNlO6kjLCcb"},"_chains":{"BYKbHbRMpFCIC+oCIeyZLQG137GwzQ/4jiveiOJMcKMc":{"chainKey":{"counter":0,"key":"ZKxVZTtKDeHLe5AvFZ9QkgnCG0bq8EyO9m1Oj9fllQg="},"chainType":1,"messageKeys":{}}},"pendingPreKey":{"signedKeyId":0,"baseKey":"BfACkmLvE4K2sHK1R10iJ16uSj+nfdQT5qpSMLFApGYx"}}},"version":"v1"}