{"_sessions":{"BRE14Ob0K3zSETLlZOkeKoKK5rBhXNA0LTC8tEQv+pBZ":{"registrationId":1063410661,"currentRatchet":{"ephemeralKeyPair":{"pubKey":"Bcx4r4Fq5lyDSfVQkhWs+PglHkyTWguJ/prfJy51+J0P","privKey":"CCHQ/C9De04y24G/APjQ1KSLbIkyt0SLFQ0SigXwk1I="},"lastRemoteEphemeralKey":"BbRsr7D9zmCknDQW2zEr3Tud6nZGg+7xAmNFyfIcTB89","previousCounter":0,"rootKey":"g7exLNuiIUWb+YJj4/9R9s/DsKUlE0Zs+s4CMEO4D/g="},"indexInfo":{"baseKey":"BRE14Ob0K3zSETLlZOkeKoKK5rBhXNA0LTC8tEQv+pBZ","baseKeyType":1,"closed":-1,"used":1676784468458,"created":1676784468458,"remoteIdentityKey":"Be0q85Xr1lmxA4TkXvdT/lgO3P+/ujqnzqPYuuDTAFZL"},"_chains":{"Bcx4r4Fq5lyDSfVQkhWs+PglHkyTWguJ/prfJy51+J0P":{"chainKey":{"counter":0,"key":"fkIZvOnPZ6QqQU6R8nHM42+HVGF1RoonhJoGfvLWZ4U="},"chainType":1,"messageKeys":{}}},"pendingPreKey":{"signedKeyId":0,"baseKey":"BRE14Ob0K3zSETLlZOkeKoKK5rBhXNA0LTC8tEQv+pBZ","preKeyId":16183252}}},"version":"v1"}