{"_sessions":{"BXiYfR89s9h7+1JND951zssuv333Ng+Xc12hs9cImX0/":{"registrationId":1489345551,"currentRatchet":{"ephemeralKeyPair":{"pubKey":"Ba3bF63pS1mFyW7kN2Fycjn1B0bfgCQl/fnw3v4D4UBa","privKey":"8E4Eqittic7JFPGXmnvyfEkPfkxtGk9rwbu0vwaUp1c="},"lastRemoteEphemeralKey":"BbX6Maxz07JJXpoaHOaeDcZ7wYTYwzteK42J1Dl4PrU6","previousCounter":0,"rootKey":"72oYnrEtiTOxg714iR8Y00OjOrK9ekGbs4Cyu4WCgPk="},"indexInfo":{"baseKey":"BXiYfR89s9h7+1JND951zssuv333Ng+Xc12hs9cImX0/","baseKeyType":1,"closed":-1,"used":1676784470168,"created":1676784470168,"remoteIdentityKey":"BTG6O3RBJcqISa4Oz4cfbpD9dU40SzFBmfxePurrDJs/"},"_chains":{"Ba3bF63pS1mFyW7kN2Fycjn1B0bfgCQl/fnw3v4D4UBa":{"chainKey":{"counter":0,"key":"rz99jltfeVkolr2oGLG18HPm9rqES6ZFJ+m8CmKlhis="},"chainType":1,"messageKeys":{}}},"pendingPreKey":{"signedKeyId":1,"baseKey":"BXiYfR89s9h7+1JND951zssuv333Ng+Xc12hs9cImX0/","preKeyId":3843776}}},"version":"v1"}