{"_sessions":{"BVEKChOUi1hWyY4TqJHAL0/Qa2JRzK2/JSJLeKe9CT0m":{"registrationId":1424220731,"currentRatchet":{"ephemeralKeyPair":{"pubKey":"BQKJc3ithQAL6SF2ZgYtu6phRppKI+SZupMbPZhfJRk9","privKey":"sH1HijYAWXn3F44v6DMHYXznC5qqEmIlL79TjtTLVlw="},"lastRemoteEphemeralKey":"BYxKsR01tp0dFYPI8pSCb7z9/dpkK5LvJCtiUCT6vsZi","previousCounter":0,"rootKey":"Ti1yZWccc1P47QsCTsCKRPBo6jxKKFQD0wBrthVHu0k="},"indexInfo":{"baseKey":"BVEKChOUi1hWyY4TqJHAL0/Qa2JRzK2/JSJLeKe9CT0m","baseKeyType":1,"closed":-1,"used":1676784470147,"created":1676784470147,"remoteIdentityKey":"BSlFB8aTeYdzlA7boTIhtp0UbgNpm82D+5H/mfA7644Y"},"_chains":{"BQKJc3ithQAL6SF2ZgYtu6phRppKI+SZupMbPZhfJRk9":{"chainKey":{"counter":0,"key":"WX9pTh2ru60+07HeykrxLfw5NC3wVRM9Q9yt1S3TPDA="},"chainType":1,"messageKeys":{}}},"pendingPreKey":{"signedKeyId":0,"baseKey":"BVEKChOUi1hWyY4TqJHAL0/Qa2JRzK2/JSJLeKe9CT0m","preKeyId":203654}}},"version":"v1"}