{"_sessions":{"BfcLmkUVm8AQLAjCu8OGhaDHc10npqlzjLwRSCD7m8pY":{"registrationId":716880331,"currentRatchet":{"ephemeralKeyPair":{"pubKey":"BakEoD7OFN3zEuQPt2yvg/8Bj+usaZN26wHPMXkO5HR6","privKey":"UE9lIAyypxxpBM0eREjGgPOk3bv4JCSYW5+i6v/aMnk="},"lastRemoteEphemeralKey":"Bd3tCtFZmCbKAVa7OMKrAdlbfcOLHf5W2RB2/y/i2H4j","previousCounter":0,"rootKey":"L4Rk4oJ+bIebo00rWKkJLIdzIweYdoHIcRxpgGrVov4="},"indexInfo":{"baseKey":"BfcLmkUVm8AQLAjCu8OGhaDHc10npqlzjLwRSCD7m8pY","baseKeyType":1,"closed":-1,"used":1676784469667,"created":1676784469667,"remoteIdentityKey":"BZlFhXKEuraTkRJha5pe3ocTqQd/IgbeCvbiP5D9Tns9"},"_chains":{"BakEoD7OFN3zEuQPt2yvg/8Bj+usaZN26wHPMXkO5HR6":{"chainKey":{"counter":0,"key":"dFMqFpGw/6LdKt4SximuXtoyLvJ0gigtl9xC67qxMLg="},"chainType":1,"messageKeys":{}}},"pendingPreKey":{"signedKeyId":7,"baseKey":"BfcLmkUVm8AQLAjCu8OGhaDHc10npqlzjLwRSCD7m8pY","preKeyId":7873319}}},"version":"v1"}