{"_sessions":{"BcPMsgDjn379k+bQGkHjIpFROiyXrJChBQtuLSXgCmY2":{"registrationId":408709392,"currentRatchet":{"ephemeralKeyPair":{"pubKey":"BYirY+jCRHKymN6tlddmIz34BnQz6j4EUnFrlBCqRt0y","privKey":"4KHjKhz5T2vcOkXsVFafYY9DF7V3Og8IIU/V6SU9R3c="},"lastRemoteEphemeralKey":"BeAzaZQMLGU89qhsP1GlO93rIWfqIoAxy1LOZzg+5lBO","previousCounter":0,"rootKey":"YYhjQH+beOTIVObusZnMJZ38S3UIMhhBHxlUtTxk2qg="},"indexInfo":{"baseKey":"BcPMsgDjn379k+bQGkHjIpFROiyXrJChBQtuLSXgCmY2","baseKeyType":1,"closed":-1,"used":1676784469700,"created":1676784469700,"remoteIdentityKey":"BRPwCw3oelvK8lSbOCCWmAp6rDIFe9HZ6/7vdcsX6rkl"},"_chains":{"BYirY+jCRHKymN6tlddmIz34BnQz6j4EUnFrlBCqRt0y":{"chainKey":{"counter":0,"key":"U5XbtIqO+O3tBBNyGLpo3wYuGvfdsXaM1EoaHdKUTpM="},"chainType":1,"messageKeys":{}}},"pendingPreKey":{"signedKeyId":1,"baseKey":"BcPMsgDjn379k+bQGkHjIpFROiyXrJChBQtuLSXgCmY2","preKeyId":4666043}}},"version":"v1"}