{"_sessions":{"BWc9sIpaDm+OvFcrTAgwi4pSc4os/lpv4UJ89LtWAoV7":{"registrationId":760679572,"currentRatchet":{"ephemeralKeyPair":{"pubKey":"BXjugYyVK55J/33E7H7cptBwNaayKbVE6SAHoun64SIM","privKey":"MKeiPzrmHBH5gc6EjUkN8Z7mNOGqAIu+QskNpBelzkQ="},"lastRemoteEphemeralKey":"Bdj7ZK9alfTA+58PXVYLVvXbdLDkL0qv4hNJgGjwsf9W","previousCounter":0,"rootKey":"bKpp81Fnm125+LH54Hb1pZt98XmLmxGUL2UN3isqYTQ="},"indexInfo":{"baseKey":"BWc9sIpaDm+OvFcrTAgwi4pSc4os/lpv4UJ89LtWAoV7","baseKeyType":1,"closed":-1,"used":1676784470397,"created":1676784470397,"remoteIdentityKey":"BbCJQ6aSGJ5Ufeo8dfx2wsJMAwS/q3T6QrgD/46cPrdt"},"_chains":{"BXjugYyVK55J/33E7H7cptBwNaayKbVE6SAHoun64SIM":{"chainKey":{"counter":0,"key":"SMENyKEgn5fFlLRcl3nuQT3h8FweQSwi6SGEZlB8vJY="},"chainType":1,"messageKeys":{}}},"pendingPreKey":{"signedKeyId":2,"baseKey":"BWc9sIpaDm+OvFcrTAgwi4pSc4os/lpv4UJ89LtWAoV7"}}},"version":"v1"}