{"_sessions":{"BQN192VOu7E+gPvTlWpLFKUU0Fs5BdgPLJni7mXWDiB+":{"registrationId":47,"currentRatchet":{"ephemeralKeyPair":{"pubKey":"BUZIlvCiA68qB9rIFbApqRI6bXvblQApvziCyrkU1mc8","privKey":"aENE6V/2+eVclttzae5oOvgoSJVsSRIc/HTsW/bYNX4="},"lastRemoteEphemeralKey":"BeOXElYtnnPIsUAhWwLebiNKT1MCPeDn9XeXJom2MPUt","previousCounter":0,"rootKey":"B3a2P8zUPNz7OjkeqPIqe9jZb9lM8tsbYBpyRwK3WfY="},"indexInfo":{"baseKey":"BQN192VOu7E+gPvTlWpLFKUU0Fs5BdgPLJni7mXWDiB+","baseKeyType":1,"closed":-1,"used":1676784468298,"created":1676784468298,"remoteIdentityKey":"BYTu8gOfLRt+usKaVHgXsfzYoIDjnEbVStiqUE1QJb56"},"_chains":{"BUZIlvCiA68qB9rIFbApqRI6bXvblQApvziCyrkU1mc8":{"chainKey":{"counter":0,"key":"SuDiLeQt6QvAjRA/F+nfrnrYDs6OF11tovy6p3ScaEM="},"chainType":1,"messageKeys":{}}},"pendingPreKey":{"signedKeyId":1,"baseKey":"BQN192VOu7E+gPvTlWpLFKUU0Fs5BdgPLJni7mXWDiB+"}}},"version":"v1"}