{"_sessions":{"BdIo+G73teYbw0AjJl+Q6c70IZgyyZkK+7nowZVS1zEk":{"registrationId":2127252139,"currentRatchet":{"ephemeralKeyPair":{"pubKey":"BXRoDbKwFsYHUNeOzekpWn+pz85hpI/ZFp6F+lxgW8M1","privKey":"6Gu/6nNmnYXfIDwPZweEo/w/JZgdPfbaJd7U0ET5N14="},"lastRemoteEphemeralKey":"BYJHclmfuDb6Nu6PPa25JNr5D+bAlQbJdpQfxeZkcOE1","previousCounter":0,"rootKey":"kyFew3CCywTKdCsULRWothIp5kVwL0ok0iqlIA7F7w8="},"indexInfo":{"baseKey":"BdIo+G73teYbw0AjJl+Q6c70IZgyyZkK+7nowZVS1zEk","baseKeyType":1,"closed":-1,"used":1676784469230,"created":1676784469230,"remoteIdentityKey":"BeTwOSstMd6InQv/G7ID9LinpPu8IioYhENdZjDfMt9K"},"_chains":{"BXRoDbKwFsYHUNeOzekpWn+pz85hpI/ZFp6F+lxgW8M1":{"chainKey":{"counter":0,"key":"Fl4TzBbr3Kz9fEbLGQ8o+OLAIyz6ZJ2yN8OCwsK8LNA="},"chainType":1,"messageKeys":{}}},"pendingPreKey":{"signedKeyId":1,"baseKey":"BdIo+G73teYbw0AjJl+Q6c70IZgyyZkK+7nowZVS1zEk","preKeyId":16617442}}},"version":"v1"}