{"_sessions":{"BQOz6fb0/UaZDz6kWMK5RKXJDjYs4I5s9Da2T/fTDQVr":{"registrationId":1258543900,"currentRatchet":{"ephemeralKeyPair":{"pubKey":"BW/8O0D7ixMIlR3ANQGdemrAUjVlksY/kTIdNp35oVJf","privKey":"aGznWWJBRqQcTOmD0ljLWE8AbUz4YkQY1r5l49YiBU8="},"lastRemoteEphemeralKey":"BQOiEb8vYPnH9XPozOGPYoHk+K+F00gVOIuJ+Mek61oO","previousCounter":0,"rootKey":"yOXpzs+T5+FFAYhhzQgxB7tsD4fdAqXRdzV5af3IJuo="},"indexInfo":{"baseKey":"BQOz6fb0/UaZDz6kWMK5RKXJDjYs4I5s9Da2T/fTDQVr","baseKeyType":1,"closed":-1,"used":1676784468737,"created":1676784468737,"remoteIdentityKey":"BVK+QGZskY2gb74xuQc4bkLuF8LXbj7pk4VdaaRZGO8P"},"_chains":{"BW/8O0D7ixMIlR3ANQGdemrAUjVlksY/kTIdNp35oVJf":{"chainKey":{"counter":0,"key":"aaBlwmieI5v9dm58BYjc/fe79xlP65tX8UtOuQPhxEM="},"chainType":1,"messageKeys":{}}},"pendingPreKey":{"signedKeyId":0,"baseKey":"BQOz6fb0/UaZDz6kWMK5RKXJDjYs4I5s9Da2T/fTDQVr","preKeyId":7050213}}},"version":"v1"}