{"_sessions":{"BWnfD0SpG/GD58jPqtF/Ir8CFEpDbVeGhWqhH6vZsOJV":{"registrationId":2077233917,"currentRatchet":{"ephemeralKeyPair":{"pubKey":"BbOVTdmE1R7nMXm0P1LIDyn+enPipiYaXPNvqbP2zTM+","privKey":"MLl6TkCzlOz80lNTdCHz92au4pAMzdYegFliySMh4kY="},"lastRemoteEphemeralKey":"BcU6TQY3Fc1UFD148VW64TrpThQI0czQ0GKZtViQPnsU","previousCounter":0,"rootKey":"QMclTQAJa5hjq4X6MKDFeCyAWyEnU9nt2Yw4MjVI5BI="},"indexInfo":{"baseKey":"BWnfD0SpG/GD58jPqtF/Ir8CFEpDbVeGhWqhH6vZsOJV","baseKeyType":1,"closed":-1,"used":1676784470345,"created":1676784470345,"remoteIdentityKey":"BSHsAJO0/84L3mX8zjDncVPAU0OdQn4gycmFwGPzXEU/"},"_chains":{"BbOVTdmE1R7nMXm0P1LIDyn+enPipiYaXPNvqbP2zTM+":{"chainKey":{"counter":0,"key":"/7CeF6LdXK+XNP+hjFN+TztIiYy0OUz6LB1WZJfZH8E="},"chainType":1,"messageKeys":{}}},"pendingPreKey":{"signedKeyId":0,"baseKey":"BWnfD0SpG/GD58jPqtF/Ir8CFEpDbVeGhWqhH6vZsOJV","preKeyId":3409295}}},"version":"v1"}