{"_sessions":{"BYQvdiuH0R7JoqIM8e6ZCoDT+6wOyFwTFYKdvS5UjzoV":{"registrationId":1232983882,"currentRatchet":{"ephemeralKeyPair":{"pubKey":"BU2z5NoieCYYo9OnhxwGDxULkS1BtKPYlFC27BIuL3cq","privKey":"yJsMGpwdo0wb7yA9n6t33QDDxMXhkA3XwuzzuldsW3I="},"lastRemoteEphemeralKey":"Bfd2Xq1dAaDCXQqGPZExI3rHyLCzWfKWBmfYWgiWihww","previousCounter":0,"rootKey":"Hb8TbfSVf8PNK5YAhNETjoWMNwAxdf+Z/jDdn4K7piA="},"indexInfo":{"baseKey":"BYQvdiuH0R7JoqIM8e6ZCoDT+6wOyFwTFYKdvS5UjzoV","baseKeyType":1,"closed":-1,"used":1676784469175,"created":1676784469175,"remoteIdentityKey":"Bdi7uLknh0ynOZ3RGYTceZmrZtWS73Q9SUZLJEmtaiVg"},"_chains":{"BU2z5NoieCYYo9OnhxwGDxULkS1BtKPYlFC27BIuL3cq":{"chainKey":{"counter":0,"key":"PoFy8vIL64yy+h6vxhMe7kH7I3txQsdGtOxBwZOO6jM="},"chainType":1,"messageKeys":{}}},"pendingPreKey":{"signedKeyId":0,"baseKey":"BYQvdiuH0R7JoqIM8e6ZCoDT+6wOyFwTFYKdvS5UjzoV","preKeyId":14726075}}},"version":"v1"}