{"_sessions":{"BVGZxG+gwHWyPoNN3ioFsn5z9OrdW2oCiuRKZf2ZsW9u":{"registrationId":813173273,"currentRatchet":{"ephemeralKeyPair":{"pubKey":"BcSJSWaysw8RHzvySW+I9dWLWOUNzRxFH4usd+J/TnQv","privKey":"mO7s1o7nPBepaGmiAQIjM/o3Jd1mnEKvg22KrbPVLWA="},"lastRemoteEphemeralKey":"BVzfh7j7vRuX7f0vOOYAVJHJMF3wFtSS0MGO9aBTaLVs","previousCounter":0,"rootKey":"OKp3v/FQHaDHWU872WqUurNjJDjde3kbcX76DUO8s+Y="},"indexInfo":{"baseKey":"BVGZxG+gwHWyPoNN3ioFsn5z9OrdW2oCiuRKZf2ZsW9u","baseKeyType":1,"closed":-1,"used":1676784468877,"created":1676784468877,"remoteIdentityKey":"BUc0PrmYml+r68wu9Q9KzVnYqXS/a4ZKc8fEPEwkvtsH"},"_chains":{"BcSJSWaysw8RHzvySW+I9dWLWOUNzRxFH4usd+J/TnQv":{"chainKey":{"counter":0,"key":"yo2XdOSshkKyQkuCedhiNDYZFoFIpBzy7nHisHGEI7Y="},"chainType":1,"messageKeys":{}}},"pendingPreKey":{"signedKeyId":0,"baseKey":"BVGZxG+gwHWyPoNN3ioFsn5z9OrdW2oCiuRKZf2ZsW9u","preKeyId":295478}}},"version":"v1"}