{"_sessions":{"BawQcHLYpBFloLKvZpN5dJUMwOGTI+Kw3aBlIPQ7Ryx8":{"registrationId":1763828843,"currentRatchet":{"ephemeralKeyPair":{"pubKey":"BdCawMW3Se7jrkhaDASLe+4f0+DFaMQCNbnxXjZd7KJG","privKey":"mBiyIGitSH5l0bRoipqB74Z4R5yEldOFDs9EXOt62Xg="},"lastRemoteEphemeralKey":"BcCg4yr5QcTl7QtLi35AqXuLzyHgsTZhi8wqfxn46fBE","previousCounter":0,"rootKey":"j98s391E8Hm+6CxbgP7bPdquOHR1VZ2KC+CJr7aeECo="},"indexInfo":{"baseKey":"BawQcHLYpBFloLKvZpN5dJUMwOGTI+Kw3aBlIPQ7Ryx8","baseKeyType":1,"closed":-1,"used":1676784469254,"created":1676784469254,"remoteIdentityKey":"BT7QFzVbNthdgskqVXqUr2A7Y+gjXfA/DcX8mI8xpNYc"},"_chains":{"BdCawMW3Se7jrkhaDASLe+4f0+DFaMQCNbnxXjZd7KJG":{"chainKey":{"counter":0,"key":"b0nUDHPeQ4wsc2t7annd3Kdg+l1EdSmwnvhGVpeJ31k="},"chainType":1,"messageKeys":{}}},"pendingPreKey":{"signedKeyId":1,"baseKey":"BawQcHLYpBFloLKvZpN5dJUMwOGTI+Kw3aBlIPQ7Ryx8","preKeyId":3816379}}},"version":"v1"}