{"_sessions":{"BXsCsxEqZLP7EPcEdFxtM1w1X7kE0nYN4AS2KogJip03":{"registrationId":168,"currentRatchet":{"ephemeralKeyPair":{"pubKey":"BZSSsjy49xaeerTMzk0sXzFtHgFZRViVRnxJ8shnELUT","privKey":"wJG054htDeYUwdbqUifoj/c8OXwfOoYE98wwWPhs30c="},"lastRemoteEphemeralKey":"BUUt77Y3fC4mjpuplCvf79tXloIzWDifufsj3602qYB4","previousCounter":0,"rootKey":"mSs/saAahRBIDCwBgZFsxfqcNy4r+crQS48ws215d1Q="},"indexInfo":{"baseKey":"BXsCsxEqZLP7EPcEdFxtM1w1X7kE0nYN4AS2KogJip03","baseKeyType":1,"closed":-1,"used":1676784468258,"created":1676784468258,"remoteIdentityKey":"BZMXSfux1/Suy608xFnZQY4p3SkQQux6Mjmmaox0rcEe"},"_chains":{"BZSSsjy49xaeerTMzk0sXzFtHgFZRViVRnxJ8shnELUT":{"chainKey":{"counter":0,"key":"Vzd6D5VF+hXQOlisBmOKCmaPan2L6R7L3nJFQipZZMw="},"chainType":1,"messageKeys":{}}},"pendingPreKey":{"signedKeyId":1,"baseKey":"BXsCsxEqZLP7EPcEdFxtM1w1X7kE0nYN4AS2KogJip03"}}},"version":"v1"}