{"_sessions":{"BYlc8kQrecftZJ92nDBVnxhNy9BTMP0XjYbvOaIkXA58":{"registrationId":732375551,"currentRatchet":{"ephemeralKeyPair":{"pubKey":"BcR3FKR7sWuLCHmLh8G2JZzJnGTsaQKGO9mZj3eJJf8m","privKey":"YNteVwpYhtqk6rir9lP6dkT7MJwzcbR+tBd0z3Xnv3E="},"lastRemoteEphemeralKey":"BR3oaewqfV+I+LMunOkuGYjXnTOeM0uJL/waPFx+O5B3","previousCounter":0,"rootKey":"PZ8GZRtWp9cWQj+PNoTPYw3QqD0WJXCEIwXjoI9MsdA="},"indexInfo":{"baseKey":"BYlc8kQrecftZJ92nDBVnxhNy9BTMP0XjYbvOaIkXA58","baseKeyType":1,"closed":-1,"used":1676784469395,"created":1676784469395,"remoteIdentityKey":"BbM8LP/VAjlHd26BrTR7lEs4qPaI/Z0k6O10/9b+cVgV"},"_chains":{"BcR3FKR7sWuLCHmLh8G2JZzJnGTsaQKGO9mZj3eJJf8m":{"chainKey":{"counter":0,"key":"D50EAFvSfZNPmXWPYlC2L/jxwqoibPUivOyIGmucGvk="},"chainType":1,"messageKeys":{}}},"pendingPreKey":{"signedKeyId":1,"baseKey":"BYlc8kQrecftZJ92nDBVnxhNy9BTMP0XjYbvOaIkXA58","preKeyId":15213400}}},"version":"v1"}