{"_sessions":{"BRQXpI6pwLiJcIvyIeaseQnsnSIiHGKuubHyjVJ+CnFy":{"registrationId":2097880090,"currentRatchet":{"ephemeralKeyPair":{"pubKey":"BdHt+5eGYtnxiwcmwVkM1nKtKbB9GOlZ+H9E7+rAC9sw","privKey":"2D1L9bjpkp0jzWk/24qJQzsP1r2jyw0glMnfJfaHCkM="},"lastRemoteEphemeralKey":"BRcecO9SwCCBiTD08nghF+Mcv2ZtXfwXs786mZhLTjhC","previousCounter":0,"rootKey":"WLDM0ZtLxYihZDT8jU5Q+uTpAsom57QXJWGMqibcsm8="},"indexInfo":{"baseKey":"BRQXpI6pwLiJcIvyIeaseQnsnSIiHGKuubHyjVJ+CnFy","baseKeyType":1,"closed":-1,"used":1676784470208,"created":1676784470208,"remoteIdentityKey":"Bbu4Hp9N6YGF/SncWLZgSJKW+K6Dsjc2fnzEsUad6LII"},"_chains":{"BdHt+5eGYtnxiwcmwVkM1nKtKbB9GOlZ+H9E7+rAC9sw":{"chainKey":{"counter":0,"key":"ukoGs9YBE8xNnLyevVE06YJaWMcR55DDWVpFH1sTLzA="},"chainType":1,"messageKeys":{}}},"pendingPreKey":{"signedKeyId":0,"baseKey":"BRQXpI6pwLiJcIvyIeaseQnsnSIiHGKuubHyjVJ+CnFy"}}},"version":"v1"}