{"_sessions":{"BbszHMP66oK7xDamTq3OxVOGEDao7Cu3CQyB5OFwJ/kl":{"registrationId":145469404,"currentRatchet":{"ephemeralKeyPair":{"pubKey":"BYR1CmWfU+fCOgHSdo2ket0hi8LbcrnoTTKlw8HyEfo3","privKey":"gBWVkUn7K4oM6CCVm5x+v1rFQqPJQUUV3FH/KRfl124="},"lastRemoteEphemeralKey":"BZRWcvWjXDyjf43z0vsx3m3wcspKWMUQ6M+nao6YIvRr","previousCounter":0,"rootKey":"xQHMCPEKNtrOnoxD5PB1ROqq7WOrbh3o1khvtDFWcaQ="},"indexInfo":{"baseKey":"BbszHMP66oK7xDamTq3OxVOGEDao7Cu3CQyB5OFwJ/kl","baseKeyType":1,"closed":-1,"used":1676784468960,"created":1676784468960,"remoteIdentityKey":"BcwyIgTWdk94OJK0oS0KDaFyWzudkuWiFJvc1z7WxSZ5"},"_chains":{"BYR1CmWfU+fCOgHSdo2ket0hi8LbcrnoTTKlw8HyEfo3":{"chainKey":{"counter":0,"key":"Wv1HkManmhJPyMOrAVMLCUux7gurzNTRf1NkXckkRZQ="},"chainType":1,"messageKeys":{}}},"pendingPreKey":{"signedKeyId":0,"baseKey":"BbszHMP66oK7xDamTq3OxVOGEDao7Cu3CQyB5OFwJ/kl","preKeyId":14307537}}},"version":"v1"}