{"_sessions":{"BZMiTDG0Wc0zIjbvviUTzYVau/Tyn0oP38IVh/LAIegf":{"registrationId":1971109476,"currentRatchet":{"ephemeralKeyPair":{"pubKey":"BXZs10MwH7nQsmYopOv9IuQpLOv8fjYjXXT7vOo3kKEC","privKey":"+BkGnNC+owS6LZ1T1ftc6iNrgRJ9r4sJ3Qg99b9UGUM="},"lastRemoteEphemeralKey":"BXtrm8d30562ww21w6utkUSIBwrr4aTH+pwopmvkBhoK","previousCounter":0,"rootKey":"Xg0zSr2rEEaKyHWUDuLnbGmfHYAAAv+gXFaOQ7b7f5A="},"indexInfo":{"baseKey":"BZMiTDG0Wc0zIjbvviUTzYVau/Tyn0oP38IVh/LAIegf","baseKeyType":1,"closed":-1,"used":1676784470414,"created":1676784470414,"remoteIdentityKey":"BWdtkHNXAcPa7xUlzlofMoPjOcz5vHLYxKpcABuzPLlg"},"_chains":{"BXZs10MwH7nQsmYopOv9IuQpLOv8fjYjXXT7vOo3kKEC":{"chainKey":{"counter":0,"key":"04FUnVYDrHAqpw8+/qcIsm4yqlqDiV2Foeu4VisYtB4="},"chainType":1,"messageKeys":{}}},"pendingPreKey":{"signedKeyId":0,"baseKey":"BZMiTDG0Wc0zIjbvviUTzYVau/Tyn0oP38IVh/LAIegf"}}},"version":"v1"}