{"_sessions":{"BayWy63eKye13ZNE1TMYCRfoK7wHT17ptxVTtZvt8R5h":{"registrationId":1697805599,"currentRatchet":{"ephemeralKeyPair":{"pubKey":"BT7I+/gj/QD+AoABf1EB908ym3wqIWx8L4z+Jm558mB8","privKey":"YGGJk0NBhHF9cMt1pCXC7LUCivqeiop6mjcLLlWOwkY="},"lastRemoteEphemeralKey":"BWya8lfD/WvI06X/gB8eFDYXdpP6dvtgQEydj8MYcZME","previousCounter":0,"rootKey":"B+CvcdNSNqcCmRQjwniLN+ySqz2HIcXG7ILIhy23Wh0="},"indexInfo":{"baseKey":"BayWy63eKye13ZNE1TMYCRfoK7wHT17ptxVTtZvt8R5h","baseKeyType":1,"closed":-1,"used":1676784469636,"created":1676784469636,"remoteIdentityKey":"BeO57NbHWeYXZ+v95gmV8T68ihsNDz6A4I4X8B4RpUkS"},"_chains":{"BT7I+/gj/QD+AoABf1EB908ym3wqIWx8L4z+Jm558mB8":{"chainKey":{"counter":0,"key":"OM13iHbwu+5/vO0rKVavSPkC6wd9CN6bpv5bWzf4/Nw="},"chainType":1,"messageKeys":{}}},"pendingPreKey":{"signedKeyId":0,"baseKey":"BayWy63eKye13ZNE1TMYCRfoK7wHT17ptxVTtZvt8R5h","preKeyId":16738725}}},"version":"v1"}