{"_sessions":{"BXsb0StOWkGqWfk0BFRLoMH+tVcoftzx58qPkiyK/TYJ":{"registrationId":10014,"currentRatchet":{"ephemeralKeyPair":{"pubKey":"BdJAK2HUv1TmcyZT+aMbGA5aXHN+yOHvF75cxTwIrgMG","privKey":"GBEFOTQMdRHzMhvVhkOhKJ60Kw3Lx9QYL/4wD44XcXw="},"lastRemoteEphemeralKey":"BdTa6UJnXUzQs9blNZJnnX0mrfUUseOUSexveaSP5Awx","previousCounter":0,"rootKey":"VtVDU2C28kqGVxAp/bwIZ3S3y+Dp2JmiZGXXg1FGooY="},"indexInfo":{"baseKey":"BXsb0StOWkGqWfk0BFRLoMH+tVcoftzx58qPkiyK/TYJ","baseKeyType":1,"closed":-1,"used":1676784467973,"created":1676784467973,"remoteIdentityKey":"Beowir8GTyHoYVA7hGFUdA+NDm7vBfCn4KsVFhci5OUB"},"_chains":{"BdJAK2HUv1TmcyZT+aMbGA5aXHN+yOHvF75cxTwIrgMG":{"chainKey":{"counter":0,"key":"UYfyRIYRwORzqYa2v2yFOLd0CuQPyA6GWKeR1II/tjE="},"chainType":1,"messageKeys":{}}},"pendingPreKey":{"signedKeyId":1,"baseKey":"BXsb0StOWkGqWfk0BFRLoMH+tVcoftzx58qPkiyK/TYJ","preKeyId":1080}}},"version":"v1"}