{"_sessions":{"BXrl5jsdx843oSHUxDO5YNZyCPFrmVqFgjtZ/H4pL9tW":{"registrationId":1522703113,"currentRatchet":{"ephemeralKeyPair":{"pubKey":"BQkIJNLfIc6e6rXALUO2XONQL6mKpZ6Tw1+Trx1MNjgS","privKey":"ePiC+x7RomB25DkjbSRZxjJjKtaCyBNqPWNwJPuCLG0="},"lastRemoteEphemeralKey":"Bcx27xD/ESQE5JjqT0dFHTsFYRlxmhypZC+fDoBNr0Z/","previousCounter":0,"rootKey":"KULsFr/pOisHLrkE5i7/hc1eSqkXn2f8YqqaUAcojf0="},"indexInfo":{"baseKey":"BXrl5jsdx843oSHUxDO5YNZyCPFrmVqFgjtZ/H4pL9tW","baseKeyType":1,"closed":-1,"used":1676784468549,"created":1676784468549,"remoteIdentityKey":"BfqsAYLa5xJJwFE95bDVDevu4j0DwajjhXzCdLYblMMZ"},"_chains":{"BQkIJNLfIc6e6rXALUO2XONQL6mKpZ6Tw1+Trx1MNjgS":{"chainKey":{"counter":0,"key":"kCHWs95avWeG43vTGpc9el2yyo7txkHLTGfuzgNLTrQ="},"chainType":1,"messageKeys":{}}},"pendingPreKey":{"signedKeyId":0,"baseKey":"BXrl5jsdx843oSHUxDO5YNZyCPFrmVqFgjtZ/H4pL9tW"}}},"version":"v1"}